{"loss": [1.5661978721618652, 1.2429994344711304, 1.1008249521255493, 1.036163330078125, 0.995244562625885, 0.963461697101593, 0.9355251789093018, 0.9195554852485657, 0.8913516402244568, 0.8721354603767395, 0.8511645793914795, 0.8350122570991516, 0.8161503672599792, 0.7962439656257629, 0.7765924334526062, 0.7557736039161682, 0.7407243251800537, 0.7187491655349731, 0.7002798318862915, 0.6805678606033325, 0.6602290272712708, 0.6386547684669495, 0.6217816472053528, 0.6106542348861694, 0.5906277894973755, 0.5691722631454468, 0.5556771755218506, 0.5441858768463135, 0.5303207039833069, 0.519802451133728, 0.5029439330101013, 0.48724257946014404, 0.4727652668952942, 0.45897772908210754, 0.4535691440105438, 0.4425193965435028, 0.4289652705192566, 0.42128273844718933, 0.4100959002971649, 0.40394410490989685, 0.3938843011856079, 0.38923269510269165, 0.37560129165649414, 0.3676638603210449, 0.3634345829486847, 0.3478471040725708, 0.34757256507873535, 0.34738701581954956, 0.3293481171131134, 0.3297741115093231], "accuracy": [0.37256571650505066, 0.552466630935669, 0.6059457063674927, 0.6315919756889343, 0.6469517350196838, 0.6586492657661438, 0.6673955321311951, 0.6738044023513794, 0.6825613975524902, 0.6893364787101746, 0.698718249797821, 0.702466607093811, 0.7086061835289001, 0.7143795490264893, 0.7223502993583679, 0.728694498538971, 0.734758734703064, 0.7416200041770935, 0.748115062713623, 0.7576475739479065, 0.7630331516265869, 0.7715963125228882, 0.7781020998954773, 0.7811934351921082, 0.7874945998191833, 0.7962300777435303, 0.8013787269592285, 0.8048039674758911, 0.8097264170646667, 0.8144980669021606, 0.8203468322753906, 0.8251399993896484, 0.8304717540740967, 0.8365036845207214, 0.8366221189498901, 0.8419000506401062, 0.8469194173812866, 0.8485135436058044, 0.855407178401947, 0.8562365174293518, 0.8606635332107544, 0.8614821434020996, 0.8667492270469666, 0.8698298335075378, 0.8700236678123474, 0.8773050308227539, 0.8775097131729126, 0.8783175349235535, 0.8833584785461426, 0.8833692669868469], "val_loss": [1.5044972896575928, 1.3541905879974365, 1.375488042831421, 1.3061256408691406, 1.275823950767517, 1.3134570121765137, 1.3820995092391968, 1.3504780530929565, 1.382144570350647, 1.309451699256897, 1.3278485536575317, 1.3897846937179565, 1.3478251695632935, 1.3871101140975952, 1.3544913530349731, 1.3898903131484985, 1.4420245885849, 1.4192484617233276, 1.5030763149261475, 1.5249571800231934, 1.4897379875183105, 1.615681767463684, 1.6104942560195923, 1.651478886604309, 1.6877634525299072, 1.7391693592071533, 1.7528257369995117, 1.6431434154510498, 1.7961742877960205, 1.7848994731903076, 1.9236944913864136, 1.8956165313720703, 1.9262157678604126, 2.0467336177825928, 1.9207549095153809, 1.9556297063827515, 2.1925125122070312, 2.1502790451049805, 2.0274479389190674, 2.2774336338043213, 2.1101808547973633, 2.1332108974456787, 2.309603452682495, 2.153118371963501, 2.2043797969818115, 2.2843265533447266, 2.2446398735046387, 2.2924294471740723, 2.484764575958252, 2.389805316925049], "val_accuracy": [0.42494213581085205, 0.5084490776062012, 0.5019097328186035, 0.5340856313705444, 0.544502317905426, 0.5395254492759705, 0.526562511920929, 0.5288194417953491, 0.5289351940155029, 0.5396990776062012, 0.5429976582527161, 0.5353587865829468, 0.5433449149131775, 0.5403356552124023, 0.5525463223457336, 0.5418402552604675, 0.5263310074806213, 0.5447916388511658, 0.5325231552124023, 0.5309606194496155, 0.5384837985038757, 0.5082754492759705, 0.5128472447395325, 0.5083912014961243, 0.525057852268219, 0.5254051089286804, 0.5197916626930237, 0.5313657522201538, 0.5153356194496155, 0.5221064686775208, 0.4947338104248047, 0.5246527791023254, 0.5015046000480652, 0.5111689567565918, 0.5354745388031006, 0.5157986283302307, 0.5151620507240295, 0.5145254731178284, 0.520370364189148, 0.5004050731658936, 0.5111111402511597, 0.5267939567565918, 0.4913773238658905, 0.5293402671813965, 0.5143518447875977, 0.5049189925193787, 0.5050347447395325, 0.5067708492279053, 0.503067135810852, 0.5024305582046509]}