{"loss": [1.497538447380066, 1.3443241119384766, 1.2791897058486938, 1.2306952476501465, 1.1934165954589844, 1.1603034734725952, 1.1356648206710815, 1.1145130395889282, 1.0938678979873657, 1.072953224182129, 1.060439944267273, 1.0476443767547607, 1.0358556509017944, 1.0263622999191284, 1.010223150253296, 0.9991101622581482, 1.007190465927124, 0.992449164390564, 0.9857272505760193, 0.9768909215927124, 0.9710742831230164, 0.9558315873146057, 0.9493373036384583, 0.9446167349815369, 0.9359428286552429, 0.9446619153022766, 0.9262695908546448, 0.9200013875961304, 0.913577139377594, 0.9046006202697754, 0.9501953721046448, 0.8956763744354248, 0.8899645209312439, 0.8844894766807556, 0.8822139501571655, 0.876422107219696, 0.8707355856895447, 0.8627951741218567, 0.8563309907913208, 0.8554277420043945, 0.8473841547966003, 0.8414536714553833, 0.8363849520683289, 0.8300484418869019, 0.8262366056442261, 0.8239455223083496, 0.8158602714538574, 0.8717960715293884, 0.8021493554115295, 0.7977317571640015], "accuracy": [0.431888610124588, 0.5178725123405457, 0.5392743349075317, 0.5603318214416504, 0.5754712820053101, 0.5869523286819458, 0.5970560312271118, 0.6054273843765259, 0.6143044829368591, 0.6213523149490356, 0.6261298060417175, 0.6307243704795837, 0.6338770985603333, 0.6384931802749634, 0.643141508102417, 0.6476607322692871, 0.6459929347038269, 0.6514267921447754, 0.6532237529754639, 0.6553972363471985, 0.6586037874221802, 0.6623267531394958, 0.6639838218688965, 0.666038990020752, 0.6716342568397522, 0.6655763387680054, 0.6730007529258728, 0.6746686100959778, 0.6777567267417908, 0.6811784505844116, 0.6639407873153687, 0.6852135062217712, 0.684632420539856, 0.6878820061683655, 0.6883554458618164, 0.6904106140136719, 0.6913359761238098, 0.6940798163414001, 0.6972647905349731, 0.6974799633026123, 0.7002022862434387, 0.7020314931869507, 0.7049044370651245, 0.705603837966919, 0.70725017786026, 0.7087027430534363, 0.7112314105033875, 0.689915657043457, 0.7166436910629272, 0.7168158888816833], "val_loss": [23.83654022216797, 6.542625904083252, 3.1869654655456543, 2.3795788288116455, 2.172390937805176, 1.4121886491775513, 1.3576035499572754, 1.4812874794006348, 1.789352536201477, 1.3890142440795898, 1.4402252435684204, 1.3381801843643188, 1.3633408546447754, 1.3068199157714844, 1.3046698570251465, 1.4271670579910278, 1.4168950319290161, 1.3243021965026855, 1.2774358987808228, 1.3764151334762573, 1.3215057849884033, 1.4650490283966064, 1.3613805770874023, 1.3338223695755005, 1.3805811405181885, 1.4732967615127563, 1.2858327627182007, 1.2779514789581299, 1.3142000436782837, 1.244080662727356, 1.2863389253616333, 1.3197845220565796, 1.4058541059494019, 1.3038235902786255, 1.4536381959915161, 1.4538516998291016, 1.4016588926315308, 1.3457887172698975, 1.6476632356643677, 1.2839609384536743, 1.3056387901306152, 1.509293556213379, 1.4179695844650269, 1.4745551347732544, 1.3507084846496582, 1.3689132928848267, 1.4289627075195312, 1.3024877309799194, 1.3883917331695557, 1.4573110342025757], "val_accuracy": [0.08498616516590118, 0.03943726792931557, 0.32529982924461365, 0.26181966066360474, 0.28943726420402527, 0.5020756721496582, 0.4956757426261902, 0.47359317541122437, 0.35678043961524963, 0.5055927038192749, 0.4842020273208618, 0.52934730052948, 0.522716760635376, 0.528886079788208, 0.5375345945358276, 0.49406135082244873, 0.5112431049346924, 0.5345941185951233, 0.5485470294952393, 0.5111854076385498, 0.5401868224143982, 0.49492618441581726, 0.5240429043769836, 0.5328643918037415, 0.5285977721214294, 0.49285054206848145, 0.5497578382492065, 0.5445687174797058, 0.5476245284080505, 0.5621540546417236, 0.5546010136604309, 0.5439345240592957, 0.5241005420684814, 0.5570226311683655, 0.5209294557571411, 0.5150484442710876, 0.526522159576416, 0.5453182458877563, 0.5145295262336731, 0.5565037131309509, 0.5581757426261902, 0.5352859497070312, 0.5452029705047607, 0.5317689180374146, 0.5445687174797058, 0.5482587814331055, 0.5356895923614502, 0.5552929043769836, 0.5520641207695007, 0.5279058814048767]}