{"loss": [1.3888471126556396, 1.171934962272644, 1.1029927730560303, 1.057464599609375, 1.0248548984527588, 1.002360463142395, 0.9795538783073425, 0.9654723405838013, 0.945038914680481, 0.9312066435813904, 0.9191115498542786, 0.9104568958282471, 0.8974170684814453, 0.8913388252258301, 0.8782301545143127, 0.8696165084838867, 0.864448606967926, 0.8560017943382263, 0.8482148051261902, 0.843508780002594, 0.8337017297744751, 0.8305255770683289, 0.8207746148109436, 0.8169276714324951, 0.8081903457641602, 0.8028139472007751, 0.7977442741394043, 0.7903504371643066, 0.7872987389564514, 0.7814207673072815, 0.7753199934959412, 0.7666363716125488, 0.7640601396560669, 0.7575914263725281, 0.7521330118179321, 0.7473056316375732, 0.7408050894737244, 0.732943594455719, 0.7265807390213013, 0.7221189737319946, 0.7163715958595276, 0.7120870351791382, 0.7003087401390076, 0.6961767673492432, 0.6932188272476196, 0.6837363243103027, 0.6803370118141174, 0.6727446913719177, 0.6640655994415283, 0.6551986932754517], "accuracy": [0.49513283371925354, 0.5818119049072266, 0.6087652444839478, 0.6268062591552734, 0.6376438736915588, 0.6448148488998413, 0.6547871232032776, 0.6586160063743591, 0.6656680107116699, 0.6700701117515564, 0.6742883324623108, 0.6773384213447571, 0.6815241575241089, 0.6840983629226685, 0.6885761618614197, 0.6908583641052246, 0.6917344331741333, 0.6957147121429443, 0.698472797870636, 0.6988621354103088, 0.704865038394928, 0.705221951007843, 0.707406759262085, 0.7103703618049622, 0.7134420871734619, 0.7146426439285278, 0.7158107757568359, 0.7170653939247131, 0.7204183340072632, 0.7214458584785461, 0.7243229150772095, 0.7261075377464294, 0.7267024517059326, 0.7304015159606934, 0.7319373488426208, 0.7343817353248596, 0.7355931401252747, 0.7381457090377808, 0.7405360341072083, 0.7415743470191956, 0.7435969710350037, 0.7456844449043274, 0.748615562915802, 0.7495565414428711, 0.7510383129119873, 0.755180835723877, 0.7574630379676819, 0.7596911191940308, 0.7622436881065369, 0.764752984046936], "val_loss": [1.5956227779388428, 1.4505488872528076, 1.3572003841400146, 1.3104991912841797, 1.7988969087600708, 1.6570706367492676, 1.3240108489990234, 1.3339508771896362, 1.6895464658737183, 1.526068091392517, 1.5730886459350586, 1.4165351390838623, 1.7477458715438843, 1.4407215118408203, 1.7104978561401367, 1.4269795417785645, 1.648747205734253, 1.5056790113449097, 1.370979905128479, 1.4039099216461182, 1.7342419624328613, 1.3278752565383911, 1.421572208404541, 1.2970800399780273, 1.3336551189422607, 1.3144274950027466, 1.5309336185455322, 1.3667311668395996, 1.497443437576294, 1.395279884338379, 1.321528673171997, 1.4729137420654297, 1.5501651763916016, 1.4157718420028687, 1.4346922636032104, 1.4673279523849487, 1.5272940397262573, 1.3474715948104858, 1.3917732238769531, 1.3927266597747803, 1.5946277379989624, 1.3358408212661743, 1.448667049407959, 1.5488413572311401, 1.482316493988037, 1.5029569864273071, 1.456571340560913, 1.4326190948486328, 1.4968976974487305, 1.5813148021697998], "val_accuracy": [0.3394886255264282, 0.4731889069080353, 0.5009469985961914, 0.5337949991226196, 0.39494556188583374, 0.5270478129386902, 0.5363991260528564, 0.5435014367103577, 0.5089370012283325, 0.5043797492980957, 0.5322561264038086, 0.5147963762283325, 0.4692826569080353, 0.5014204382896423, 0.4653764069080353, 0.5388257503509521, 0.44537168741226196, 0.5315459370613098, 0.531309187412262, 0.5381155014038086, 0.4420572817325592, 0.548768937587738, 0.5166311264038086, 0.568359375, 0.5579426884651184, 0.5662878751754761, 0.5037286877632141, 0.5455137491226196, 0.5204782485961914, 0.5264559388160706, 0.570253312587738, 0.5172230005264282, 0.5061553120613098, 0.533203125, 0.5482954382896423, 0.5260416865348816, 0.509706437587738, 0.5473484992980957, 0.5453953742980957, 0.5542731881141663, 0.5155066251754761, 0.5603693127632141, 0.5549834370613098, 0.5334990620613098, 0.5298887491226196, 0.5179924368858337, 0.5436198115348816, 0.5629143118858337, 0.5393584370613098, 0.49911221861839294]}