{
    "loss": [
        1.642480731010437,
        1.317578911781311,
        1.2070648670196533,
        1.0853841304779053,
        1.0454334020614624,
        1.0225995779037476,
        0.994592010974884,
        0.9776491522789001,
        0.9626429677009583,
        0.956138551235199,
        0.9369320273399353,
        0.9211863875389099,
        0.9084855318069458,
        0.9049336314201355,
        0.9353204369544983,
        0.8981913328170776,
        0.8984473347663879,
        0.872770369052887,
        0.8663650751113892,
        0.8563708662986755,
        0.8504676818847656,
        0.8426414132118225,
        0.8326493501663208,
        0.8278266191482544,
        0.8215025663375854,
        0.8132950663566589,
        0.8075366020202637,
        0.8074582815170288,
        0.7914538979530334,
        0.7872551083564758,
        0.779439389705658,
        0.7848840355873108,
        0.7765724658966064,
        0.7608271241188049,
        0.7585669159889221,
        0.7549715042114258,
        0.7496182322502136,
        0.7465493679046631,
        0.7375022768974304,
        0.7297027707099915,
        0.7232637405395508,
        0.7173228859901428,
        0.7213122844696045,
        0.7139537930488586,
        0.7091075778007507,
        0.6997073292732239,
        0.6950104832649231,
        0.688720703125,
        0.6880877017974854,
        0.6757340431213379
    ],
    "accuracy": [
        0.48184147477149963,
        0.574001133441925,
        0.5925902128219604,
        0.6238805651664734,
        0.6381964087486267,
        0.6444609761238098,
        0.6557198762893677,
        0.660240650177002,
        0.6646753549575806,
        0.6677215099334717,
        0.6732971668243408,
        0.6781516671180725,
        0.6823064684867859,
        0.6831998825073242,
        0.6754822134971619,
        0.686138391494751,
        0.6859877109527588,
        0.6934469938278198,
        0.6955459117889404,
        0.6995500922203064,
        0.7014122009277344,
        0.704200029373169,
        0.7052656412124634,
        0.7087531089782715,
        0.710044801235199,
        0.7135645151138306,
        0.7158464789390564,
        0.7165138125419617,
        0.7210776805877686,
        0.7213467955589294,
        0.724425196647644,
        0.7208946943283081,
        0.7251464128494263,
        0.7292043566703796,
        0.7306681871414185,
        0.7313678860664368,
        0.733456015586853,
        0.7347261905670166,
        0.7368466258049011,
        0.73964524269104,
        0.7423577308654785,
        0.7433479428291321,
        0.7424761056900024,
        0.7451347708702087,
        0.748137891292572,
        0.7496340274810791,
        0.7509256601333618,
        0.7541225552558899,
        0.7535735964775085,
        0.7578468322753906
    ],
    "val_loss": [
        1.5673174858093262,
        1.6514490842819214,
        1.4573814868927002,
        1.298981785774231,
        1.4418079853057861,
        1.3168894052505493,
        1.4092603921890259,
        1.3483089208602905,
        1.244296669960022,
        1.3418304920196533,
        1.349143147468567,
        1.3386119604110718,
        1.2791032791137695,
        1.356142282485962,
        1.4231821298599243,
        1.3466002941131592,
        1.3272024393081665,
        1.3548377752304077,
        1.398135781288147,
        1.318225622177124,
        1.3373465538024902,
        1.3401553630828857,
        1.288460612297058,
        1.3342914581298828,
        1.3480002880096436,
        1.3279691934585571,
        1.494567632675171,
        1.3326106071472168,
        1.301864743232727,
        1.3931525945663452,
        1.340795636177063,
        1.407405972480774,
        1.3018237352371216,
        1.2635092735290527,
        1.3531495332717896,
        1.2887601852416992,
        1.3163716793060303,
        1.4167673587799072,
        1.3427202701568604,
        1.4159719944000244,
        1.3695660829544067,
        1.4251161813735962,
        1.3563833236694336,
        1.381700873374939,
        1.4000751972198486,
        1.3868926763534546,
        1.384242057800293,
        1.3956356048583984,
        1.3665902614593506,
        1.405947208404541
    ],
    "val_accuracy": [
        0.4387107789516449,
        0.44459179043769836,
        0.4880073666572571,
        0.5547163486480713,
        0.513491690158844,
        0.5551199316978455,
        0.510897159576416,
        0.5193727016448975,
        0.5564460158348083,
        0.5520641207695007,
        0.5344211459159851,
        0.5349977016448975,
        0.5602513551712036,
        0.5439921617507935,
        0.5499884486198425,
        0.5245618224143982,
        0.5597324967384338,
        0.528886079788208,
        0.573627769947052,
        0.5668818950653076,
        0.5568496584892273,
        0.5530442595481873,
        0.5699954032897949,
        0.5543127059936523,
        0.5563307404518127,
        0.5656711459159851,
        0.511127769947052,
        0.5548316240310669,
        0.565094530582428,
        0.5680927038192749,
        0.5620387196540833,
        0.538341760635376,
        0.5738007426261902,
        0.5801429748535156,
        0.5584640502929688,
        0.5814691185951233,
        0.5750691890716553,
        0.5413976311683655,
        0.5713214874267578,
        0.5453759431838989,
        0.5584063529968262,
        0.5548316240310669,
        0.5713791251182556,
        0.5687845945358276,
        0.5741466879844666,
        0.5701106786727905,
        0.5653252005577087,
        0.5600784420967102,
        0.5702836513519287,
        0.5706295967102051
    ]
}