{
    "loss": [
        1.4637219905853271,
        1.1422545909881592,
        1.0671906471252441,
        1.0251926183700562,
        0.9793410301208496,
        0.9493338465690613,
        0.9247325658798218,
        0.9003944993019104,
        0.8837767243385315,
        0.877996027469635,
        0.8602124452590942,
        0.8430150151252747,
        0.838904082775116,
        0.8220087885856628,
        0.8004221320152283,
        0.7853062152862549,
        0.7714895009994507,
        0.7622771859169006,
        0.7468047738075256,
        0.7313165068626404,
        0.7198871374130249,
        0.7087805867195129,
        0.6947935223579407,
        0.6787205338478088,
        0.6643475294113159,
        0.6541171073913574,
        0.6388360261917114,
        0.6282091736793518,
        0.6106747388839722,
        0.6016700863838196,
        0.5862987041473389,
        0.5646606683731079,
        0.5606187582015991,
        0.5485345125198364,
        0.5368878245353699,
        0.5175706148147583,
        0.5025520324707031,
        0.4950498938560486,
        0.4881945848464966,
        0.484252393245697,
        0.4684649705886841,
        0.45010074973106384,
        0.44783347845077515,
        0.43645918369293213,
        0.43425822257995605,
        0.4187508225440979,
        0.40886572003364563,
        0.4016384482383728,
        0.40035754442214966,
        0.39127811789512634
    ],
    "accuracy": [
        0.5053262710571289,
        0.6063742637634277,
        0.6317250728607178,
        0.644594132900238,
        0.6593031883239746,
        0.6686967611312866,
        0.6751205325126648,
        0.6844494938850403,
        0.6904321312904358,
        0.6920246481895447,
        0.6981256008148193,
        0.7033550143241882,
        0.7047322988510132,
        0.7103490829467773,
        0.7188925743103027,
        0.7209692597389221,
        0.7268227338790894,
        0.7293944358825684,
        0.7343010306358337,
        0.7414887547492981,
        0.7446414828300476,
        0.7469334006309509,
        0.7525178790092468,
        0.7585327625274658,
        0.7626000642776489,
        0.7670332193374634,
        0.7717246413230896,
        0.7749634385108948,
        0.781365692615509,
        0.7857988476753235,
        0.7903611063957214,
        0.7963437438011169,
        0.7987001538276672,
        0.8037574291229248,
        0.807996928691864,
        0.8132585883140564,
        0.8188861012458801,
        0.8215223550796509,
        0.8254820704460144,
        0.8248687386512756,
        0.8312386870384216,
        0.8374364972114563,
        0.8402233719825745,
        0.8435912728309631,
        0.8451514840126038,
        0.8497030138969421,
        0.8542437553405762,
        0.8557178974151611,
        0.8550184965133667,
        0.8588491082191467
    ],
    "val_loss": [
        1.723697543144226,
        1.5514429807662964,
        1.395911693572998,
        1.4979180097579956,
        1.3507057428359985,
        1.3211402893066406,
        1.524652123451233,
        1.2946218252182007,
        1.4491536617279053,
        1.365095615386963,
        1.3930076360702515,
        1.4542629718780518,
        1.4579010009765625,
        1.407334327697754,
        1.414490818977356,
        1.4043080806732178,
        1.4059091806411743,
        1.4213141202926636,
        1.4197620153427124,
        1.40269136428833,
        1.599340796470642,
        1.4623215198516846,
        1.4408153295516968,
        1.4895148277282715,
        1.5578404664993286,
        1.6007697582244873,
        1.6394647359848022,
        1.6043202877044678,
        1.5944433212280273,
        1.6060110330581665,
        1.6646108627319336,
        1.6169496774673462,
        1.6035865545272827,
        1.6439768075942993,
        1.6890504360198975,
        1.7799662351608276,
        1.7517881393432617,
        1.723122239112854,
        1.8077558279037476,
        1.731190800666809,
        1.8274176120758057,
        1.945307731628418,
        1.8641061782836914,
        1.8738337755203247,
        1.8903491497039795,
        1.8993089199066162,
        1.9602142572402954,
        2.02577805519104,
        2.007704734802246,
        2.080371856689453
    ],
    "val_accuracy": [
        0.36202722787857056,
        0.44234317541122437,
        0.5462407469749451,
        0.49855858087539673,
        0.5185654759407043,
        0.5575991868972778,
        0.5080143213272095,
        0.5563307404518127,
        0.5349977016448975,
        0.5563307404518127,
        0.5386877059936523,
        0.5193150639533997,
        0.540475070476532,
        0.5297509431838989,
        0.5353436470031738,
        0.5461831092834473,
        0.55563884973526,
        0.5281941890716553,
        0.5476245284080505,
        0.5535631775856018,
        0.5250230431556702,
        0.5321148633956909,
        0.5547739863395691,
        0.5318265557289124,
        0.5262338519096375,
        0.5358048677444458,
        0.528886079788208,
        0.5318265557289124,
        0.5417435169219971,
        0.5394372940063477,
        0.5304428339004517,
        0.542377769947052,
        0.5439921617507935,
        0.5344787836074829,
        0.5370156764984131,
        0.5230627059936523,
        0.53315269947052,
        0.5313653349876404,
        0.5349400639533997,
        0.5377075672149658,
        0.5328067541122437,
        0.5085908770561218,
        0.5266951322555542,
        0.5362661480903625,
        0.5235816240310669,
        0.544280469417572,
        0.5268681049346924,
        0.5271563529968262,
        0.5212753415107727,
        0.4976937174797058
    ]
}