{
    "loss": [
        1.4198613166809082,
        1.2805486917495728,
        1.2311437129974365,
        1.198202133178711,
        1.163610816001892,
        1.1391068696975708,
        1.1209568977355957,
        1.104354739189148,
        1.0889743566513062,
        1.0797779560089111,
        1.067595362663269,
        1.053745150566101,
        1.0442088842391968,
        1.0314918756484985,
        1.023120641708374,
        1.0104918479919434,
        1.0039018392562866,
        0.9981867074966431,
        0.9864802360534668,
        0.9783053398132324,
        0.9715216159820557,
        0.9677331447601318,
        0.9593147039413452,
        0.956355631351471,
        0.9488912224769592,
        0.9451299905776978,
        0.9394393563270569,
        0.9351633191108704,
        0.9292990565299988,
        0.9240068793296814,
        0.9174846410751343,
        0.914730429649353,
        0.9075677394866943,
        0.9053708910942078,
        0.8998264670372009,
        0.8953043818473816,
        0.8914921879768372,
        0.8841275572776794,
        0.8841288089752197,
        0.8809987306594849,
        0.8781198263168335,
        0.871626615524292,
        0.8673573732376099,
        0.8652582764625549,
        0.8572998642921448,
        0.8564776182174683,
        0.8555715084075928,
        0.8464864492416382,
        0.8416563272476196,
        0.8403609991073608
    ],
    "accuracy": [
        0.4860931634902954,
        0.5470593571662903,
        0.5634849071502686,
        0.5771441459655762,
        0.589974582195282,
        0.5998019576072693,
        0.605980396270752,
        0.6126970052719116,
        0.6172823309898376,
        0.6235038042068481,
        0.626646876335144,
        0.63094162940979,
        0.6336756348609924,
        0.6401124000549316,
        0.6414148211479187,
        0.6467105746269226,
        0.6496706008911133,
        0.6507470011711121,
        0.6538577675819397,
        0.6585830450057983,
        0.6593796014785767,
        0.661004900932312,
        0.6641263961791992,
        0.6654934287071228,
        0.6663545370101929,
        0.6703693866729736,
        0.6706923246383667,
        0.6727805137634277,
        0.675213098526001,
        0.675094723701477,
        0.6786360144615173,
        0.6788943409919739,
        0.6816175580024719,
        0.6818113327026367,
        0.682188093662262,
        0.6848682761192322,
        0.6851158142089844,
        0.6895182132720947,
        0.6888723969459534,
        0.6911219954490662,
        0.6915956139564514,
        0.6944587826728821,
        0.6955243945121765,
        0.6953198909759521,
        0.6981723308563232,
        0.6998191475868225,
        0.6988934874534607,
        0.7012400031089783,
        0.7044798731803894,
        0.7030913829803467
    ],
    "val_loss": [
        4.066526412963867,
        14.490396499633789,
        3.375577449798584,
        2.153733730316162,
        3.261476993560791,
        1.4475820064544678,
        1.5065884590148926,
        1.4874147176742554,
        1.4051604270935059,
        1.7685225009918213,
        1.2946784496307373,
        1.3564159870147705,
        1.399368166923523,
        1.4153910875320435,
        1.387175440788269,
        1.491170883178711,
        1.312253713607788,
        1.3978129625320435,
        1.4538360834121704,
        1.4283803701400757,
        1.368524432182312,
        1.6519238948822021,
        1.499983787536621,
        1.4664639234542847,
        1.4041606187820435,
        1.3155689239501953,
        1.3874808549880981,
        1.2709437608718872,
        1.658685564994812,
        1.44327712059021,
        1.325961709022522,
        1.3299510478973389,
        1.3208519220352173,
        1.3231924772262573,
        1.321682333946228,
        1.3644802570343018,
        1.3606994152069092,
        1.311829924583435,
        1.2835700511932373,
        1.3327640295028687,
        1.2936387062072754,
        1.5050017833709717,
        1.2658640146255493,
        1.2461705207824707,
        1.3225606679916382,
        1.3868886232376099,
        1.2605273723602295,
        1.3962149620056152,
        1.2774800062179565,
        1.3779027462005615
    ],
    "val_accuracy": [
        0.13076567649841309,
        0.08492850512266159,
        0.19562961161136627,
        0.44591790437698364,
        0.4220479726791382,
        0.471113920211792,
        0.48379844427108765,
        0.47399675846099854,
        0.5136646628379822,
        0.39477628469467163,
        0.5334409475326538,
        0.5266374349594116,
        0.5285401344299316,
        0.5217942595481873,
        0.5175853371620178,
        0.4874308109283447,
        0.5334409475326538,
        0.5186231732368469,
        0.513261079788208,
        0.5028252005577087,
        0.528655469417572,
        0.4355396628379822,
        0.48276060819625854,
        0.5027675032615662,
        0.5058810114860535,
        0.5306734442710876,
        0.5181042551994324,
        0.5529866218566895,
        0.462119460105896,
        0.5,
        0.5435308814048767,
        0.5368427038192749,
        0.5394949316978455,
        0.5374769568443298,
        0.5456065535545349,
        0.5326914191246033,
        0.5341328382492065,
        0.5566189885139465,
        0.5678044557571411,
        0.5488929748535156,
        0.5480858087539673,
        0.5009801387786865,
        0.5559847950935364,
        0.5600784420967102,
        0.5549469590187073,
        0.5245041251182556,
        0.555408239364624,
        0.5313653349876404,
        0.5576568245887756,
        0.5326914191246033
    ]
}