{"loss": [2.303820848464966, 2.245306968688965, 2.369446277618408, 2.1390042304992676, 1.6546685695648193, 1.5146945714950562, 1.372930645942688, 1.3063557147979736, 1.2481154203414917, 1.2159109115600586, 1.1741533279418945, 1.1373533010482788, 1.1070306301116943, 1.067557692527771, 1.0387933254241943, 1.0133484601974487, 0.9811807870864868, 0.9565979838371277, 0.9377478361129761, 0.9082343578338623, 0.8908002376556396, 0.8514022827148438, 0.8265706300735474, 0.7962990403175354, 0.7714949250221252, 0.7486683130264282, 0.7186042070388794, 0.6861397624015808, 0.6704219579696655, 0.6431625485420227, 0.6286301016807556, 0.6067480444908142, 0.5778909921646118, 0.5592272281646729, 0.5382617712020874, 0.5164119601249695, 0.5018727779388428, 0.48101216554641724, 0.4523971378803253, 0.4599247872829437, 0.430815726518631, 0.416537344455719, 0.40016043186187744, 0.3764207363128662, 0.7835254669189453, 0.4926227331161499, 0.4044167995452881, 0.37752217054367065, 0.35491248965263367, 0.33838528394699097], "accuracy": [0.31444641947746277, 0.37003377079963684, 0.36400848627090454, 0.36718571186065674, 0.428283154964447, 0.45780855417251587, 0.4892660975456238, 0.5109629034996033, 0.5307705402374268, 0.5433506965637207, 0.5600956082344055, 0.5739209055900574, 0.5850269198417664, 0.5991527438163757, 0.6101871728897095, 0.6204488277435303, 0.6325709819793701, 0.6415159106254578, 0.6481852531433105, 0.6584468483924866, 0.6671055555343628, 0.6811741590499878, 0.6906629204750061, 0.7022984623908997, 0.7110859751701355, 0.7220345735549927, 0.732811450958252, 0.7439031600952148, 0.7510877251625061, 0.7593886256217957, 0.7658861875534058, 0.7735287547111511, 0.7839334607124329, 0.7919195294380188, 0.8000629544258118, 0.8080347180366516, 0.813974142074585, 0.8223608732223511, 0.8315920829772949, 0.8303182721138, 0.84163898229599, 0.8462331295013428, 0.8517431616783142, 0.8621765375137329, 0.7428297400474548, 0.8177095055580139, 0.8501688838005066, 0.8619762063026428, 0.8699908256530762, 0.8759875297546387], "val_loss": [2.1062252521514893, 16.56545066833496, 1.1246281862258911, 2.484513759613037, 1.8886687755584717, 1.793247103691101, 1.7461094856262207, 2.3351891040802, 1.4263840913772583, 1.5264253616333008, 1.244577407836914, 1.3837617635726929, 1.9368535280227661, 1.2621649503707886, 1.3385270833969116, 1.105370283126831, 1.2820441722869873, 1.046350359916687, 1.133309245109558, 1.4306076765060425, 1.3204020261764526, 1.278886079788208, 0.8694157600402832, 1.2419652938842773, 0.9591792225837708, 1.377665400505066, 0.962134599685669, 1.3220335245132446, 1.3569046258926392, 1.058336853981018, 1.1278685331344604, 1.2736119031906128, 1.1977663040161133, 1.3030675649642944, 1.2664746046066284, 1.56655752658844, 1.179784893989563, 1.0867875814437866, 1.548019528388977, 0.9627209901809692, 1.214956283569336, 1.0409941673278809, 1.367417812347412, 1.2417967319488525, 1.4814918041229248, 1.6013826131820679, 1.1848711967468262, 1.109299898147583, 1.2925201654434204, 1.4071532487869263], "val_accuracy": [0.24444444477558136, 0.0, 0.6814814805984497, 0.04444444552063942, 0.2074074000120163, 0.25925925374031067, 0.28148147463798523, 0.0962962955236435, 0.43703705072402954, 0.4148148000240326, 0.5407407283782959, 0.4592592716217041, 0.3185185194015503, 0.5629629492759705, 0.5555555820465088, 0.6518518328666687, 0.5629629492759705, 0.6666666865348816, 0.6222222447395325, 0.5111111402511597, 0.585185170173645, 0.5629629492759705, 0.7555555701255798, 0.585185170173645, 0.7111111283302307, 0.585185170173645, 0.6962962746620178, 0.6222222447395325, 0.5777778029441833, 0.7037037014961243, 0.6666666865348816, 0.6296296119689941, 0.6740740537643433, 0.614814817905426, 0.6592592597007751, 0.5629629492759705, 0.644444465637207, 0.6666666865348816, 0.6222222447395325, 0.7037037014961243, 0.6814814805984497, 0.6814814805984497, 0.6592592597007751, 0.644444465637207, 0.5333333611488342, 0.5925925970077515, 0.7111111283302307, 0.7111111283302307, 0.7185184955596924, 0.6888889074325562]}