{"loss": [1.380323886871338, 1.2050461769104004, 1.1371300220489502, 1.0972437858581543, 1.0673036575317383, 1.0410758256912231, 1.0185104608535767, 1.0005544424057007, 0.98529452085495, 0.9739466309547424, 0.9638634920120239, 0.9536306858062744, 0.9428287148475647, 0.9352951049804688, 0.9271492958068848, 0.9170581698417664, 0.9120795726776123, 0.9041232466697693, 0.8952330350875854, 0.8898366093635559, 0.8843420743942261, 0.879402220249176, 0.8723353743553162, 0.865675687789917, 0.8577784299850464, 0.852833092212677, 0.8470727801322937, 0.8427618145942688, 0.837488055229187, 0.8290014266967773, 0.8222268223762512, 0.8172994256019592, 0.8116004467010498, 0.8075224161148071, 0.7999244332313538, 0.7961875200271606, 0.7897266745567322, 0.7826665639877319, 0.7758381366729736, 0.7700570225715637, 0.7655208110809326, 0.7574663758277893, 0.7522779703140259, 0.7469875812530518, 0.7388338446617126, 0.7333349585533142, 0.726643443107605, 0.7194212079048157, 0.7169172763824463, 0.7074959874153137], "accuracy": [0.4984704852104187, 0.5711762309074402, 0.5944420695304871, 0.61065274477005, 0.6222425699234009, 0.6313442587852478, 0.6409090757369995, 0.6446682214736938, 0.652121901512146, 0.6558811068534851, 0.6591447591781616, 0.6628715991973877, 0.6665661334991455, 0.6688603758811951, 0.6715424656867981, 0.6749246120452881, 0.6764218211174011, 0.6805471777915955, 0.6828522086143494, 0.685124933719635, 0.6858358383178711, 0.6885824799537659, 0.6909521818161011, 0.6931926012039185, 0.6953360438346863, 0.6973610520362854, 0.7002584934234619, 0.700657069683075, 0.7021650075912476, 0.7044269442558289, 0.7068397402763367, 0.7099633812904358, 0.7112128138542175, 0.711934506893158, 0.7136471271514893, 0.7166092395782471, 0.7183218598365784, 0.721747100353241, 0.724526047706604, 0.7262925505638123, 0.7280590534210205, 0.7294377684593201, 0.7337247133255005, 0.7323136329650879, 0.7353834509849548, 0.7400473952293396, 0.7374407649040222, 0.7416200041770935, 0.7434618473052979, 0.7453683614730835], "val_loss": [3.082341432571411, 1.9722681045532227, 2.065464496612549, 1.3484658002853394, 1.5989545583724976, 2.9547042846679688, 1.4691787958145142, 1.344982385635376, 1.3373422622680664, 1.4000263214111328, 1.4117307662963867, 1.3662643432617188, 1.2760848999023438, 1.4215534925460815, 1.732781171798706, 1.2875216007232666, 1.3496689796447754, 1.2615123987197876, 1.3450932502746582, 1.448502540588379, 1.315024971961975, 1.4597036838531494, 1.366237998008728, 1.327571153640747, 1.3157638311386108, 1.3445950746536255, 1.422141671180725, 1.3356621265411377, 1.5411163568496704, 1.3171563148498535, 1.339164137840271, 1.3046051263809204, 1.3281757831573486, 1.427844524383545, 1.3976277112960815, 1.4374759197235107, 1.3588999509811401, 1.3122142553329468, 1.4768520593643188, 1.286033034324646, 1.3694206476211548, 1.3702770471572876, 1.4529379606246948, 1.3897870779037476, 1.4635730981826782, 1.3811613321304321, 1.4323785305023193, 1.5530670881271362, 1.4777354001998901, 1.4357736110687256], "val_accuracy": [0.34606480598449707, 0.31550925970077515, 0.36695602536201477, 0.514004647731781, 0.44594907760620117, 0.14537036418914795, 0.48501157760620117, 0.5228009223937988, 0.5317129492759705, 0.5005787014961243, 0.5122106671333313, 0.5106481313705444, 0.5504629611968994, 0.5034722089767456, 0.39108794927597046, 0.5507523417472839, 0.5346643328666687, 0.5522569417953491, 0.5376735925674438, 0.5249999761581421, 0.5385995507240295, 0.5164930820465088, 0.5282986164093018, 0.5357060432434082, 0.5495948791503906, 0.5484374761581421, 0.5057291388511658, 0.559374988079071, 0.4815972149372101, 0.5490161776542664, 0.5395833253860474, 0.5460069179534912, 0.5397569537162781, 0.5294560194015503, 0.5300347208976746, 0.5195601582527161, 0.5347800850868225, 0.5482060313224792, 0.5204861164093018, 0.5686342716217041, 0.5581018328666687, 0.5344907641410828, 0.518750011920929, 0.5480902791023254, 0.5261573791503906, 0.5442129373550415, 0.533622682094574, 0.5149884223937988, 0.5263888835906982, 0.5268518328666687]}