{"loss": [1.6112715005874634, 1.4080835580825806, 1.2044862508773804, 1.1130120754241943, 1.061616063117981, 1.0227543115615845, 0.9910510778427124, 0.9657689332962036, 0.9432479739189148, 0.9256956577301025, 0.913661777973175, 0.8959556818008423, 0.8752049207687378, 0.8614177703857422, 0.8420717120170593, 0.8278055191040039, 0.8175550103187561, 0.797111451625824, 0.7828577756881714, 0.764505922794342, 0.7527724504470825, 0.7376058101654053, 0.7264807820320129, 0.712446391582489, 0.6958383917808533, 0.6813453435897827, 0.6720253229141235, 0.6562520861625671, 0.6427992582321167, 0.6290799379348755, 0.6186411380767822, 0.6065195798873901, 0.5973556041717529, 0.589534342288971, 0.5760325193405151, 0.564832866191864, 0.5554119348526001, 0.5432639718055725, 0.5395675301551819, 0.5251994132995605, 0.527891218662262, 0.5120510458946228, 0.5025379061698914, 0.4967890977859497, 0.4890110492706299, 0.4828747808933258, 0.4734167456626892, 0.468325674533844, 0.45743870735168457, 0.4568675756454468], "accuracy": [0.3388766944408417, 0.4734779894351959, 0.5703306794166565, 0.6034078001976013, 0.622793436050415, 0.6367110013961792, 0.6481744647026062, 0.6565486788749695, 0.6635236144065857, 0.6704124808311462, 0.675116240978241, 0.6803151369094849, 0.686235249042511, 0.6923490762710571, 0.7007879018783569, 0.7051687836647034, 0.7087423801422119, 0.7138121128082275, 0.721798837184906, 0.7259321212768555, 0.730829656124115, 0.7354581356048584, 0.7411736845970154, 0.7449517846107483, 0.7523249983787537, 0.7561676502227783, 0.7587724924087524, 0.7651124000549316, 0.7700421810150146, 0.7742831110954285, 0.7780719995498657, 0.782840371131897, 0.7858757376670837, 0.7888142466545105, 0.7933458089828491, 0.7981680035591125, 0.8025057911872864, 0.8072203397750854, 0.8086627125740051, 0.8123438954353333, 0.8098790049552917, 0.815971314907074, 0.8205028772354126, 0.8235167264938354, 0.8253358602523804, 0.8284250497817993, 0.8300719261169434, 0.8329781293869019, 0.8361642360687256, 0.8383708000183105], "val_loss": [1.5780788660049438, 1.5230482816696167, 1.3718031644821167, 1.4062074422836304, 1.2902936935424805, 1.4130620956420898, 1.3187698125839233, 1.3901360034942627, 1.3746683597564697, 1.4250073432922363, 1.372978687286377, 1.3286627531051636, 1.4040327072143555, 1.3760610818862915, 1.4591927528381348, 1.3571850061416626, 1.4627705812454224, 1.494605541229248, 1.469094157218933, 1.483778953552246, 1.5619616508483887, 1.5256669521331787, 1.5046111345291138, 1.5436118841171265, 1.6294893026351929, 1.5995492935180664, 1.5943008661270142, 1.661096215248108, 1.6229223012924194, 1.8141331672668457, 1.7144675254821777, 1.6831188201904297, 1.7895708084106445, 1.8072161674499512, 1.8090540170669556, 1.895763874053955, 1.7918325662612915, 1.8263496160507202, 1.9154433012008667, 1.8279443979263306, 2.0170395374298096, 2.019291877746582, 1.8960715532302856, 1.9197869300842285, 2.106210470199585, 2.02728533744812, 2.088656425476074, 2.0273444652557373, 2.254469633102417, 2.1047494411468506], "val_accuracy": [0.3449607789516449, 0.4430927038192749, 0.5027675032615662, 0.49481087923049927, 0.5290013551712036, 0.511127769947052, 0.5275022983551025, 0.5205258131027222, 0.5318265557289124, 0.5206411480903625, 0.5220825672149658, 0.5446840524673462, 0.531019389629364, 0.5406480431556702, 0.5162592530250549, 0.5395525693893433, 0.520122230052948, 0.5168358087539673, 0.5210447311401367, 0.5125115513801575, 0.5174700021743774, 0.5140106081962585, 0.5305581092834473, 0.5159709453582764, 0.5169510841369629, 0.5041512846946716, 0.5177006721496582, 0.5102629065513611, 0.5125115513801575, 0.5102629065513611, 0.5157403349876404, 0.5047855377197266, 0.5065152049064636, 0.5142989158630371, 0.499884694814682, 0.502594530582428, 0.5166628360748291, 0.5058233141899109, 0.5162592530250549, 0.5164898633956909, 0.504727840423584, 0.49590635299682617, 0.5146448612213135, 0.5067458748817444, 0.5088214874267578, 0.5049585103988647, 0.507091760635376, 0.5070341229438782, 0.4853551685810089, 0.4900830388069153]}