{"loss": [1.6848088502883911, 1.2950729131698608, 1.2022862434387207, 1.1852138042449951, 1.1892393827438354, 1.0412864685058594, 0.9935487508773804, 0.9721165299415588, 0.946205198764801, 0.9353642463684082, 0.9202285408973694, 0.9030457139015198, 0.9096071124076843, 0.8941742777824402, 0.8770886063575745, 0.86058509349823, 0.859032392501831, 0.855011522769928, 0.8471611738204956, 0.8376265168190002, 0.8320131301879883, 0.8210239410400391, 0.816315233707428, 0.8009650111198425, 0.7909734845161438, 0.7859116196632385, 0.7757983803749084, 0.7709511518478394, 0.7633901834487915, 0.7502030730247498, 0.7492435574531555, 0.7461230158805847, 0.7270392179489136, 0.7223110198974609, 0.7179675698280334, 0.7067155241966248, 0.7003241777420044, 0.6935096383094788, 0.6842135787010193, 0.6772797107696533, 0.6705400347709656, 0.6683092713356018, 0.6629695892333984, 0.6498344540596008, 0.6434920430183411, 0.6645581722259521, 0.635865330696106, 0.6200287938117981, 0.6101307272911072, 0.6023072004318237], "accuracy": [0.4505889117717743, 0.5689770579338074, 0.599199652671814, 0.6043877601623535, 0.6025433540344238, 0.632636547088623, 0.6514798402786255, 0.6577573418617249, 0.6649193167686462, 0.6701397895812988, 0.6759966611862183, 0.6816701292991638, 0.6790598630905151, 0.6843990087509155, 0.6902450323104858, 0.6950880289077759, 0.6951096057891846, 0.696641206741333, 0.7003947496414185, 0.7035551071166992, 0.7060790657997131, 0.7089049816131592, 0.7101454138755798, 0.7161964178085327, 0.7186987400054932, 0.7214491963386536, 0.7264323830604553, 0.7256234288215637, 0.7266912460327148, 0.7330119013786316, 0.7335619926452637, 0.7353740334510803, 0.7407347559928894, 0.7440892457962036, 0.7435930371284485, 0.7471416592597961, 0.7490615844726562, 0.7518875598907471, 0.7536241412162781, 0.7566118836402893, 0.7585641741752625, 0.7596535682678223, 0.7634286880493164, 0.766092836856842, 0.7681206464767456, 0.7621667385101318, 0.7712054252624512, 0.7761886119842529, 0.7806864380836487, 0.7830377817153931], "val_loss": [1.92179274559021, 1.363216757774353, 1.4406601190567017, 1.7869385480880737, 1.50680673122406, 1.259350061416626, 1.4557253122329712, 1.3012104034423828, 1.2836683988571167, 1.2876365184783936, 1.3126541376113892, 1.2158433198928833, 1.4378771781921387, 1.557802677154541, 1.3468844890594482, 1.313854694366455, 1.339903473854065, 1.2858439683914185, 1.3147428035736084, 1.298702597618103, 1.2680937051773071, 1.3171913623809814, 1.2925606966018677, 1.2408630847930908, 1.3347442150115967, 1.3849656581878662, 1.2517067193984985, 1.2795661687850952, 1.2351205348968506, 1.3539496660232544, 1.2027696371078491, 1.286142349243164, 1.298781156539917, 1.272780179977417, 1.2564047574996948, 1.3885847330093384, 1.2587370872497559, 1.3084602355957031, 1.3218884468078613, 1.3211026191711426, 1.4067871570587158, 1.338085412979126, 1.3398690223693848, 1.3441773653030396, 1.3604170083999634, 1.42336106300354, 1.377045750617981, 1.390703558921814, 1.38219153881073, 1.4623570442199707], "val_accuracy": [0.4208255708217621, 0.5019822716712952, 0.48489972949028015, 0.36852845549583435, 0.4667094349861145, 0.5444263219833374, 0.5349230170249939, 0.5468167066574097, 0.5422108173370361, 0.5607509613037109, 0.54395991563797, 0.5619753003120422, 0.5201725959777832, 0.4683418869972229, 0.5358558893203735, 0.5564365386962891, 0.5464085936546326, 0.5634328126907349, 0.5600513219833374, 0.5514808893203735, 0.5725280046463013, 0.5574859976768494, 0.5689132213592529, 0.5773670673370361, 0.548041045665741, 0.5467584133148193, 0.5792327523231506, 0.5669309496879578, 0.5904267430305481, 0.5536380410194397, 0.59275883436203, 0.5605177283287048, 0.57713383436203, 0.5855293869972229, 0.5843633413314819, 0.5584771633148193, 0.5826142430305481, 0.5759094953536987, 0.5855293869972229, 0.5748017430305481, 0.5681552886962891, 0.5717117786407471, 0.5711287260055542, 0.5721198916435242, 0.5687966346740723, 0.5504897236824036, 0.5690298676490784, 0.5729361176490784, 0.5641907453536987, 0.5566114783287048]}