{
    "loss": [
        1.423066258430481,
        1.283105492591858,
        1.2357604503631592,
        1.2004450559616089,
        1.1727190017700195,
        1.1523070335388184,
        1.1373229026794434,
        1.119278907775879,
        1.1039410829544067,
        1.0889315605163574,
        1.0752679109573364,
        1.0613727569580078,
        1.0486841201782227,
        1.0411407947540283,
        1.029610514640808,
        1.0211453437805176,
        1.008353590965271,
        1.0002882480621338,
        0.9956551194190979,
        0.9842566251754761,
        0.97951340675354,
        0.9735444188117981,
        0.9655333161354065,
        0.9604958295822144,
        0.955865740776062,
        0.948964536190033,
        0.9443932175636292,
        0.941832959651947,
        0.9344698786735535,
        0.9284815192222595,
        0.9245666265487671,
        0.9191679954528809,
        0.9146945476531982,
        0.9120187163352966,
        0.9098225831985474,
        0.904888391494751,
        0.8964852094650269,
        0.8950948119163513,
        0.8885011076927185,
        0.8888219594955444,
        0.8776920437812805,
        0.8720422387123108,
        0.8714521527290344,
        0.8660549521446228,
        0.8619409203529358,
        0.8563247919082642,
        0.8519911170005798,
        0.8476564884185791,
        0.8431878685951233,
        0.8685556650161743
    ],
    "accuracy": [
        0.48785844445228577,
        0.5474468469619751,
        0.5639154314994812,
        0.5774993300437927,
        0.5874989032745361,
        0.5937741994857788,
        0.6005015969276428,
        0.6073258519172668,
        0.6131275296211243,
        0.6173254251480103,
        0.6228257417678833,
        0.6281861066818237,
        0.6325346827507019,
        0.6356561779975891,
        0.6389175653457642,
        0.6416623592376709,
        0.6479484438896179,
        0.6501873135566711,
        0.6511452794075012,
        0.6555476784706116,
        0.6559997200965881,
        0.6592504382133484,
        0.6611233353614807,
        0.6643308997154236,
        0.6648798584938049,
        0.666946530342102,
        0.6680336594581604,
        0.6689270734786987,
        0.6725329160690308,
        0.6737707853317261,
        0.6757190227508545,
        0.6785606741905212,
        0.6777964234352112,
        0.6802505850791931,
        0.6792603135108948,
        0.6815745234489441,
        0.6841363310813904,
        0.6851696372032166,
        0.687537670135498,
        0.687785267829895,
        0.6908206343650818,
        0.6933393478393555,
        0.6924136877059937,
        0.696148693561554,
        0.6966223120689392,
        0.6989580392837524,
        0.7002389430999756,
        0.6998729705810547,
        0.7011969089508057,
        0.6929411292076111
    ],
    "val_loss": [
        8.28404712677002,
        2.2268307209014893,
        4.4612226486206055,
        2.3452038764953613,
        2.466395854949951,
        6.194099426269531,
        1.5207245349884033,
        1.3716884851455688,
        1.4778813123703003,
        1.6846914291381836,
        1.7739179134368896,
        1.4679169654846191,
        1.4818614721298218,
        1.6180806159973145,
        1.4693894386291504,
        1.2951308488845825,
        1.366700530052185,
        1.379273533821106,
        1.3956173658370972,
        1.281246542930603,
        1.394119143486023,
        1.505336880683899,
        1.3789039850234985,
        1.2772290706634521,
        1.4040216207504272,
        1.4245091676712036,
        1.3382292985916138,
        1.279956340789795,
        1.2608916759490967,
        1.3787232637405396,
        1.6508811712265015,
        1.3568209409713745,
        1.3912487030029297,
        1.449158787727356,
        1.363188624382019,
        1.5063319206237793,
        1.4916995763778687,
        1.4086863994598389,
        1.5172576904296875,
        1.376901388168335,
        1.4227421283721924,
        1.3792368173599243,
        1.4607514142990112,
        1.4911725521087646,
        1.2540661096572876,
        1.338438630104065,
        1.4205337762832642,
        1.3472728729248047,
        1.4616535902023315,
        1.5656239986419678
    ],
    "val_accuracy": [
        0.3156134784221649,
        0.3425968587398529,
        0.28615084290504456,
        0.3993311822414398,
        0.34755533933639526,
        0.15538515150547028,
        0.44586023688316345,
        0.5138376355171204,
        0.515855610370636,
        0.37782517075538635,
        0.3914321959018707,
        0.49486854672431946,
        0.5051314830780029,
        0.42919743061065674,
        0.493254154920578,
        0.537649929523468,
        0.5160862803459167,
        0.5083602666854858,
        0.5106664896011353,
        0.5502191185951233,
        0.5205258131027222,
        0.4811462163925171,
        0.5209294557571411,
        0.5572532415390015,
        0.5263491868972778,
        0.5115313529968262,
        0.524850070476532,
        0.5387454032897949,
        0.5531595945358276,
        0.5172393918037415,
        0.45041513442993164,
        0.5307887196540833,
        0.5253113508224487,
        0.5072647333145142,
        0.5400714874267578,
        0.49504151940345764,
        0.5034593939781189,
        0.5231204032897949,
        0.49175506830215454,
        0.5319995284080505,
        0.5119926333427429,
        0.5276176333427429,
        0.5044395923614502,
        0.495387464761734,
        0.5607702732086182,
        0.5420318245887756,
        0.5109547972679138,
        0.549238920211792,
        0.5070341229438782,
        0.4820687174797058
    ]
}