{"loss": [1.446555256843567, 1.1669247150421143, 1.074471116065979, 1.0299361944198608, 0.995415985584259, 0.9683402180671692, 0.9448347687721252, 0.9230026006698608, 0.9028525948524475, 0.8855201005935669, 0.8667125701904297, 0.8483307361602783, 0.8253077268600464, 0.8057324886322021, 0.7883453369140625, 0.7698372006416321, 0.7487685680389404, 0.7338458299636841, 0.7097499370574951, 0.6926242709159851, 0.676998496055603, 0.6585566401481628, 0.6464436054229736, 0.6301733255386353, 0.6110469698905945, 0.5995449423789978, 0.5818917751312256, 0.5654587149620056, 0.5549183487892151, 0.5426265597343445, 0.5344472527503967, 0.5154163241386414, 0.5127928853034973, 0.5012291073799133, 0.49238479137420654, 0.4791792333126068, 0.4676835834980011, 0.4626871347427368, 0.4560289978981018, 0.4416796863079071, 0.43994539976119995, 0.4315013289451599, 0.4245772063732147, 0.4149094223976135, 0.40351152420043945, 0.400484174489975, 0.3961392045021057, 0.38629671931266785, 0.3846888542175293, 0.37810203433036804], "accuracy": [0.46183156967163086, 0.5867131948471069, 0.6215986609458923, 0.6371846199035645, 0.6487341523170471, 0.6600792407989502, 0.6673663258552551, 0.6748902201652527, 0.6821665167808533, 0.6865043640136719, 0.6933608651161194, 0.6998299360275269, 0.7093666791915894, 0.714877724647522, 0.721163809299469, 0.7259644269943237, 0.7341126203536987, 0.7404955625534058, 0.7495694756507874, 0.7537996172904968, 0.7594290971755981, 0.7670068144798279, 0.7712907791137695, 0.7757039666175842, 0.7829480171203613, 0.7876194715499878, 0.7931951284408569, 0.7986631393432617, 0.8023658990859985, 0.8066713809967041, 0.8085765838623047, 0.8177903890609741, 0.8173598647117615, 0.8233875632286072, 0.8242271542549133, 0.8301041722297668, 0.8353138566017151, 0.8363041281700134, 0.8384891748428345, 0.842848539352417, 0.844495415687561, 0.8471109867095947, 0.8504692912101746, 0.853300154209137, 0.856593906879425, 0.8579393625259399, 0.8600705862045288, 0.8626108765602112, 0.8645160794258118, 0.8659799098968506], "val_loss": [1.4101297855377197, 1.3440101146697998, 1.4027925729751587, 1.355772614479065, 1.4725397825241089, 1.3707830905914307, 1.3982621431350708, 1.3891944885253906, 1.366346001625061, 1.4610240459442139, 1.3633025884628296, 1.4387035369873047, 1.4471526145935059, 1.4199990034103394, 1.4100087881088257, 1.4391295909881592, 1.4809458255767822, 1.569421648979187, 1.564444661140442, 1.6435867547988892, 1.5771278142929077, 1.7222219705581665, 1.7759429216384888, 1.7146270275115967, 1.7230708599090576, 1.7406286001205444, 1.8916547298431396, 1.7842386960983276, 1.8358891010284424, 1.9193646907806396, 1.8791706562042236, 2.0055055618286133, 1.8605328798294067, 2.050813674926758, 1.988713026046753, 2.0465855598449707, 2.2601258754730225, 2.0691275596618652, 2.1680097579956055, 2.236020565032959, 2.3016207218170166, 2.1419546604156494, 2.3370494842529297, 2.206050157546997, 2.3318912982940674, 2.3388614654541016, 2.3055763244628906, 2.323756217956543, 2.479976177215576, 2.381728172302246], "val_accuracy": [0.48489391803741455, 0.5075530409812927, 0.5076106786727905, 0.5302121639251709, 0.49042895436286926, 0.5251960158348083, 0.5268104076385498, 0.5214483141899109, 0.5343634486198425, 0.5103782415390015, 0.5361508131027222, 0.5224285125732422, 0.5103205442428589, 0.5289437174797058, 0.5450876355171204, 0.5337868928909302, 0.5274446606636047, 0.5059962868690491, 0.5183925032615662, 0.49729013442993164, 0.5140682458877563, 0.49475324153900146, 0.5090520977973938, 0.5058233141899109, 0.5155673623085022, 0.5039206743240356, 0.48737314343452454, 0.5148178339004517, 0.5115313529968262, 0.5027675032615662, 0.49809733033180237, 0.5017873644828796, 0.502594530582428, 0.49734777212142944, 0.5157979726791382, 0.5005765557289124, 0.48022371530532837, 0.488872230052948, 0.4974631071090698, 0.4968288838863373, 0.49371540546417236, 0.49619466066360474, 0.4936577379703522, 0.5028252005577087, 0.5013837814331055, 0.49584871530532837, 0.4907172620296478, 0.5059386491775513, 0.4914091229438782, 0.4899677038192749]}