{"loss": [1.5558522939682007, 1.2371748685836792, 1.1050583124160767, 1.039671540260315, 0.9934594035148621, 0.9635267853736877, 0.9345337748527527, 0.9100772142410278, 0.8894843459129333, 0.8687698841094971, 0.847150444984436, 0.8247942328453064, 0.804843008518219, 0.7821125388145447, 0.760111927986145, 0.7409719228744507, 0.7152777314186096, 0.6925627589225769, 0.6764768362045288, 0.6490452289581299, 0.6303708553314209, 0.6106513738632202, 0.5957115292549133, 0.5727564096450806, 0.5557964444160461, 0.5338767170906067, 0.5212372541427612, 0.5066755414009094, 0.49431586265563965, 0.4758727252483368, 0.464773952960968, 0.4493921399116516, 0.4400429427623749, 0.42984911799430847, 0.4146810472011566, 0.4071630835533142, 0.3948792815208435, 0.39266878366470337, 0.37652623653411865, 0.3696497678756714, 0.359577476978302, 0.3473076820373535, 0.3430625796318054, 0.3407790958881378, 0.32480186223983765, 0.3249698877334595, 0.3201391100883484, 0.3088693618774414, 0.30513784289360046, 0.29730644822120667], "accuracy": [0.3783282935619354, 0.5555794835090637, 0.6072813272476196, 0.6297285556793213, 0.6473072171211243, 0.6581969261169434, 0.6688173413276672, 0.6754308342933655, 0.6826044917106628, 0.6906397938728333, 0.6972317695617676, 0.7064088582992554, 0.7133563160896301, 0.7214239835739136, 0.7275096774101257, 0.73601895570755, 0.7446790337562561, 0.7515403032302856, 0.75831538438797, 0.766792356967926, 0.7727919220924377, 0.7810103297233582, 0.7865898609161377, 0.7951098680496216, 0.800183117389679, 0.8085415959358215, 0.8128392696380615, 0.8186450004577637, 0.8244937658309937, 0.8309888243675232, 0.8342093825340271, 0.8398427367210388, 0.8417707681655884, 0.8457561135292053, 0.8537591695785522, 0.8542976975440979, 0.8599956631660461, 0.8596617579460144, 0.8658983111381531, 0.8698621392250061, 0.8725225925445557, 0.8755062222480774, 0.8785329461097717, 0.8797608613967896, 0.8849095106124878, 0.8855881094932556, 0.8876023292541504, 0.8917815685272217, 0.8932679891586304, 0.8951098918914795], "val_loss": [1.5033754110336304, 1.4066545963287354, 1.324065089225769, 1.2783973217010498, 1.324105143547058, 1.4098049402236938, 1.2710872888565063, 1.3899917602539062, 1.3536016941070557, 1.388922929763794, 1.3967536687850952, 1.381491780281067, 1.350107192993164, 1.366836428642273, 1.4931656122207642, 1.4770010709762573, 1.4695065021514893, 1.4720293283462524, 1.684220790863037, 1.5205943584442139, 1.6020915508270264, 1.6230682134628296, 1.649975299835205, 1.611629843711853, 1.7380818128585815, 1.7233943939208984, 1.6858192682266235, 1.751171588897705, 1.8816860914230347, 1.9442346096038818, 1.938482403755188, 1.9161845445632935, 2.0583605766296387, 1.9273076057434082, 2.0829339027404785, 2.1171138286590576, 2.145541191101074, 2.2003560066223145, 2.225193738937378, 2.165534019470215, 2.273810863494873, 2.315478801727295, 2.429741144180298, 2.347923994064331, 2.488513708114624, 2.3317556381225586, 2.578472852706909, 2.483896493911743, 2.5521247386932373, 2.5096960067749023], "val_accuracy": [0.43263888359069824, 0.49282407760620117, 0.5221643447875977, 0.5368055701255798, 0.543055534362793, 0.5236111283302307, 0.553935170173645, 0.532002329826355, 0.5360532402992249, 0.5155092477798462, 0.5341435074806213, 0.5283564925193787, 0.5385995507240295, 0.545254647731781, 0.524189829826355, 0.5259838104248047, 0.5287615656852722, 0.5292245149612427, 0.49432870745658875, 0.5326967835426331, 0.5232059955596924, 0.526504635810852, 0.518750011920929, 0.5431134104728699, 0.5135416388511658, 0.5255786776542664, 0.5291088223457336, 0.5142360925674438, 0.5175926089286804, 0.5135416388511658, 0.5098958611488342, 0.5160300731658936, 0.5229166746139526, 0.5273726582527161, 0.5093171000480652, 0.5115740895271301, 0.5167245268821716, 0.5094907283782959, 0.5157986283302307, 0.5247685313224792, 0.5145833492279053, 0.5184606313705444, 0.5181713104248047, 0.530497670173645, 0.5043981671333313, 0.5168402791023254, 0.5150462985038757, 0.5078703761100769, 0.518750011920929, 0.5083912014961243]}