{
    "loss": [
        1.475550889968872,
        1.1900815963745117,
        1.0903955698013306,
        1.0419425964355469,
        1.0083487033843994,
        0.9786428809165955,
        0.9547500014305115,
        0.9356024861335754,
        0.913800060749054,
        0.8978391885757446,
        0.8780557513237,
        0.8592437505722046,
        0.8450640439987183,
        0.8206323981285095,
        0.8074917793273926,
        0.7863224148750305,
        0.7687122821807861,
        0.7502402663230896,
        0.7326213121414185,
        0.7161245346069336,
        0.6963184475898743,
        0.6839220523834229,
        0.6670136451721191,
        0.6552043557167053,
        0.6410144567489624,
        0.6270871758460999,
        0.6151730418205261,
        0.6015149354934692,
        0.5908815860748291,
        0.5805503129959106,
        0.5673487186431885,
        0.55205899477005,
        0.543546199798584,
        0.5340129137039185,
        0.5231577754020691,
        0.5158289074897766,
        0.5033138990402222,
        0.496563583612442,
        0.4874000549316406,
        0.4804246723651886,
        0.47122862935066223,
        0.4644848108291626,
        0.4503173828125,
        0.4491878151893616,
        0.4390067160129547,
        0.4366198778152466,
        0.4235382080078125,
        0.4164382219314575,
        0.4187818765640259,
        0.4125276207923889
    ],
    "accuracy": [
        0.44351157546043396,
        0.5784357786178589,
        0.6149896383285522,
        0.6336971521377563,
        0.6452036499977112,
        0.6558813452720642,
        0.6649013757705688,
        0.6710690855979919,
        0.6781516671180725,
        0.681057870388031,
        0.6890661120414734,
        0.6958688497543335,
        0.7014229893684387,
        0.7089791893959045,
        0.7136399149894714,
        0.720496416091919,
        0.7261043787002563,
        0.733359158039093,
        0.73964524269104,
        0.7454469203948975,
        0.7530031204223633,
        0.7566950917243958,
        0.7613235116004944,
        0.7668453454971313,
        0.7713230848312378,
        0.7771893739700317,
        0.7810750603675842,
        0.7853267788887024,
        0.7910315990447998,
        0.7930982708930969,
        0.799233615398407,
        0.8033238649368286,
        0.805961012840271,
        0.8108800649642944,
        0.813420295715332,
        0.8156914710998535,
        0.8208042979240417,
        0.8227525353431702,
        0.8261430859565735,
        0.8291139006614685,
        0.8324076533317566,
        0.8344097137451172,
        0.8405235409736633,
        0.8400284051895142,
        0.8450443744659424,
        0.8445492386817932,
        0.8498019576072693,
        0.852126955986023,
        0.8533755540847778,
        0.8541182279586792
    ],
    "val_loss": [
        1.4576737880706787,
        1.4317799806594849,
        1.3873101472854614,
        1.338596224784851,
        1.3454631567001343,
        1.4068154096603394,
        1.3810769319534302,
        1.3743594884872437,
        1.3855934143066406,
        1.3765186071395874,
        1.3788723945617676,
        1.4710018634796143,
        1.4248228073120117,
        1.413390874862671,
        1.533238410949707,
        1.4357502460479736,
        1.485093355178833,
        1.5506759881973267,
        1.5954113006591797,
        1.5878994464874268,
        1.625373363494873,
        1.628618836402893,
        1.6643218994140625,
        1.7371195554733276,
        1.669080376625061,
        1.7281540632247925,
        1.7627779245376587,
        1.7184855937957764,
        1.7867478132247925,
        1.8208876848220825,
        1.7657864093780518,
        1.920332670211792,
        1.892593264579773,
        1.916663646697998,
        1.9547123908996582,
        2.015571117401123,
        1.9250131845474243,
        2.1477928161621094,
        2.1490235328674316,
        2.0237889289855957,
        2.1638355255126953,
        2.0650177001953125,
        2.1310770511627197,
        2.1871089935302734,
        2.150454521179199,
        2.205271005630493,
        2.217072010040283,
        2.2057294845581055,
        2.146481990814209,
        2.3088316917419434
    ],
    "val_accuracy": [
        0.46696263551712036,
        0.48627766966819763,
        0.5059962868690491,
        0.524850070476532,
        0.533613920211792,
        0.5145295262336731,
        0.5091097950935364,
        0.5292320251464844,
        0.5115313529968262,
        0.5343058109283447,
        0.5285977721214294,
        0.5209870934486389,
        0.526752769947052,
        0.5236393213272095,
        0.5001153349876404,
        0.5287131071090698,
        0.5183348655700684,
        0.5115313529968262,
        0.5187961459159851,
        0.5037477016448975,
        0.5053620934486389,
        0.5091674327850342,
        0.4891605079174042,
        0.4990198314189911,
        0.5061692595481873,
        0.5025368928909302,
        0.5149331092834473,
        0.5261185169219971,
        0.5001153349876404,
        0.49042895436286926,
        0.5061692595481873,
        0.49959641695022583,
        0.4975207448005676,
        0.5053620934486389,
        0.48702722787857056,
        0.4945802688598633,
        0.5056503415107727,
        0.4969441890716553,
        0.48500922322273254,
        0.5110701322555542,
        0.5008648633956909,
        0.5047855377197266,
        0.500230610370636,
        0.491005539894104,
        0.49400368332862854,
        0.49475324153900146,
        0.499884694814682,
        0.502363920211792,
        0.5003459453582764,
        0.486738920211792
    ]
}