{"loss": [1.5999711751937866, 1.1534503698349, 1.0449209213256836, 0.9892020225524902, 0.9472024440765381, 0.9193507432937622, 0.9052431583404541, 0.8787614107131958, 0.8545606136322021, 0.8310480117797852, 0.8099589347839355, 0.7855142951011658, 0.7633621692657471, 0.7256643772125244, 0.6828368306159973, 0.6847407221794128, 0.6299367547035217, 0.5956388711929321, 0.5649670362472534, 0.5355701446533203, 0.49596187472343445, 0.4641852378845215, 0.4343779385089874, 0.40307527780532837, 0.3761520981788635, 0.3479272127151489, 0.33580586314201355, 0.3122415542602539, 0.29001906514167786, 0.26804548501968384, 0.24891667068004608, 0.238820418715477, 0.22039373219013214, 0.21107369661331177, 0.2009732574224472, 0.18771810829639435, 0.18245069682598114, 0.17541460692882538, 0.16962653398513794, 0.15980854630470276, 0.15842044353485107, 0.142637699842453, 0.14170312881469727, 0.14091739058494568, 0.13653957843780518, 0.13432100415229797, 0.12524397671222687, 0.12682214379310608, 0.12148400396108627, 0.1184372678399086], "accuracy": [0.48496583104133606, 0.5898589491844177, 0.630591869354248, 0.6501254439353943, 0.6658843159675598, 0.677738606929779, 0.6867699027061462, 0.6945574283599854, 0.7035887241363525, 0.7109219431877136, 0.7199532985687256, 0.7251665592193604, 0.7331811785697937, 0.7422882318496704, 0.7571818232536316, 0.7557973265647888, 0.7749848365783691, 0.7863199710845947, 0.7991801500320435, 0.808319628238678, 0.8222830295562744, 0.835132360458374, 0.8464025855064392, 0.8561802506446838, 0.8659470677375793, 0.8777797222137451, 0.8818140625953674, 0.889926016330719, 0.8978216648101807, 0.9059336185455322, 0.913212776184082, 0.9166306257247925, 0.9225361347198486, 0.9268733263015747, 0.9300965070724487, 0.9359046220779419, 0.9366834163665771, 0.9395712614059448, 0.9422644376754761, 0.9463636875152588, 0.9455741047859192, 0.9511443376541138, 0.9517175555229187, 0.9522691965103149, 0.954464852809906, 0.9546486735343933, 0.9582828879356384, 0.9566820859909058, 0.9587587714195251, 0.9606190919876099], "val_loss": [2.4260568618774414, 1.820762276649475, 1.383165955543518, 1.314185619354248, 1.3241283893585205, 1.4919558763504028, 1.499821424484253, 1.389975666999817, 1.2683533430099487, 1.4229093790054321, 1.5335971117019653, 1.4800087213516235, 1.6259890794754028, 1.382563829421997, 1.4955545663833618, 1.637998342514038, 1.5163341760635376, 1.710816740989685, 1.7865601778030396, 1.6698206663131714, 1.7081791162490845, 1.9376293420791626, 1.9138145446777344, 1.936275601387024, 1.8784458637237549, 1.9719752073287964, 2.0839123725891113, 2.0077121257781982, 2.340108633041382, 2.1653404235839844, 2.4493205547332764, 2.4312314987182617, 2.3143694400787354, 2.566089153289795, 2.633169651031494, 2.5917983055114746, 2.9052395820617676, 2.7541420459747314, 2.6321017742156982, 2.6874563694000244, 2.8927834033966064, 2.8231277465820312, 2.724482297897339, 2.8089675903320312, 3.089940071105957, 3.1901865005493164, 3.02301287651062, 2.8926095962524414, 2.906602144241333, 3.0786232948303223], "val_accuracy": [0.2907196879386902, 0.3950639069080353, 0.5027225613594055, 0.5439748764038086, 0.5406013131141663, 0.5187618136405945, 0.5320194363594055, 0.5422585010528564, 0.5536813735961914, 0.5187026262283325, 0.4779829680919647, 0.5360440611839294, 0.48703834414482117, 0.5491240620613098, 0.5450402498245239, 0.5028409361839294, 0.5309540629386902, 0.5148555636405945, 0.5160984992980957, 0.535215437412262, 0.5161576867103577, 0.5055042505264282, 0.5165719985961914, 0.5130800008773804, 0.5261600613594055, 0.5318418741226196, 0.5233191251754761, 0.5368726253509521, 0.523378312587738, 0.5340909361839294, 0.5189985632896423, 0.5069246888160706, 0.5413115620613098, 0.51953125, 0.5066288113594055, 0.5216027498245239, 0.5203006863594055, 0.5150331258773804, 0.5462239384651184, 0.5276396870613098, 0.5250946879386902, 0.5276396870613098, 0.5344460010528564, 0.5304213762283325, 0.5089961886405945, 0.5408380627632141, 0.5159209370613098, 0.5319602489471436, 0.5262784361839294, 0.5301846861839294]}