{"loss": [1.6641004085540771, 1.3024845123291016, 1.203255295753479, 1.1444635391235352, 1.025502324104309, 0.9900333285331726, 0.9686971306800842, 0.9530377388000488, 0.9404838681221008, 0.9312176704406738, 0.9284477829933167, 0.912638247013092, 0.887487530708313, 0.8872116208076477, 0.8731649518013, 0.8674384355545044, 0.8503366112709045, 0.8501408696174622, 0.8316378593444824, 0.8268690705299377, 0.8178507685661316, 0.8337588310241699, 0.8079707026481628, 0.7902792096138, 0.780549943447113, 0.7772847414016724, 0.7752111554145813, 0.7642638683319092, 0.7507374882698059, 0.745785653591156, 0.7408899068832397, 0.7376348972320557, 0.729424774646759, 0.7146838903427124, 0.7017512321472168, 0.7023077607154846, 0.7059494853019714, 0.6919023394584656, 0.6793237328529358, 0.668560802936554, 0.6680047512054443, 0.6540752649307251, 0.6491485238075256, 0.6453298330307007, 0.6356204152107239, 0.6252643465995789, 0.6175423264503479, 0.6165040135383606, 0.604564905166626, 0.6064676642417908], "accuracy": [0.45095863938331604, 0.5688819289207458, 0.5956268906593323, 0.612354576587677, 0.6407582759857178, 0.6505062580108643, 0.6590155363082886, 0.6650905013084412, 0.6709284782409668, 0.672878086566925, 0.6764649152755737, 0.6799116730690002, 0.6869452595710754, 0.6884424686431885, 0.6914691925048828, 0.6958315372467041, 0.6992459893226624, 0.7003769874572754, 0.7071197628974915, 0.710232675075531, 0.7108466029167175, 0.7063765525817871, 0.7158552408218384, 0.7201313972473145, 0.7243645191192627, 0.7239444255828857, 0.7255277633666992, 0.7279728651046753, 0.7313657999038696, 0.7367083430290222, 0.7368267774581909, 0.7372791767120361, 0.7417277097702026, 0.7449052333831787, 0.7500969171524048, 0.7493537068367004, 0.7488043904304504, 0.7528005242347717, 0.7579060792922974, 0.7600495219230652, 0.7603942155838013, 0.7667384743690491, 0.7682464718818665, 0.7682464718818665, 0.7720163464546204, 0.774289071559906, 0.7783606052398682, 0.7776066064834595, 0.7840801477432251, 0.7806872129440308], "val_loss": [3.0847995281219482, 1.4302006959915161, 1.449738621711731, 1.3854060173034668, 1.2377774715423584, 1.2218016386032104, 1.2798881530761719, 1.451096534729004, 1.2426433563232422, 1.476805567741394, 1.418251395225525, 1.2747600078582764, 1.4488824605941772, 1.3067739009857178, 1.2005341053009033, 1.3860450983047485, 1.2613873481750488, 1.2551941871643066, 1.3471425771713257, 1.2510648965835571, 1.261673927307129, 1.2376621961593628, 1.2188873291015625, 1.3195390701293945, 1.3037599325180054, 1.3193793296813965, 1.339732050895691, 1.2637624740600586, 1.32266366481781, 1.3129230737686157, 1.3096747398376465, 1.268097162246704, 1.334975242614746, 1.2710260152816772, 1.307686686515808, 1.3161348104476929, 1.3658114671707153, 1.3182016611099243, 1.2663236856460571, 1.2942038774490356, 1.3290005922317505, 1.3349571228027344, 1.3344759941101074, 1.2836765050888062, 1.3421549797058105, 1.3690749406814575, 1.3170242309570312, 1.3295304775238037, 1.325736165046692, 1.364930272102356], "val_accuracy": [0.3087962865829468, 0.5008680820465088, 0.4758101999759674, 0.5185763835906982, 0.5550925731658936, 0.569560170173645, 0.5609375238418579, 0.49878472089767456, 0.5615162253379822, 0.5236690044403076, 0.5179398059844971, 0.5623263716697693, 0.5083333253860474, 0.5505208373069763, 0.5742476582527161, 0.5378472208976746, 0.5670717358589172, 0.567187488079071, 0.5493055582046509, 0.5846643447875977, 0.5699653029441833, 0.5755208134651184, 0.576504647731781, 0.5612268447875977, 0.569560170173645, 0.5709490776062012, 0.5681134462356567, 0.5826967358589172, 0.5720486044883728, 0.5638889074325562, 0.5793402791023254, 0.5833333134651184, 0.5651041865348816, 0.5687500238418579, 0.5803819298744202, 0.5784143805503845, 0.5615162253379822, 0.5814236402511597, 0.5880208611488342, 0.5822337865829468, 0.5661458373069763, 0.5723379850387573, 0.5771991014480591, 0.5925925970077515, 0.5686342716217041, 0.5745949149131775, 0.5907407402992249, 0.5847800970077515, 0.5847222208976746, 0.5756365656852722]}