{"loss": [1.7037009000778198, 1.3004080057144165, 1.1965761184692383, 1.1353145837783813, 1.0953986644744873, 1.0645346641540527, 1.054634690284729, 1.0320521593093872, 1.0007461309432983, 0.9864293932914734, 0.9700000286102295, 0.9149718880653381, 0.8886902332305908, 0.8779302835464478, 0.8644925951957703, 0.8562347292900085, 0.8444015383720398, 0.8496676087379456, 0.8410809636116028, 0.8251843452453613, 0.8158254027366638, 0.8148704767227173, 0.8005704879760742, 0.7878545522689819, 0.7846076488494873, 0.7788153886795044, 0.765415370464325, 0.7713823318481445, 0.7551295161247253, 0.7426807880401611, 0.739812433719635, 0.7226236462593079, 0.7262356281280518, 0.7153587937355042, 0.7202981114387512, 0.7125765681266785, 0.6943010687828064, 0.6827408671379089, 0.674311101436615, 0.6678143739700317, 0.6540547609329224, 0.6479587554931641, 0.6473140716552734, 0.6368024349212646, 0.6607179045677185, 0.631432831287384, 0.6188348531723022, 0.6039113998413086, 0.5993022918701172, 0.5955867767333984], "accuracy": [0.4450017213821411, 0.5671541690826416, 0.6011627316474915, 0.6238458752632141, 0.6362606883049011, 0.6462162137031555, 0.6484489440917969, 0.6533889770507812, 0.6611873507499695, 0.6655017733573914, 0.6670657396316528, 0.6799335479736328, 0.6883790493011475, 0.6893282532691956, 0.6938907504081726, 0.696673572063446, 0.7022930979728699, 0.7005565762519836, 0.7020666003227234, 0.706920325756073, 0.7095305919647217, 0.7119574546813965, 0.7147834300994873, 0.7206833958625793, 0.7206186652183533, 0.7234770059585571, 0.725968599319458, 0.7246527075767517, 0.7313292622566223, 0.7341120839118958, 0.7359457015991211, 0.7415976524353027, 0.739289402961731, 0.7440568804740906, 0.7439382076263428, 0.7444775104522705, 0.7506148219108582, 0.7543899416923523, 0.7583807706832886, 0.7606566548347473, 0.7641297578811646, 0.766459584236145, 0.7665458917617798, 0.7710436582565308, 0.7605164647102356, 0.7722301483154297, 0.7774829864501953, 0.7822072505950928, 0.7836418151855469, 0.7852489352226257], "val_loss": [1.7190062999725342, 1.4292371273040771, 1.6851831674575806, 1.4688811302185059, 1.341795563697815, 1.4753338098526, 1.4122885465621948, 1.4453896284103394, 1.3161115646362305, 1.461317539215088, 1.2987803220748901, 1.2532743215560913, 1.299303412437439, 1.3186657428741455, 1.3933525085449219, 1.2199881076812744, 1.3316431045532227, 1.3819080591201782, 1.263588786125183, 1.3906697034835815, 1.3351540565490723, 1.3328074216842651, 1.3354634046554565, 1.4236645698547363, 1.3144828081130981, 1.397165298461914, 1.3830426931381226, 1.3349130153656006, 1.326202630996704, 1.3035943508148193, 1.2636041641235352, 1.337049126625061, 1.3936480283737183, 1.3018451929092407, 1.339019775390625, 1.3004040718078613, 1.4779388904571533, 1.3286125659942627, 1.3157601356506348, 1.2711085081100464, 1.3469882011413574, 1.3606116771697998, 1.3452260494232178, 1.6022993326187134, 1.428471326828003, 1.411798119544983, 1.431350827217102, 1.3212722539901733, 1.3879421949386597, 1.3852076530456543], "val_accuracy": [0.3392024338245392, 0.4868820011615753, 0.48513293266296387, 0.49930036067962646, 0.5289179086685181, 0.4755130708217621, 0.49189600348472595, 0.48775652050971985, 0.5454757213592529, 0.5030317306518555, 0.5419192910194397, 0.5599930286407471, 0.5657066106796265, 0.5569612979888916, 0.5398787260055542, 0.5748017430305481, 0.5483325719833374, 0.5117770433425903, 0.5706040263175964, 0.5485074520111084, 0.583197295665741, 0.5575442910194397, 0.5557369589805603, 0.5442513823509216, 0.567572295665741, 0.557427704334259, 0.56739741563797, 0.568971574306488, 0.5739855170249939, 0.5732859373092651, 0.579465925693512, 0.5700792670249939, 0.5528801083564758, 0.5839552283287048, 0.544134795665741, 0.5685051083564758, 0.5864621996879578, 0.5631996393203735, 0.5692630410194397, 0.5892607569694519, 0.5801072716712952, 0.5734025239944458, 0.5814482569694519, 0.5044892430305481, 0.5655900239944458, 0.5710121393203735, 0.5693796873092651, 0.5812150239944458, 0.572877824306488, 0.5811567306518555]}