{"loss": [1.4042562246322632, 1.1381444931030273, 1.0567712783813477, 0.9862082004547119, 0.945607602596283, 0.9143471717834473, 0.8902876377105713, 0.8784200549125671, 0.8541112542152405, 0.8281750082969666, 0.8029961585998535, 0.7902269959449768, 0.7594780921936035, 0.752258837223053, 0.7019381523132324, 0.6685504913330078, 0.652946949005127, 0.6307073831558228, 0.5892356634140015, 0.572324812412262, 0.5315041542053223, 0.5074508786201477, 0.4811454117298126, 0.45207515358924866, 0.4368930757045746, 0.4271679222583771, 0.40321242809295654, 0.37792539596557617, 0.34956929087638855, 0.33862271904945374, 0.3347487449645996, 0.31310540437698364, 0.2944968044757843, 0.2906094193458557, 0.26843908429145813, 0.26857832074165344, 0.24027752876281738, 0.23894833028316498, 0.23084138333797455, 0.22910654544830322, 0.21756905317306519, 0.21761058270931244, 0.20563209056854248, 0.19403423368930817, 0.19038636982440948, 0.18604516983032227, 0.1756042093038559, 0.1820375621318817, 0.17450068891048431, 0.17111001908779144], "accuracy": [0.5193774104118347, 0.6054933071136475, 0.6341447830200195, 0.658972442150116, 0.6711223721504211, 0.6797285676002502, 0.6877854466438293, 0.6939250230789185, 0.7003877758979797, 0.7088862657546997, 0.7188065648078918, 0.723373532295227, 0.7328630089759827, 0.7350064516067505, 0.7503877878189087, 0.7617729306221008, 0.7685480117797852, 0.7760986685752869, 0.7902628183364868, 0.7944312691688538, 0.8101357221603394, 0.8197652101516724, 0.8303856253623962, 0.837699294090271, 0.8445497751235962, 0.8486643433570862, 0.8562042117118835, 0.8649073839187622, 0.8760232925415039, 0.8790607452392578, 0.8822166919708252, 0.8888517618179321, 0.8956484198570251, 0.8985458612442017, 0.9047393202781677, 0.905353307723999, 0.9153382182121277, 0.9164368510246277, 0.9186449646949768, 0.9201960563659668, 0.924030601978302, 0.9234597086906433, 0.9290391802787781, 0.9323028922080994, 0.934026300907135, 0.9361482262611389, 0.9389379620552063, 0.9374299645423889, 0.9391318559646606, 0.9415014982223511], "val_loss": [1.537443995475769, 1.5195857286453247, 1.4427305459976196, 1.472454309463501, 1.2973135709762573, 1.426034688949585, 1.3603777885437012, 1.3735979795455933, 1.31112802028656, 1.3037375211715698, 1.3951340913772583, 1.3757551908493042, 1.376799464225769, 1.4358086585998535, 1.4619741439819336, 1.4403594732284546, 1.5380077362060547, 1.4751677513122559, 1.5997825860977173, 1.6380462646484375, 1.8023310899734497, 1.7131991386413574, 1.7363815307617188, 1.7940424680709839, 1.7960395812988281, 1.8823907375335693, 1.9874792098999023, 2.019087076187134, 1.919053554534912, 2.153289556503296, 2.161726713180542, 2.0856564044952393, 2.1262929439544678, 2.185215711593628, 2.429252862930298, 2.341554880142212, 2.4616711139678955, 2.5552563667297363, 2.5777156352996826, 2.507117509841919, 2.552504062652588, 2.4515140056610107, 2.511981725692749, 2.3896570205688477, 2.6989707946777344, 2.6381049156188965, 2.731937885284424, 2.662057638168335, 2.7122693061828613, 2.728691339492798], "val_accuracy": [0.4767360985279083, 0.4757523238658905, 0.49971064925193787, 0.4965856373310089, 0.5476852059364319, 0.5126736164093018, 0.5407407283782959, 0.5289930701255798, 0.559432864189148, 0.5623263716697693, 0.5407986044883728, 0.5487268567085266, 0.5572916865348816, 0.542881965637207, 0.5222222208976746, 0.5448495149612427, 0.5291088223457336, 0.546875, 0.5480324029922485, 0.538310170173645, 0.5234375, 0.5252314805984497, 0.5249999761581421, 0.5423032641410828, 0.5461805462837219, 0.5357060432434082, 0.5025463104248047, 0.5105323791503906, 0.5501157641410828, 0.5267361402511597, 0.5227430462837219, 0.5342592597007751, 0.5334490537643433, 0.534375011920929, 0.5335648059844971, 0.5399883985519409, 0.5149884223937988, 0.5221643447875977, 0.5098958611488342, 0.5407986044883728, 0.5299768447875977, 0.5286458134651184, 0.5301504731178284, 0.535937488079071, 0.515625, 0.5236111283302307, 0.5299189686775208, 0.5432870388031006, 0.5170717835426331, 0.5425347089767456]}