{"loss": [1.5625253915786743, 1.2783775329589844, 1.1642537117004395, 1.1069573163986206, 1.0645616054534912, 1.040832281112671, 1.0213265419006348, 1.0041720867156982, 0.9825406670570374, 0.9678536057472229, 0.9606406688690186, 0.9463474750518799, 0.9323031902313232, 0.9470140933990479, 0.9258262515068054, 0.9123179912567139, 0.9001256823539734, 0.8970675468444824, 0.8817572593688965, 0.8700793385505676, 0.8703998327255249, 0.854131817817688, 0.8522375226020813, 0.8440676927566528, 0.835259199142456, 0.8240975141525269, 0.8261944055557251, 0.8178812265396118, 0.8070283532142639, 0.806339681148529, 0.7965906858444214, 0.7918150424957275, 0.783553421497345, 0.7729742527008057, 0.7682499289512634, 0.7584569454193115, 0.7518341541290283, 0.7617627382278442, 0.7833924293518066, 0.7573447823524475, 0.8285154700279236, 0.7772833704948425, 0.7458205223083496, 0.7284190654754639, 0.7260015606880188, 0.7214569449424744, 0.7113156914710999, 0.7083131074905396, 0.704913318157196, 0.6910224556922913], "accuracy": [0.37549495697021484, 0.5376603007316589, 0.5847572684288025, 0.6055349707603455, 0.6217504739761353, 0.6303693056106567, 0.6363088488578796, 0.6439700722694397, 0.6516742706298828, 0.6554187536239624, 0.6585392355918884, 0.6615412831306458, 0.6689980030059814, 0.6639407873153687, 0.6731083989143372, 0.6765730977058411, 0.6795752048492432, 0.6813183426856995, 0.6861711144447327, 0.6889256834983826, 0.6907656788825989, 0.694359540939331, 0.697662889957428, 0.6999871134757996, 0.7013428807258606, 0.7050120234489441, 0.7046139240264893, 0.7094882726669312, 0.7123504281044006, 0.7124042510986328, 0.7154816389083862, 0.7182146906852722, 0.7199147939682007, 0.7234978675842285, 0.7254347205162048, 0.7289102077484131, 0.7322673797607422, 0.7294481992721558, 0.7217332124710083, 0.7305134534835815, 0.7114465832710266, 0.7229491472244263, 0.7336769104003906, 0.7393152117729187, 0.7422204613685608, 0.7407463192939758, 0.7472991943359375, 0.746621310710907, 0.748192310333252, 0.7531634569168091], "val_loss": [1.5053354501724243, 1.4221515655517578, 1.379478096961975, 1.3407154083251953, 1.4073389768600464, 1.3881462812423706, 1.3398853540420532, 1.328251600265503, 1.2999188899993896, 1.333964228630066, 1.3463058471679688, 1.3242523670196533, 1.3349974155426025, 1.3902430534362793, 1.3960294723510742, 1.4310585260391235, 1.402159571647644, 1.4114474058151245, 1.465279221534729, 1.418669581413269, 1.4422739744186401, 1.368320345878601, 1.4273725748062134, 1.3612892627716064, 1.4003340005874634, 1.5312772989273071, 1.424749493598938, 1.4833614826202393, 1.5364468097686768, 1.5146640539169312, 1.4762310981750488, 1.468873143196106, 1.4638320207595825, 1.5499964952468872, 1.483404517173767, 1.542182445526123, 1.5469696521759033, 1.5495266914367676, 1.6117647886276245, 1.504690408706665, 1.5478017330169678, 1.602540135383606, 1.596227765083313, 1.5123370885849, 1.5878174304962158, 1.5537368059158325, 1.6323072910308838, 1.5767191648483276, 1.582175374031067, 1.5917470455169678], "val_accuracy": [0.4321379065513611, 0.47711023688316345, 0.5012684464454651, 0.5144141912460327, 0.5054773688316345, 0.513491690158844, 0.5173547267913818, 0.5294626355171204, 0.5351130366325378, 0.5323454737663269, 0.5354012846946716, 0.5416282415390015, 0.5279635787010193, 0.5109547972679138, 0.5272716879844666, 0.5218519568443298, 0.5237545967102051, 0.5253113508224487, 0.506630539894104, 0.5231780409812927, 0.528886079788208, 0.5315959453582764, 0.5257726311683655, 0.5218519568443298, 0.5299815535545349, 0.5023062825202942, 0.5303851366043091, 0.5051891207695007, 0.5089368224143982, 0.5029404759407043, 0.5162015557289124, 0.5209870934486389, 0.5166628360748291, 0.5093980431556702, 0.5058810114860535, 0.5009225010871887, 0.5061692595481873, 0.5010954737663269, 0.5003459453582764, 0.5168358087539673, 0.5108394622802734, 0.5009801387786865, 0.5128574967384338, 0.5206987857818604, 0.5058810114860535, 0.5212753415107727, 0.5046125650405884, 0.5157979726791382, 0.5060539841651917, 0.5051314830780029]}