{"loss": [1.7125780582427979, 1.329626441001892, 1.1863619089126587, 1.1333067417144775, 1.093109130859375, 1.0481741428375244, 1.0249249935150146, 0.9961773157119751, 0.97523432970047, 0.9705414772033691, 0.9516217112541199, 0.9404870271682739, 0.9321088790893555, 0.9178193807601929, 0.910256564617157, 0.9018803238868713, 0.904845654964447, 0.8950192332267761, 0.887705385684967, 0.8747478127479553, 0.8743947744369507, 0.8760995268821716, 0.8596425652503967, 0.8586981296539307, 0.8529780507087708, 0.8468337655067444, 0.8410413265228271, 0.8373774290084839, 0.8271545171737671, 0.8294774889945984, 0.8239465355873108, 0.824598491191864, 0.8278917074203491, 0.8234603404998779, 0.8235639929771423, 0.8158113360404968, 0.8106679916381836, 0.8087131977081299, 0.8017988204956055, 0.8069151043891907, 0.7980668544769287, 0.7984248995780945, 0.8034490942955017, 0.7871560454368591, 0.7780240774154663, 0.7842694520950317, 0.7757870554924011, 0.7748434543609619, 0.769096314907074, 0.7645226716995239], "accuracy": [0.44027072191238403, 0.5419321060180664, 0.5839287042617798, 0.6060407161712646, 0.6182426810264587, 0.6337909698486328, 0.6420655250549316, 0.6512976884841919, 0.6574309468269348, 0.6593462228775024, 0.6659851670265198, 0.6708810329437256, 0.6732051968574524, 0.6776491403579712, 0.6795428991317749, 0.6819101572036743, 0.6807587742805481, 0.6849875450134277, 0.6867844462394714, 0.6919493079185486, 0.6918739676475525, 0.6919062733650208, 0.696403980255127, 0.6978888511657715, 0.699309229850769, 0.7010954022407532, 0.702515721321106, 0.7043018937110901, 0.7075944542884827, 0.705776035785675, 0.7084230184555054, 0.7086597084999084, 0.7072824239730835, 0.7077773809432983, 0.7091331481933594, 0.7116833329200745, 0.7128561735153198, 0.7131789326667786, 0.7176659107208252, 0.7124903202056885, 0.715901255607605, 0.717450737953186, 0.7147929668426514, 0.7193014621734619, 0.7242188453674316, 0.7205926775932312, 0.7238529920578003, 0.7251657247543335, 0.7265322208404541, 0.7282646298408508], "val_loss": [1.8265236616134644, 1.4653773307800293, 1.337114930152893, 1.3365448713302612, 1.287864089012146, 1.3351777791976929, 1.2971901893615723, 1.3854846954345703, 1.3574295043945312, 1.3185967206954956, 1.2711371183395386, 1.247245192527771, 1.2948546409606934, 1.3021018505096436, 1.2727088928222656, 1.2790294885635376, 1.4156441688537598, 1.4723464250564575, 1.3074843883514404, 1.4504868984222412, 1.3074508905410767, 1.7965213060379028, 1.2437431812286377, 1.214487075805664, 1.2402514219284058, 1.3359333276748657, 1.2275919914245605, 1.302361249923706, 1.3221073150634766, 1.3101729154586792, 1.386278510093689, 1.2407878637313843, 1.2950674295425415, 1.3143550157546997, 1.2719614505767822, 1.2853360176086426, 1.3067072629928589, 1.312830924987793, 1.309161901473999, 1.2519053220748901, 1.297824501991272, 1.438968300819397, 1.3015961647033691, 1.2685409784317017, 1.2138340473175049, 1.261748194694519, 1.2824488878250122, 1.3346145153045654, 1.3309381008148193, 1.4010107517242432], "val_accuracy": [0.4287938177585602, 0.47947415709495544, 0.5077836513519287, 0.5230627059936523, 0.5431849360466003, 0.5441074967384338, 0.5467020273208618, 0.5328643918037415, 0.5449146628379822, 0.549469530582428, 0.5719557404518127, 0.5610009431838989, 0.5636531114578247, 0.5515452027320862, 0.5634801387786865, 0.5654404759407043, 0.5477975010871887, 0.5709755420684814, 0.5646909475326538, 0.5234086513519287, 0.5608279705047607, 0.551372230052948, 0.5749538540840149, 0.5886185169219971, 0.5791628360748291, 0.5584640502929688, 0.5780096650123596, 0.5615198612213135, 0.5657864212989807, 0.5668818950653076, 0.5435885787010193, 0.5889644622802734, 0.5667089223861694, 0.5674008131027222, 0.5739160776138306, 0.5787592530250549, 0.5674008131027222, 0.5780096650123596, 0.5573685169219971, 0.585216760635376, 0.5761646628379822, 0.5484317541122437, 0.5703989863395691, 0.5797970294952393, 0.5881572961807251, 0.5848708748817444, 0.5795664191246033, 0.5782403349876404, 0.5776637196540833, 0.5703413486480713]}