{"loss": [1.3899117708206177, 1.2225589752197266, 1.1679377555847168, 1.1319631338119507, 1.108392357826233, 1.0909788608551025, 1.073283076286316, 1.0559766292572021, 1.0443603992462158, 1.031000018119812, 1.0195152759552002, 1.0099365711212158, 0.9990432858467102, 0.9912381768226624, 0.9858325719833374, 0.9761254191398621, 0.9689952731132507, 0.9649285674095154, 0.9584915637969971, 0.9494298696517944, 0.9487135410308838, 0.940689206123352, 0.9382383227348328, 0.931168794631958, 0.9248961806297302, 0.9229924082756042, 0.9159884452819824, 0.9168088436126709, 0.9087821841239929, 0.901750922203064, 0.9004449844360352, 0.8944932222366333, 0.8873822093009949, 0.887581467628479, 0.884340226650238, 0.879156231880188, 0.8750813007354736, 0.8700136542320251, 0.8680741786956787, 0.8619450926780701, 0.85930997133255, 0.8556482195854187, 0.8528817296028137, 0.8489309549331665, 0.8439661264419556, 0.8406848907470703, 0.8414034843444824, 0.8365400433540344, 0.8319272994995117, 0.8279893398284912], "accuracy": [0.4992460012435913, 0.5674170851707458, 0.5890672206878662, 0.6018203496932983, 0.6115251779556274, 0.6166200041770935, 0.6222102642059326, 0.6312688589096069, 0.6344678997993469, 0.6393149495124817, 0.6434295773506165, 0.6462839245796204, 0.6491921544075012, 0.6535868048667908, 0.6548793911933899, 0.658606231212616, 0.660469651222229, 0.6613743901252747, 0.6649935245513916, 0.6663076281547546, 0.6669108271598816, 0.6683218479156494, 0.6712731719017029, 0.6727272868156433, 0.6748276352882385, 0.6753985285758972, 0.6775527596473694, 0.6788022518157959, 0.6805471777915955, 0.6837462186813354, 0.6826152801513672, 0.6858143210411072, 0.6857927441596985, 0.6877854466438293, 0.6885717511177063, 0.6900796890258789, 0.6916846036911011, 0.6930848956108093, 0.6946575045585632, 0.6960577368736267, 0.6987612843513489, 0.6969948410987854, 0.6991705894470215, 0.7006354928016663, 0.7035868167877197, 0.7032744288444519, 0.7032313942909241, 0.705482542514801, 0.7061611413955688, 0.708498477935791], "val_loss": [2.8133602142333984, 2.1942086219787598, 3.2093851566314697, 2.050447702407837, 1.8005142211914062, 8.900102615356445, 1.9324123859405518, 1.8879562616348267, 1.5898932218551636, 1.492857575416565, 1.5177860260009766, 1.3705763816833496, 1.3715646266937256, 1.5924400091171265, 1.2962048053741455, 1.4379791021347046, 1.3490475416183472, 1.7574381828308105, 1.5267118215560913, 1.3367478847503662, 1.2854312658309937, 1.685227394104004, 1.298317551612854, 1.3614001274108887, 1.3300586938858032, 1.3073484897613525, 1.3250927925109863, 1.3984711170196533, 1.3911066055297852, 1.3896942138671875, 1.3603215217590332, 1.3463269472122192, 1.4212830066680908, 1.3374617099761963, 1.3055201768875122, 1.2920327186584473, 1.4066886901855469, 1.3425877094268799, 1.5190954208374023, 1.4265645742416382, 1.5259898900985718, 1.3528153896331787, 1.3791987895965576, 1.3774853944778442, 1.3604928255081177, 1.5372529029846191, 1.4164917469024658, 1.3708258867263794, 1.3934766054153442, 1.3570951223373413], "val_accuracy": [0.37008100748062134, 0.4233796298503876, 0.3211226761341095, 0.2942708432674408, 0.41273146867752075, 0.07754629850387573, 0.4203703701496124, 0.31817129254341125, 0.4516203701496124, 0.5149884223937988, 0.5025463104248047, 0.5064235925674438, 0.5178240537643433, 0.45862269401550293, 0.5468171238899231, 0.4868055582046509, 0.5426504611968994, 0.4054398238658905, 0.47256943583488464, 0.5457754731178284, 0.5358217358589172, 0.44155094027519226, 0.5513888597488403, 0.5429976582527161, 0.5424768328666687, 0.5369213223457336, 0.5416088104248047, 0.5177661776542664, 0.5222222208976746, 0.5232059955596924, 0.5322337746620178, 0.534375011920929, 0.5181713104248047, 0.535243034362793, 0.5494213104248047, 0.555439829826355, 0.5315971970558167, 0.5353587865829468, 0.49803242087364197, 0.5225694179534912, 0.49531251192092896, 0.5353009104728699, 0.5262152552604675, 0.5280092358589172, 0.5326967835426331, 0.49334490299224854, 0.5290509462356567, 0.5500578880310059, 0.5189814567565918, 0.5348379611968994]}