{"loss": [1.6377437114715576, 1.302141785621643, 1.229962944984436, 1.1661629676818848, 1.052877426147461, 1.0133767127990723, 0.9942341446876526, 0.9772536158561707, 0.9680328965187073, 0.9451567530632019, 0.9327301979064941, 0.9455109238624573, 0.9162508845329285, 0.8970943093299866, 0.8851035833358765, 0.8896124958992004, 0.8667253255844116, 0.8625126481056213, 0.8543480634689331, 0.843726634979248, 0.8346005082130432, 0.829974353313446, 0.828860878944397, 0.814741313457489, 0.8004898428916931, 0.7923156023025513, 0.8156535029411316, 0.7975642085075378, 0.7719770669937134, 0.7691080570220947, 0.7637531757354736, 0.7539119124412537, 0.7419469952583313, 0.7365081906318665, 0.7253307104110718, 0.7228450179100037, 0.7122774124145508, 0.7045713067054749, 0.7009262442588806, 0.6867881417274475, 0.6823082566261292, 0.6767470240592957, 0.6687177419662476, 0.6644610166549683, 0.6538586616516113, 0.6420996189117432, 0.6399589776992798, 0.6321451663970947, 0.6272752285003662, 0.6211809515953064], "accuracy": [0.4736320674419403, 0.5737936496734619, 0.5940004587173462, 0.6015402674674988, 0.6331861019134521, 0.6466394066810608, 0.653436005115509, 0.6585308313369751, 0.6611912846565247, 0.669463574886322, 0.6735028028488159, 0.6716393828392029, 0.6783390641212463, 0.6843386292457581, 0.6901227831840515, 0.6876884698867798, 0.6965855360031128, 0.6966609358787537, 0.7000322937965393, 0.7046424150466919, 0.7057626247406006, 0.7079599499702454, 0.7073351740837097, 0.713065505027771, 0.7168990969657898, 0.7204222083091736, 0.7132593989372253, 0.7180417776107788, 0.7259047627449036, 0.7267557382583618, 0.7294269800186157, 0.7310965061187744, 0.7374191880226135, 0.7382162809371948, 0.7419108152389526, 0.7428263425827026, 0.7445389628410339, 0.7491598725318909, 0.7499569058418274, 0.7534575462341309, 0.7552563548088074, 0.7571305632591248, 0.7605558037757874, 0.7614498138427734, 0.7645734548568726, 0.7688065767288208, 0.7699052095413208, 0.7715424299240112, 0.7750969529151917, 0.7762925624847412], "val_loss": [1.408655047416687, 1.4108377695083618, 1.6137665510177612, 1.3434652090072632, 1.2905441522598267, 1.2656610012054443, 1.3393666744232178, 1.483054757118225, 1.3862605094909668, 1.3183364868164062, 1.3145517110824585, 1.3318402767181396, 1.394783854484558, 1.3237619400024414, 1.539482593536377, 1.286605715751648, 1.2399019002914429, 1.5425366163253784, 1.2945975065231323, 1.2897452116012573, 1.3368457555770874, 1.3313946723937988, 1.2944499254226685, 1.3257150650024414, 1.2642877101898193, 1.3278164863586426, 1.332215428352356, 1.3235939741134644, 1.3419806957244873, 1.328137755393982, 1.3378289937973022, 1.3119430541992188, 1.2663391828536987, 1.3082369565963745, 1.4429478645324707, 1.396349549293518, 1.3550969362258911, 1.348222017288208, 1.349805474281311, 1.310901165008545, 1.3367303609848022, 1.4434361457824707, 1.3968809843063354, 1.3802968263626099, 1.498750925064087, 1.4278279542922974, 1.4545263051986694, 1.4570393562316895, 1.399234414100647, 1.4594664573669434], "val_accuracy": [0.5001736283302307, 0.49959489703178406, 0.39733797311782837, 0.5170717835426331, 0.5423032641410828, 0.5631944537162781, 0.5429398417472839, 0.5020833611488342, 0.5600694417953491, 0.5409143567085266, 0.5525463223457336, 0.5394096970558167, 0.5460647940635681, 0.5418402552604675, 0.5431134104728699, 0.5590277910232544, 0.5716435313224792, 0.4962962865829468, 0.5532407164573669, 0.5702546238899231, 0.5464120507240295, 0.5765625238418579, 0.5613425970077515, 0.5626736283302307, 0.5646990537643433, 0.5512731671333313, 0.5610532164573669, 0.5688657164573669, 0.5602430701255798, 0.5649884343147278, 0.5642361044883728, 0.5657407641410828, 0.5791666507720947, 0.5802661776542664, 0.5527777671813965, 0.5548611283302307, 0.5619212985038757, 0.5692708492279053, 0.574305534362793, 0.5740740895271301, 0.5635416507720947, 0.5458912253379822, 0.5721064805984497, 0.5696180462837219, 0.5457175970077515, 0.5592592358589172, 0.5461805462837219, 0.5637731552124023, 0.5665509104728699, 0.5570023059844971]}