{"loss": [1.6544501781463623, 1.4203211069107056, 1.192312479019165, 1.0814244747161865, 1.0164629220962524, 0.9716237783432007, 0.9447618722915649, 0.9153568744659424, 0.886838972568512, 0.8687018752098083, 0.8483690023422241, 0.8293547034263611, 0.807451069355011, 0.787263810634613, 0.767759382724762, 0.753090500831604, 0.7291719317436218, 0.7017475962638855, 0.6822741627693176, 0.6596242785453796, 0.632682204246521, 0.6120427250862122, 0.5853128433227539, 0.5638159513473511, 0.5350868701934814, 0.5091863870620728, 0.49398818612098694, 0.468929260969162, 0.446516752243042, 0.4256908893585205, 0.4020429849624634, 0.38218632340431213, 0.3700593411922455, 0.35354289412498474, 0.33302661776542664, 0.32425278425216675, 0.31087028980255127, 0.29964545369148254, 0.28506773710250854, 0.276290625333786, 0.2665547728538513, 0.25505849719047546, 0.2465805560350418, 0.2381536364555359, 0.22953183948993683, 0.2248869389295578, 0.2217959314584732, 0.21223190426826477, 0.20051133632659912, 0.20855659246444702], "accuracy": [0.3320173919200897, 0.4609543979167938, 0.5711365342140198, 0.6161525249481201, 0.6375464797019958, 0.6551224589347839, 0.6653110384941101, 0.6750021576881409, 0.6846067309379578, 0.6921129822731018, 0.6985484957695007, 0.7045838236808777, 0.7137340903282166, 0.7208185791969299, 0.7257614135742188, 0.7317967414855957, 0.739497721195221, 0.7491798996925354, 0.7557108402252197, 0.7643419504165649, 0.7736328840255737, 0.7816258668899536, 0.7909708619117737, 0.7995046377182007, 0.8074110746383667, 0.8178160190582275, 0.8222397565841675, 0.8320714831352234, 0.8402483463287354, 0.8482953906059265, 0.8567318320274353, 0.8638379573822021, 0.8689214587211609, 0.8744375705718994, 0.8813813924789429, 0.8847343325614929, 0.8896556496620178, 0.8943713903427124, 0.8988816142082214, 0.9033377766609192, 0.906193196773529, 0.9110820293426514, 0.9140347838401794, 0.9161979556083679, 0.9193994998931885, 0.9214761853218079, 0.9230552911758423, 0.9250778555870056, 0.930280327796936, 0.9275439381599426], "val_loss": [1.5882744789123535, 1.5042458772659302, 1.3955118656158447, 1.308044672012329, 1.3207247257232666, 1.4098612070083618, 1.3144688606262207, 1.250031590461731, 1.329158067703247, 1.2629873752593994, 1.3330684900283813, 1.3500499725341797, 1.3185231685638428, 1.35345458984375, 1.3658785820007324, 1.4025061130523682, 1.4145559072494507, 1.353132724761963, 1.4618463516235352, 1.510457158088684, 1.5748156309127808, 1.5450530052185059, 1.5849262475967407, 1.6315170526504517, 1.7780274152755737, 1.6802730560302734, 1.756005883216858, 1.7408419847488403, 1.978339672088623, 2.0049338340759277, 2.0559144020080566, 2.0858821868896484, 1.9992444515228271, 2.0973031520843506, 2.3566884994506836, 2.2145423889160156, 2.2978556156158447, 2.270359992980957, 2.5197384357452393, 2.4326963424682617, 2.5625720024108887, 2.4161810874938965, 2.531111001968384, 2.5824027061462402, 2.635955572128296, 2.5379316806793213, 2.688424587249756, 2.6636836528778076, 2.852069854736328, 2.726480722427368], "val_accuracy": [0.34706440567970276, 0.4430042505264282, 0.49911221861839294, 0.525449812412262, 0.5354521870613098, 0.513612687587738, 0.5457504987716675, 0.5588304996490479, 0.5343868136405945, 0.5578835010528564, 0.5540956258773804, 0.5508996248245239, 0.5432646870613098, 0.5480586886405945, 0.5401278138160706, 0.5552793741226196, 0.5368134379386902, 0.5536813735961914, 0.5362807512283325, 0.5322561264038086, 0.5310724377632141, 0.5422585010528564, 0.5249171257019043, 0.525390625, 0.519472062587738, 0.5256865620613098, 0.5396543741226196, 0.5246211886405945, 0.513671875, 0.5223721861839294, 0.5199455618858337, 0.5178148746490479, 0.5250355005264282, 0.5162760615348816, 0.5082859992980957, 0.5224905014038086, 0.5010653138160706, 0.5165128111839294, 0.515625, 0.5120738744735718, 0.5112452507019043, 0.527402937412262, 0.5233191251754761, 0.5343276262283325, 0.5234375, 0.5314275622367859, 0.5200047492980957, 0.5185842514038086, 0.5143821239471436, 0.5263376235961914]}