{
    "loss": [
        1.4757698774337769,
        1.186479926109314,
        1.0943219661712646,
        1.0421648025512695,
        1.0109386444091797,
        0.9853717684745789,
        0.9651815295219421,
        0.9429766535758972,
        0.9278127551078796,
        0.9111460447311401,
        0.8931863903999329,
        0.8786600232124329,
        0.8632206916809082,
        0.8454383015632629,
        0.8288511633872986,
        0.8135764598846436,
        0.7992944717407227,
        0.7854798436164856,
        0.7703442573547363,
        0.758786678314209,
        0.7410872578620911,
        0.7253366112709045,
        0.7164053320884705,
        0.7022648453712463,
        0.6858336329460144,
        0.6742508411407471,
        0.6582878232002258,
        0.6407397985458374,
        0.634701132774353,
        0.6216766834259033,
        0.6072492599487305,
        0.5974975824356079,
        0.5877188444137573,
        0.57613605260849,
        0.5685580968856812,
        0.5558616518974304,
        0.5471614003181458,
        0.535868763923645,
        0.5310022830963135,
        0.5229713320732117,
        0.516970157623291,
        0.5026823878288269,
        0.4972284138202667,
        0.4871889352798462,
        0.47826310992240906,
        0.4744625985622406,
        0.4647494852542877,
        0.4628170132637024,
        0.4490039348602295,
        0.4450604319572449
    ],
    "accuracy": [
        0.4459226727485657,
        0.5811052322387695,
        0.6142684817314148,
        0.634719729423523,
        0.6452574729919434,
        0.6531258225440979,
        0.6613170504570007,
        0.6670864820480347,
        0.6731356978416443,
        0.6796478033065796,
        0.6857509016990662,
        0.690433144569397,
        0.6945556998252869,
        0.7008847594261169,
        0.7082902789115906,
        0.7126065492630005,
        0.7168152332305908,
        0.7229182720184326,
        0.726760983467102,
        0.7312817573547363,
        0.7375462651252747,
        0.7422392964363098,
        0.7447903156280518,
        0.7498062252998352,
        0.7573516964912415,
        0.7609898447990417,
        0.7646064758300781,
        0.771699845790863,
        0.7739171385765076,
        0.7786316871643066,
        0.7835184931755066,
        0.7867260575294495,
        0.790299654006958,
        0.7948958277702332,
        0.7976836562156677,
        0.8026027083396912,
        0.8051106333732605,
        0.8095023036003113,
        0.8113213777542114,
        0.8152071237564087,
        0.8154761791229248,
        0.8215792775154114,
        0.8229677677154541,
        0.828199028968811,
        0.8309652805328369,
        0.8312559127807617,
        0.8342375159263611,
        0.8348510265350342,
        0.8414815068244934,
        0.841621458530426
    ],
    "val_loss": [
        1.4730103015899658,
        1.3822815418243408,
        1.3599096536636353,
        1.3770917654037476,
        1.3149865865707397,
        1.3930326700210571,
        1.5288764238357544,
        1.3390965461730957,
        1.30153226852417,
        1.3506683111190796,
        1.4146021604537964,
        1.414370059967041,
        1.4740653038024902,
        1.3832592964172363,
        1.4457168579101562,
        1.386523723602295,
        1.5064942836761475,
        1.5246895551681519,
        1.5392996072769165,
        1.5534791946411133,
        1.498529076576233,
        1.5344574451446533,
        1.570264220237732,
        1.6523710489273071,
        1.6610218286514282,
        1.6750251054763794,
        1.6418405771255493,
        1.646842122077942,
        1.6951385736465454,
        1.748780608177185,
        1.713446021080017,
        1.8232468366622925,
        1.838312029838562,
        1.766203761100769,
        1.86898934841156,
        1.9146819114685059,
        1.913329005241394,
        1.7936952114105225,
        1.9143483638763428,
        1.9470133781433105,
        1.985734224319458,
        2.0075762271881104,
        2.060333013534546,
        1.9833292961120605,
        2.0644984245300293,
        2.097349166870117,
        2.0625715255737305,
        2.169851064682007,
        2.0999484062194824,
        2.091160774230957
    ],
    "val_accuracy": [
        0.4721517562866211,
        0.5028252005577087,
        0.5101476311683655,
        0.5094557404518127,
        0.5387454032897949,
        0.5141259431838989,
        0.47924354672431946,
        0.5440497994422913,
        0.5409939885139465,
        0.52934730052948,
        0.518219530582428,
        0.5321148633956909,
        0.5102052688598633,
        0.531019389629364,
        0.5239852666854858,
        0.5295779705047607,
        0.5208141207695007,
        0.5149331092834473,
        0.5133187174797058,
        0.5159133076667786,
        0.5271563529968262,
        0.522024929523468,
        0.517758309841156,
        0.5029404759407043,
        0.49832794070243835,
        0.5138952732086182,
        0.5189691185951233,
        0.5187961459159851,
        0.504266619682312,
        0.5080143213272095,
        0.4975784122943878,
        0.49377307295799255,
        0.5068035125732422,
        0.5037477016448975,
        0.5019603371620178,
        0.4936577379703522,
        0.4941766560077667,
        0.5012108087539673,
        0.49377307295799255,
        0.5017297267913818,
        0.49619466066360474,
        0.4898523986339569,
        0.4786669611930847,
        0.5024215579032898,
        0.48696956038475037,
        0.49481087923049927,
        0.5114737153053284,
        0.4976937174797058,
        0.49261993169784546,
        0.5108394622802734
    ]
}