{
    "loss": [
        1.4743021726608276,
        1.1781022548675537,
        1.064118504524231,
        1.010646104812622,
        0.9741742610931396,
        0.94406658411026,
        0.917242705821991,
        0.8951015472412109,
        0.8698458671569824,
        0.8505308032035828,
        0.8273888826370239,
        0.8039247393608093,
        0.7788289785385132,
        0.754137396812439,
        0.7284206748008728,
        0.7041431069374084,
        0.6781297326087952,
        0.656147837638855,
        0.6310697793960571,
        0.6086567640304565,
        0.5867195725440979,
        0.5661782026290894,
        0.5462738871574402,
        0.5243939757347107,
        0.5075199604034424,
        0.49379274249076843,
        0.47749727964401245,
        0.45983150601387024,
        0.448000967502594,
        0.4300057888031006,
        0.4143933355808258,
        0.40443697571754456,
        0.3928433954715729,
        0.38629525899887085,
        0.374114453792572,
        0.362296998500824,
        0.3558253049850464,
        0.34921061992645264,
        0.34022068977355957,
        0.3339858949184418,
        0.3246193826198578,
        0.3130769431591034,
        0.3074409067630768,
        0.30716943740844727,
        0.29572370648384094,
        0.2920420467853546,
        0.28716349601745605,
        0.27964234352111816,
        0.272493839263916,
        0.27198082208633423
    ],
    "accuracy": [
        0.44837355613708496,
        0.5832507610321045,
        0.6272619366645813,
        0.6448944211006165,
        0.6578522324562073,
        0.6686126589775085,
        0.6780051589012146,
        0.684758722782135,
        0.6936126947402954,
        0.7000322937965393,
        0.708552360534668,
        0.7169754505157471,
        0.7249353528022766,
        0.7322705984115601,
        0.7426755428314209,
        0.7501615881919861,
        0.75868159532547,
        0.7683649063110352,
        0.7767233848571777,
        0.7844355702400208,
        0.7923093438148499,
        0.8000969290733337,
        0.806742787361145,
        0.8143795728683472,
        0.8200991153717041,
        0.824267566204071,
        0.8303963541984558,
        0.8363420963287354,
        0.840478241443634,
        0.8462731838226318,
        0.8546100854873657,
        0.8562580943107605,
        0.8612451553344727,
        0.8641102910041809,
        0.8680525422096252,
        0.8716393709182739,
        0.8743537068367004,
        0.8773050308227539,
        0.8802240490913391,
        0.88239985704422,
        0.8851141929626465,
        0.8902843594551086,
        0.8920831680297852,
        0.8921692967414856,
        0.8972533345222473,
        0.8969302177429199,
        0.8987074494361877,
        0.9021326899528503,
        0.9045239090919495,
        0.9037483930587769
    ],
    "val_loss": [
        1.4827467203140259,
        1.361362099647522,
        1.3541910648345947,
        1.4019064903259277,
        1.3256869316101074,
        1.3282126188278198,
        1.41993248462677,
        1.3599218130111694,
        1.4449986219406128,
        1.388566493988037,
        1.3357552289962769,
        1.461289405822754,
        1.348963737487793,
        1.4511926174163818,
        1.4457919597625732,
        1.5267761945724487,
        1.5628093481063843,
        1.6523040533065796,
        1.6795841455459595,
        1.665869116783142,
        1.6839776039123535,
        1.806000828742981,
        1.7368279695510864,
        1.9003270864486694,
        1.8993959426879883,
        1.857062578201294,
        1.9377504587173462,
        2.0095949172973633,
        2.0160512924194336,
        2.029324769973755,
        2.0739388465881348,
        2.189121961593628,
        2.1735286712646484,
        2.1978158950805664,
        2.2906391620635986,
        2.360908031463623,
        2.316359043121338,
        2.3215465545654297,
        2.4441559314727783,
        2.3444180488586426,
        2.4157235622406006,
        2.5806884765625,
        2.7086660861968994,
        2.440944194793701,
        2.6121413707733154,
        2.6465981006622314,
        2.6293225288391113,
        2.615541458129883,
        2.9336178302764893,
        2.8182144165039062
    ],
    "val_accuracy": [
        0.4572916626930237,
        0.5091435313224792,
        0.5180555582046509,
        0.5077546238899231,
        0.534317135810852,
        0.5406249761581421,
        0.5247685313224792,
        0.5438657402992249,
        0.5164352059364319,
        0.5455439686775208,
        0.5575810074806213,
        0.5299189686775208,
        0.5449652671813965,
        0.5351273417472839,
        0.5420717597007751,
        0.5220485925674438,
        0.5256944298744202,
        0.5104745626449585,
        0.5178819298744202,
        0.5198495388031006,
        0.5229166746139526,
        0.5010416507720947,
        0.524189829826355,
        0.5097801089286804,
        0.5015624761581421,
        0.5150462985038757,
        0.5214120149612427,
        0.4950231611728668,
        0.5037615895271301,
        0.5115740895271301,
        0.5207754373550415,
        0.5050347447395325,
        0.519618034362793,
        0.5057291388511658,
        0.4992476999759674,
        0.5080440044403076,
        0.511631965637207,
        0.49085646867752075,
        0.5010995268821716,
        0.5090856552124023,
        0.5074074268341064,
        0.5045138597488403,
        0.5019676089286804,
        0.5111111402511597,
        0.4991319477558136,
        0.5081596970558167,
        0.5129051208496094,
        0.5006365776062012,
        0.4950231611728668,
        0.5035879611968994
    ]
}