{
    "loss": [
        1.64629065990448,
        1.2889556884765625,
        1.2355912923812866,
        1.1254630088806152,
        1.0356255769729614,
        1.0071024894714355,
        0.9892653822898865,
        0.9840035438537598,
        0.9650578498840332,
        0.9438207745552063,
        0.9355736970901489,
        0.9220089912414551,
        0.9627874493598938,
        0.9077656269073486,
        0.9260751605033875,
        0.9042831659317017,
        0.8796602487564087,
        0.8734954595565796,
        0.8610022068023682,
        0.8455858826637268,
        0.8385404944419861,
        0.8334908485412598,
        0.823753833770752,
        0.8114872574806213,
        0.8072474598884583,
        0.7951369881629944,
        0.7936586141586304,
        0.7777602672576904,
        0.7709397673606873,
        0.76412034034729,
        0.7572321891784668,
        0.7529842853546143,
        0.7416610717773438,
        0.7409573197364807,
        0.7270605564117432,
        0.7230743169784546,
        0.7141906023025513,
        0.7031201124191284,
        0.695110559463501,
        0.6914220452308655,
        0.6859944462776184,
        0.6751613616943359,
        0.680011510848999,
        0.6631264090538025,
        0.6492494940757751,
        0.6484464406967163,
        0.6443948149681091,
        0.6324745416641235,
        0.6251043677330017,
        0.6276037096977234
    ],
    "accuracy": [
        0.47561395168304443,
        0.582184374332428,
        0.5944204926490784,
        0.6209069490432739,
        0.6408767700195312,
        0.6481258273124695,
        0.6569582223892212,
        0.6572275161743164,
        0.663614809513092,
        0.6710253953933716,
        0.672662615776062,
        0.6790176630020142,
        0.6657044291496277,
        0.6823351979255676,
        0.6782421469688416,
        0.6838216185569763,
        0.6914368867874146,
        0.6952391266822815,
        0.6982658505439758,
        0.704567015171051,
        0.7048362493515015,
        0.7068074345588684,
        0.7099525928497314,
        0.7141857147216797,
        0.7157259583473206,
        0.718677282333374,
        0.7211869955062866,
        0.7246553301811218,
        0.727757453918457,
        0.7297608852386475,
        0.7315919995307922,
        0.732292115688324,
        0.7368160486221313,
        0.7373222708702087,
        0.7421801090240479,
        0.7420077323913574,
        0.7457130551338196,
        0.7480611801147461,
        0.7500969171524048,
        0.7530805468559265,
        0.7555794715881348,
        0.7587462067604065,
        0.7570982575416565,
        0.7617298364639282,
        0.766759991645813,
        0.7666738629341125,
        0.7699698209762573,
        0.7728673219680786,
        0.7748384475708008,
        0.775473952293396
    ],
    "val_loss": [
        1.4509344100952148,
        1.6397275924682617,
        1.4434874057769775,
        1.3463143110275269,
        1.3722814321517944,
        1.366373896598816,
        1.449668526649475,
        1.3631430864334106,
        1.4500322341918945,
        1.3023793697357178,
        1.3962737321853638,
        1.2384625673294067,
        1.2293481826782227,
        1.290744423866272,
        1.802823781967163,
        1.3724300861358643,
        1.2848634719848633,
        1.3888362646102905,
        1.317091703414917,
        1.3205950260162354,
        1.2928284406661987,
        1.3021589517593384,
        1.373664140701294,
        1.3450342416763306,
        1.3546024560928345,
        1.2691659927368164,
        1.3645727634429932,
        1.3153958320617676,
        1.250032901763916,
        1.2769930362701416,
        1.3267275094985962,
        1.370147466659546,
        1.3075059652328491,
        1.3281404972076416,
        1.2930957078933716,
        1.3514333963394165,
        1.3438427448272705,
        1.2939701080322266,
        1.3618496656417847,
        1.4458459615707397,
        1.3447619676589966,
        1.4367551803588867,
        1.3800487518310547,
        1.2961333990097046,
        1.4140359163284302,
        1.38676917552948,
        1.3194465637207031,
        1.3802317380905151,
        1.4808588027954102,
        1.4440515041351318
    ],
    "val_accuracy": [
        0.4801504611968994,
        0.4793402850627899,
        0.4817129671573639,
        0.5302083492279053,
        0.5142939686775208,
        0.5201967358589172,
        0.4912615716457367,
        0.5394096970558167,
        0.5058448910713196,
        0.5447916388511658,
        0.5294560194015503,
        0.5572916865348816,
        0.5685763955116272,
        0.5505208373069763,
        0.41967591643333435,
        0.5447338223457336,
        0.5614004731178284,
        0.5341435074806213,
        0.5475694537162781,
        0.5543981194496155,
        0.5666087865829468,
        0.5588541626930237,
        0.5419560074806213,
        0.5541087985038757,
        0.5534722208976746,
        0.5640624761581421,
        0.5491319298744202,
        0.5619212985038757,
        0.5803819298744202,
        0.5826967358589172,
        0.5532985925674438,
        0.5574652552604675,
        0.5707754492759705,
        0.5583333373069763,
        0.5734953880310059,
        0.5684027671813965,
        0.561747670173645,
        0.5700809955596924,
        0.5666666626930237,
        0.5460647940635681,
        0.5798032283782959,
        0.5472800731658936,
        0.5676504373550415,
        0.5795139074325562,
        0.5636574029922485,
        0.5738425850868225,
        0.5809606313705444,
        0.5673611164093018,
        0.558506965637207,
        0.5699653029441833
    ]
}