{"loss": [1.423675298690796, 1.1717416048049927, 1.057694673538208, 0.974388062953949, 0.9526816606521606, 0.9239216446876526, 0.891395092010498, 0.8665795922279358, 0.8484567999839783, 0.823864221572876, 0.8064906001091003, 0.7847418189048767, 0.7619568705558777, 0.7482802867889404, 0.7291403412818909, 0.7214373350143433, 0.692203938961029, 0.6685622334480286, 0.6564410328865051, 0.6352335810661316, 0.6229895353317261, 0.6040629744529724, 0.5804284811019897, 0.5640056133270264, 0.5474919676780701, 0.5342907905578613, 0.5159991979598999, 0.5029008984565735, 0.4888034760951996, 0.4788660705089569, 0.46376273036003113, 0.4466123580932617, 0.42596036195755005, 0.418131560087204, 0.40795138478279114, 0.386658638715744, 0.38374486565589905, 0.3637238144874573, 0.3498426079750061, 0.3532961308956146, 0.3363630175590515, 0.32469263672828674, 0.3111182749271393, 0.30093514919281006, 0.28977328538894653, 0.2856549322605133, 0.2834762632846832, 0.2810141146183014, 0.263938844203949, 0.2604747712612152], "accuracy": [0.5098811388015747, 0.6000064611434937, 0.6354516744613647, 0.6583677530288696, 0.6667527556419373, 0.6765047907829285, 0.6865366697311401, 0.6952553391456604, 0.6997222900390625, 0.7079996466636658, 0.7150499224662781, 0.720474898815155, 0.7297640442848206, 0.7327886819839478, 0.7392792701721191, 0.7438538670539856, 0.7514315843582153, 0.760774552822113, 0.7636269927024841, 0.7718612551689148, 0.7763497829437256, 0.781613290309906, 0.7915052175521851, 0.7964350581169128, 0.8033561706542969, 0.8076616525650024, 0.8137109279632568, 0.8177258372306824, 0.8232907056808472, 0.8256049156188965, 0.8327951431274414, 0.8396839499473572, 0.8464759588241577, 0.8491238355636597, 0.8523637056350708, 0.8615452647209167, 0.8607594966888428, 0.8698118329048157, 0.8732777833938599, 0.871243417263031, 0.8780569434165955, 0.8834603428840637, 0.8878627419471741, 0.8918776512145996, 0.8963015675544739, 0.8969689011573792, 0.8991324305534363, 0.8993692398071289, 0.9063011407852173, 0.9081310033798218], "val_loss": [2.397120237350464, 1.6053166389465332, 1.365256428718567, 1.330113410949707, 1.3332910537719727, 1.3295687437057495, 1.324164867401123, 1693.34423828125, 1.3277838230133057, 1.2852956056594849, 1.3816856145858765, 1.4511361122131348, 1.307584285736084, 1.4993834495544434, 1.3993853330612183, 1.7450975179672241, 1.5376967191696167, 1.471187949180603, 1.4895050525665283, 1.5166293382644653, 1.693453073501587, 1.7084534168243408, 1.6622967720031738, 1.5766648054122925, 1.5756384134292603, 1.6249589920043945, 1.7777670621871948, 1.6527539491653442, 1.8147354125976562, 1.7298626899719238, 1.8968875408172607, 1.7115966081619263, 1.9579310417175293, 1.8997777700424194, 1.8539762496948242, 1.9688029289245605, 1.8934252262115479, 1.973676323890686, 2.1645748615264893, 2.125943183898926, 2.1383016109466553, 2.2370100021362305, 2.1633102893829346, 2.1703040599823, 2.3514211177825928, 2.300964117050171, 2.429039478302002, 2.341810703277588, 2.1390750408172607, 2.368567943572998], "val_accuracy": [0.41818496584892273, 0.45750692486763, 0.5235816240310669, 0.5355742573738098, 0.5438191890716553, 0.5604243278503418, 0.5563883781433105, 0.5189114212989807, 0.5462407469749451, 0.5668818950653076, 0.5506227016448975, 0.5317112803459167, 0.5657287836074829, 0.5653252005577087, 0.5510839223861694, 0.5408210158348083, 0.5438768267631531, 0.5493542551994324, 0.5356895923614502, 0.5360355377197266, 0.5269257426261902, 0.5244464874267578, 0.5435308814048767, 0.5628459453582764, 0.5490659475326538, 0.5275599360466003, 0.5330950021743774, 0.5511992573738098, 0.53315269947052, 0.5529866218566895, 0.5362661480903625, 0.5484893918037415, 0.5396679043769836, 0.522024929523468, 0.5419164896011353, 0.5523523688316345, 0.5468173623085022, 0.5477398633956909, 0.5433002710342407, 0.5393219590187073, 0.5278482437133789, 0.5273869633674622, 0.5569072961807251, 0.5438768267631531, 0.5379381775856018, 0.5330950021743774, 0.5059962868690491, 0.5208717584609985, 0.546644389629364, 0.5270410776138306]}