{"loss": [1.5394798517227173, 1.2203435897827148, 1.0932468175888062, 1.0370233058929443, 1.0002833604812622, 0.9684645533561707, 0.9440712928771973, 0.9229680895805359, 0.9023808836936951, 0.8819555044174194, 0.8659464716911316, 0.8426953554153442, 0.8222246170043945, 0.8082095980644226, 0.7881975173950195, 0.7646648287773132, 0.7503975033760071, 0.7286930680274963, 0.7056844830513, 0.6850136518478394, 0.6666312217712402, 0.6528505086898804, 0.6307196617126465, 0.6093705296516418, 0.5979190468788147, 0.5791782736778259, 0.5628440976142883, 0.5500062108039856, 0.5346458554267883, 0.5194202065467834, 0.5058631896972656, 0.4919043779373169, 0.4814265966415405, 0.4716639518737793, 0.45837289094924927, 0.4472464919090271, 0.4357626736164093, 0.428498238325119, 0.42007124423980713, 0.4099772274494171, 0.3965403735637665, 0.3944056034088135, 0.38445135951042175, 0.3748261332511902, 0.3674389123916626, 0.36110711097717285, 0.35309547185897827, 0.34814563393592834, 0.33973556756973267, 0.3354721665382385], "accuracy": [0.41226842999458313, 0.5670831799507141, 0.6145949959754944, 0.6348664164543152, 0.648136556148529, 0.6588862538337708, 0.668548047542572, 0.6750323176383972, 0.6812041997909546, 0.6897134780883789, 0.6936665177345276, 0.701755702495575, 0.7084015607833862, 0.7130870223045349, 0.7202498912811279, 0.7283498644828796, 0.7340909242630005, 0.7403382062911987, 0.7487397789955139, 0.7553102374076843, 0.7629362344741821, 0.7676432728767395, 0.7756893634796143, 0.7828522324562073, 0.7871606945991516, 0.7933003306388855, 0.7988367080688477, 0.8042869567871094, 0.8096941113471985, 0.8160921931266785, 0.8206053376197815, 0.823718249797821, 0.8290176391601562, 0.8326152563095093, 0.8362451791763306, 0.8394980430603027, 0.8459069132804871, 0.8488259315490723, 0.8512925505638123, 0.8543623685836792, 0.8584338426589966, 0.8594248294830322, 0.8637655973434448, 0.8668462038040161, 0.8691189289093018, 0.8719409704208374, 0.8759586215019226, 0.8777897357940674, 0.8801486492156982, 0.8817750811576843], "val_loss": [1.4683400392532349, 1.3717087507247925, 1.395605444908142, 1.2933884859085083, 1.3345849514007568, 1.3571182489395142, 1.3275481462478638, 1.3129056692123413, 1.3647321462631226, 1.387886643409729, 1.4050270318984985, 1.4834870100021362, 1.4052156209945679, 1.3542308807373047, 1.4716240167617798, 1.4877375364303589, 1.5454964637756348, 1.49592924118042, 1.4873790740966797, 1.4671223163604736, 1.5458242893218994, 1.5551166534423828, 1.611392617225647, 1.7021466493606567, 1.7631523609161377, 1.8419100046157837, 1.7791756391525269, 1.799482822418213, 1.7706223726272583, 1.9433321952819824, 1.89097261428833, 1.7533228397369385, 1.9272218942642212, 1.9618815183639526, 2.0557057857513428, 2.167602062225342, 2.1438539028167725, 2.107664108276367, 2.2685959339141846, 2.2002875804901123, 2.189857244491577, 2.162604331970215, 2.258903741836548, 2.4448421001434326, 2.415095329284668, 2.4110331535339355, 2.3983523845672607, 2.3085732460021973, 2.5223195552825928, 2.407341241836548], "val_accuracy": [0.4637731611728668, 0.5076967477798462, 0.5157407522201538, 0.5373842716217041, 0.5327546000480652, 0.5308449268341064, 0.5381366014480591, 0.5517939925193787, 0.5317708253860474, 0.529629647731781, 0.5289930701255798, 0.5154513716697693, 0.5311921238899231, 0.5431134104728699, 0.5200231671333313, 0.5429976582527161, 0.5237268805503845, 0.5197916626930237, 0.5276620388031006, 0.5393518805503845, 0.5321180820465088, 0.5178240537643433, 0.5297453999519348, 0.5145254731178284, 0.5026620626449585, 0.4947916567325592, 0.5228009223937988, 0.5093749761581421, 0.5215277671813965, 0.5056134462356567, 0.5093171000480652, 0.5239583253860474, 0.5141203999519348, 0.5034143328666687, 0.4992476999759674, 0.4948495328426361, 0.5169560313224792, 0.494907408952713, 0.4947338104248047, 0.5035300850868225, 0.4982060194015503, 0.5108217597007751, 0.49965277314186096, 0.4999421238899231, 0.5040509104728699, 0.4880208373069763, 0.503067135810852, 0.5027198791503906, 0.5065393447875977, 0.5081596970558167]}