{"loss": [2.354793071746826, 2.4439468383789062, 2.51943302154541, 2.4959280490875244, 2.305572271347046, 1.6638832092285156, 1.5402759313583374, 1.4879310131072998, 1.4279348850250244, 1.3838807344436646, 1.337071180343628, 1.2981455326080322, 1.2609925270080566, 1.2381296157836914, 1.2031974792480469, 1.171567440032959, 1.1448488235473633, 1.1139731407165527, 1.0880335569381714, 1.0642905235290527, 1.0371651649475098, 1.0159080028533936, 0.9897177815437317, 0.9665057063102722, 0.9472851753234863, 0.9312267303466797, 0.9069228172302246, 0.9659966230392456, 0.889062762260437, 0.8670989871025085, 0.8329148292541504, 0.8137820959091187, 0.7916509509086609, 0.7700902819633484, 0.7565191984176636, 0.7357832193374634, 0.7111527323722839, 0.6965852975845337, 0.6754412651062012, 0.6556090116500854, 0.648219645023346, 0.6276120543479919, 0.6083211898803711, 0.5907461643218994, 0.5744019150733948, 0.5666550397872925, 0.5473132729530334, 0.5420682430267334, 0.5300368666648865, 0.5009282827377319], "accuracy": [0.31192752718925476, 0.34435826539993286, 0.32602474093437195, 0.33884817361831665, 0.33253663778305054, 0.3850898742675781, 0.4181789457798004, 0.4362691640853882, 0.45955461263656616, 0.475455105304718, 0.4936312139034271, 0.5082579851150513, 0.5234428644180298, 0.5327742099761963, 0.5457836985588074, 0.5576626062393188, 0.5678526163101196, 0.5812056064605713, 0.5893347859382629, 0.6008272171020508, 0.6110029816627502, 0.6182877421379089, 0.6270465850830078, 0.635075569152832, 0.6435624957084656, 0.6500601172447205, 0.6577169895172119, 0.6437771916389465, 0.6662755012512207, 0.6731880903244019, 0.6863121390342712, 0.6941407322883606, 0.7020838260650635, 0.7103274464607239, 0.7156801223754883, 0.7242386341094971, 0.7316092252731323, 0.7366327047348022, 0.7468227744102478, 0.7547658681869507, 0.7566836476325989, 0.7638682126998901, 0.7725126147270203, 0.7793107628822327, 0.7836472392082214, 0.7874684929847717, 0.7964420914649963, 0.7982596755027771, 0.8032115697860718, 0.812099277973175], "val_loss": [2.579097032546997, 3.296420097351074, 1.5343289375305176, 5.711225986480713, 2.3434581756591797, 1.9784367084503174, 1.976104497909546, 1.5332854986190796, 2.1244757175445557, 1.6608742475509644, 1.9615765810012817, 1.6559640169143677, 1.8725358247756958, 1.4049276113510132, 1.756563425064087, 1.7121869325637817, 1.483809232711792, 1.4726977348327637, 1.876716136932373, 1.7269511222839355, 1.3925632238388062, 1.2115378379821777, 1.3391019105911255, 1.3378578424453735, 1.0141441822052002, 1.2693899869918823, 1.3866500854492188, 1.4903273582458496, 1.0380905866622925, 1.2973111867904663, 1.2898948192596436, 1.5873714685440063, 1.4024845361709595, 1.388403296470642, 1.115390419960022, 1.490374207496643, 1.354646921157837, 1.4507191181182861, 1.0450495481491089, 1.321166753768921, 1.3593575954437256, 1.3512015342712402, 1.4560035467147827, 1.4395420551300049, 1.5085697174072266, 1.5570242404937744, 1.1661388874053955, 1.898086428642273, 1.2609788179397583, 1.3779999017715454], "val_accuracy": [0.02222222276031971, 0.0, 0.39259257912635803, 0.029629629105329514, 0.0962962955236435, 0.17777778208255768, 0.17037037014961243, 0.3333333432674408, 0.14814814925193787, 0.37037035822868347, 0.24444444477558136, 0.3037036955356598, 0.2666666805744171, 0.43703705072402954, 0.32592591643333435, 0.34074074029922485, 0.42222222685813904, 0.4592592716217041, 0.3629629611968994, 0.35555556416511536, 0.4962962865829468, 0.614814817905426, 0.5407407283782959, 0.5407407283782959, 0.6814814805984497, 0.5629629492759705, 0.4962962865829468, 0.5259259343147278, 0.6296296119689941, 0.5703703761100769, 0.5629629492759705, 0.4740740656852722, 0.5629629492759705, 0.5555555820465088, 0.6222222447395325, 0.5481481552124023, 0.5333333611488342, 0.5481481552124023, 0.6592592597007751, 0.614814817905426, 0.5777778029441833, 0.5703703761100769, 0.5703703761100769, 0.6000000238418579, 0.5407407283782959, 0.5703703761100769, 0.6592592597007751, 0.48148149251937866, 0.6296296119689941, 0.6074073910713196]}