{"loss": [1.4608376026153564, 1.2239574193954468, 1.1349602937698364, 1.0858498811721802, 1.0485563278198242, 1.0223751068115234, 0.9994982481002808, 0.9814882874488831, 0.9596307277679443, 0.9440435767173767, 0.9279305934906006, 0.911438524723053, 0.9002025127410889, 0.8860957622528076, 0.8691796064376831, 0.8557887077331543, 0.8400469422340393, 0.8281206488609314, 0.8135074973106384, 0.79859459400177, 0.786718487739563, 0.7735794186592102, 0.7633765339851379, 0.7505641579627991, 0.7386712431907654, 0.7252040505409241, 0.7176790237426758, 0.7008199691772461, 0.696854829788208, 0.6883506178855896, 0.6780880689620972, 0.6670681834220886, 0.6606912016868591, 0.645501971244812, 0.6393893361091614, 0.626056969165802, 0.6227408051490784, 0.6110312342643738, 0.6042184829711914, 0.5948112607002258, 0.5894157886505127, 0.5822279453277588, 0.5790073871612549, 0.5701494812965393, 0.5625239014625549, 0.5533891320228577, 0.5520642995834351, 0.5441641807556152, 0.5440364480018616, 0.5343115329742432], "accuracy": [0.4543018937110901, 0.5654751658439636, 0.598723828792572, 0.6158539056777954, 0.6304984092712402, 0.6391817927360535, 0.64652019739151, 0.6532129645347595, 0.6607019901275635, 0.6658130288124084, 0.6710101366043091, 0.6781225800514221, 0.6830184459686279, 0.6869566440582275, 0.6930575966835022, 0.696759045124054, 0.7022036910057068, 0.7072824239730835, 0.7128453850746155, 0.7168696522712708, 0.7210230827331543, 0.7241219878196716, 0.729383647441864, 0.73221355676651, 0.7380239963531494, 0.7420482635498047, 0.745717465877533, 0.7515925168991089, 0.7519906163215637, 0.7544008493423462, 0.7600606679916382, 0.7632133960723877, 0.7658495903015137, 0.7715739607810974, 0.7724347710609436, 0.7773951888084412, 0.778815507888794, 0.7825707793235779, 0.7877249121665955, 0.78901606798172, 0.7912003993988037, 0.7940518260002136, 0.7949126362800598, 0.7975703477859497, 0.7995932698249817, 0.8052853345870972, 0.8044998645782471, 0.8051239848136902, 0.8062968254089355, 0.8101273775100708], "val_loss": [1.4755133390426636, 1.3916651010513306, 1.3891524076461792, 1.4177683591842651, 1.4433257579803467, 1.4206740856170654, 1.3692415952682495, 1.4112133979797363, 1.3607721328735352, 1.426971435546875, 1.3685089349746704, 1.4195817708969116, 1.478826880455017, 1.5535714626312256, 1.4588192701339722, 1.5306766033172607, 1.5020356178283691, 1.4618204832077026, 1.4874907732009888, 1.5159189701080322, 1.5990115404129028, 1.5488264560699463, 1.580566167831421, 1.671370506286621, 1.577190637588501, 1.6534837484359741, 1.6380752325057983, 1.659717082977295, 1.6366703510284424, 1.6814697980880737, 1.662583827972412, 1.7750859260559082, 1.7857357263565063, 1.7611054182052612, 1.7870779037475586, 1.8504016399383545, 1.7398159503936768, 1.7478523254394531, 1.8311002254486084, 1.8944348096847534, 1.8490657806396484, 1.8596974611282349, 2.0831148624420166, 1.770328164100647, 2.018278121948242, 1.9163691997528076, 2.0093061923980713, 1.9487552642822266, 2.0448060035705566, 1.9438914060592651], "val_accuracy": [0.45497003197669983, 0.49360010027885437, 0.5060539841651917, 0.49936577677726746, 0.5027098655700684, 0.5091674327850342, 0.5236969590187073, 0.5181618928909302, 0.5234663486480713, 0.5130881071090698, 0.5249077677726746, 0.5226591229438782, 0.5, 0.4775714874267578, 0.5090520977973938, 0.49175506830215454, 0.5151637196540833, 0.5095133781433105, 0.5065729022026062, 0.5034593939781189, 0.4922163188457489, 0.5000576376914978, 0.49561807513237, 0.49959641695022583, 0.506399929523468, 0.5069764852523804, 0.5148754715919495, 0.5021909475326538, 0.5003459453582764, 0.5083025693893433, 0.49959641695022583, 0.49925047159194946, 0.49406135082244873, 0.49169743061065674, 0.493254154920578, 0.48062729835510254, 0.5014414191246033, 0.5087061524391174, 0.4722094237804413, 0.48875692486763, 0.49815496802330017, 0.502133309841156, 0.45381689071655273, 0.5034593939781189, 0.48720017075538635, 0.4997693598270416, 0.484490305185318, 0.48910287022590637, 0.48950645327568054, 0.48696956038475037]}