{"loss": [1.3931019306182861, 1.21985924243927, 1.1483466625213623, 1.1008033752441406, 1.0686450004577637, 1.0424830913543701, 1.0192503929138184, 1.003329873085022, 0.9913052916526794, 0.9743561744689941, 0.9627615213394165, 0.9528100490570068, 0.9419242143630981, 0.9324275255203247, 0.9232416749000549, 0.9133011102676392, 0.9029815793037415, 0.898399293422699, 0.8897926807403564, 0.88116854429245, 0.8759373426437378, 0.8693338632583618, 0.8622634410858154, 0.851728081703186, 0.8468663096427917, 0.8395413756370544, 0.832758903503418, 0.825326681137085, 0.8185811042785645, 0.8119771480560303, 0.8047384023666382, 0.803591787815094, 0.7916973829269409, 0.7831641435623169, 0.7731804847717285, 0.7652686238288879, 0.7574624419212341, 0.757341742515564, 0.7430651783943176, 0.7355183362960815, 0.7240237593650818, 0.7199865579605103, 0.7090084552764893, 0.710110068321228, 0.6944130063056946, 0.6875231266021729, 0.678589403629303, 0.6709670424461365, 0.6733601093292236, 0.6558406352996826], "accuracy": [0.4912322163581848, 0.5639379620552063, 0.5892718434333801, 0.609941840171814, 0.6213700771331787, 0.6290284395217896, 0.6390241384506226, 0.6436342000961304, 0.6478673219680786, 0.6539422869682312, 0.658789336681366, 0.6608250737190247, 0.6659521460533142, 0.6693881750106812, 0.6725010871887207, 0.676443338394165, 0.6785114407539368, 0.681376576423645, 0.6848664283752441, 0.687828540802002, 0.6893795728683472, 0.690187394618988, 0.6929771900177002, 0.6984058618545532, 0.6993860602378845, 0.701335608959198, 0.7039422392845154, 0.707033634185791, 0.7096186876296997, 0.7092309594154358, 0.7153489589691162, 0.7135394215583801, 0.717180073261261, 0.7216393947601318, 0.7254523634910583, 0.7264325618743896, 0.7290068864822388, 0.7305256128311157, 0.7346510291099548, 0.7364713549613953, 0.74095219373703, 0.7424924373626709, 0.7462300658226013, 0.7463808655738831, 0.7529944181442261, 0.7527897357940674, 0.7575398683547974, 0.7597371935844421, 0.7595432996749878, 0.7664691805839539], "val_loss": [2.4838953018188477, 3.8380990028381348, 1.5532180070877075, 1.6737377643585205, 1.3448325395584106, 1.318994402885437, 1.461350679397583, 1.3729839324951172, 1.3493995666503906, 1.4415264129638672, 1.380019187927246, 1.3786031007766724, 1.3931063413619995, 1.3850544691085815, 1.4000285863876343, 1.3576403856277466, 1.3266627788543701, 1.3459370136260986, 1.3956851959228516, 1.2874561548233032, 1.2679076194763184, 1.3434487581253052, 1.426329493522644, 1.3575185537338257, 1.4071450233459473, 1.2442841529846191, 1.3078441619873047, 1.3208874464035034, 1.281752586364746, 1.3518788814544678, 1.3869400024414062, 1.3646446466445923, 1.4882498979568481, 1.3222929239273071, 1.4410943984985352, 1.4363378286361694, 1.4474306106567383, 1.3244363069534302, 1.5202577114105225, 1.4084032773971558, 1.5069154500961304, 1.4688166379928589, 1.4470001459121704, 1.484653115272522, 1.4784417152404785, 1.657832384109497, 1.4871091842651367, 1.5731626749038696, 1.4363237619400024, 1.4705450534820557], "val_accuracy": [0.29751157760620117, 0.11446759104728699, 0.48234954476356506, 0.4729745388031006, 0.5258680582046509, 0.5333911776542664, 0.4758101999759674, 0.5130786895751953, 0.5290509462356567, 0.5017361044883728, 0.5159143805503845, 0.5207754373550415, 0.5111111402511597, 0.5251736044883728, 0.5123842358589172, 0.5315393805503845, 0.5418981313705444, 0.5395833253860474, 0.518750011920929, 0.5589120388031006, 0.5547453761100769, 0.5244791507720947, 0.5230324268341064, 0.5345486402511597, 0.5163194537162781, 0.5664351582527161, 0.5528356432914734, 0.5480902791023254, 0.549942135810852, 0.5405092835426331, 0.5403935313224792, 0.5379050970077515, 0.5214120149612427, 0.5531250238418579, 0.5155092477798462, 0.5219328999519348, 0.5280671119689941, 0.5472800731658936, 0.503993034362793, 0.5407986044883728, 0.5263310074806213, 0.5393518805503845, 0.5413773059844971, 0.5337384343147278, 0.5180555582046509, 0.49623844027519226, 0.5317129492759705, 0.5239004492759705, 0.5257523059844971, 0.5351851582527161]}