{"loss": [1.5873284339904785, 1.280491828918457, 1.1146730184555054, 1.0339739322662354, 0.9818142056465149, 0.9503936767578125, 0.9214817881584167, 0.9002228379249573, 0.8732914328575134, 0.8484460115432739, 0.8280152678489685, 0.8113659620285034, 0.7876011729240417, 0.7681928277015686, 0.7446547150611877, 0.7165461778640747, 0.6969962120056152, 0.6710965633392334, 0.6502163410186768, 0.6211705803871155, 0.5940297842025757, 0.5753920674324036, 0.549223780632019, 0.5271028876304626, 0.5029036402702332, 0.48651352524757385, 0.46701905131340027, 0.44761162996292114, 0.429049015045166, 0.4149731993675232, 0.39456841349601746, 0.3840322196483612, 0.36463192105293274, 0.35759949684143066, 0.34403786063194275, 0.3302316963672638, 0.31884270906448364, 0.3155379295349121, 0.30300912261009216, 0.29131361842155457, 0.28430214524269104, 0.2768072187900543, 0.26935309171676636, 0.2685757875442505, 0.25321871042251587, 0.2471463829278946, 0.24479332566261292, 0.23633579909801483, 0.2345619648694992, 0.2294662594795227], "accuracy": [0.3668133616447449, 0.536963939666748, 0.6023276448249817, 0.6326904892921448, 0.6514043211936951, 0.6621149182319641, 0.6731706857681274, 0.6805699467658997, 0.68900465965271, 0.6972452402114868, 0.7055073976516724, 0.7098541855812073, 0.7202088236808777, 0.7244477272033691, 0.7326667308807373, 0.7424389719963074, 0.7516071200370789, 0.7604948878288269, 0.767279326915741, 0.7768465876579285, 0.7863275408744812, 0.793597400188446, 0.8029812574386597, 0.81141597032547, 0.8201742768287659, 0.8259448409080505, 0.8329558372497559, 0.8409698605537415, 0.846524715423584, 0.8529640436172485, 0.8599210381507874, 0.8632323741912842, 0.8712140917778015, 0.8724328875541687, 0.8783437013626099, 0.882151186466217, 0.887382447719574, 0.8881482481956482, 0.8934873342514038, 0.896690845489502, 0.8993549942970276, 0.9019975662231445, 0.9058374166488647, 0.9059453010559082, 0.9113491177558899, 0.9138838648796082, 0.9155880808830261, 0.9164832830429077, 0.9182198643684387, 0.9201721549034119], "val_loss": [1.5391815900802612, 1.3988659381866455, 1.338437557220459, 1.3664299249649048, 1.3003838062286377, 1.2747807502746582, 1.2531719207763672, 1.292005181312561, 1.3866859674453735, 1.2781060934066772, 1.3130525350570679, 1.3486415147781372, 1.3329952955245972, 1.4840419292449951, 1.3118529319763184, 1.5151948928833008, 1.4595043659210205, 1.5135869979858398, 1.533318042755127, 1.60257887840271, 1.659057855606079, 1.6968483924865723, 1.6742621660232544, 1.6939318180084229, 1.7226413488388062, 1.7758846282958984, 1.9168826341629028, 2.020289897918701, 1.8667455911636353, 2.0220515727996826, 2.1283464431762695, 2.163700580596924, 2.208700180053711, 2.130552053451538, 2.2634658813476562, 2.35652232170105, 2.4052226543426514, 2.3047122955322266, 2.3716976642608643, 2.5583176612854004, 2.5505974292755127, 2.7234067916870117, 2.641348361968994, 2.66267728805542, 2.690288782119751, 2.647988796234131, 2.570061683654785, 2.9038801193237305, 2.610597848892212, 2.701122999191284], "val_accuracy": [0.41173040866851807, 0.48548275232315063, 0.5190065503120422, 0.5197644829750061, 0.5471665263175964, 0.550956130027771, 0.5588852763175964, 0.5525886416435242, 0.5278684496879578, 0.5593516826629639, 0.552122175693512, 0.5461753606796265, 0.5592933893203735, 0.5240204930305481, 0.561159074306488, 0.5279267430305481, 0.5433185696601868, 0.52635258436203, 0.5384795069694519, 0.5251282453536987, 0.5186567306518555, 0.5230876803398132, 0.5350396633148193, 0.5358558893203735, 0.53416508436203, 0.5421525239944458, 0.5109608173370361, 0.5155667066574097, 0.5374883413314819, 0.5306670069694519, 0.5092700719833374, 0.518190324306488, 0.5159748196601868, 0.52635258436203, 0.5162079930305481, 0.5229128003120422, 0.520697295665741, 0.5188899040222168, 0.5321245193481445, 0.5136427283287048, 0.5143423676490784, 0.5147504806518555, 0.5172574520111084, 0.5168493390083313, 0.5169076323509216, 0.5143423676490784, 0.5280433893203735, 0.5104944109916687, 0.5262942910194397, 0.5291511416435242]}