{"loss": [1.4457132816314697, 1.1481388807296753, 1.0471967458724976, 0.9892172813415527, 0.9388020634651184, 0.895830512046814, 0.8703996539115906, 0.8428706526756287, 0.8270033001899719, 0.80134516954422, 0.7782347202301025, 0.7571236491203308, 0.7325692176818848, 0.7059337496757507, 0.6926973462104797, 0.6588171124458313, 0.6308375597000122, 0.6054812073707581, 0.5808334350585938, 0.5524798035621643, 0.5261216163635254, 0.5016492009162903, 0.4756949543952942, 0.4498840272426605, 0.42817890644073486, 0.4120597541332245, 0.38844600319862366, 0.37248674035072327, 0.35928159952163696, 0.3428841233253479, 0.32586443424224854, 0.3059956431388855, 0.30368757247924805, 0.2852039933204651, 0.2697027623653412, 0.25932180881500244, 0.24873468279838562, 0.24703265726566315, 0.23971447348594666, 0.23165491223335266, 0.22208556532859802, 0.21817800402641296, 0.20727036893367767, 0.20185700058937073, 0.18729354441165924, 0.18813705444335938, 0.19857382774353027, 0.18014807999134064, 0.17162637412548065, 0.16994483768939972], "accuracy": [0.504146933555603, 0.6030159592628479, 0.635124921798706, 0.6536406874656677, 0.670066773891449, 0.6849526166915894, 0.6922662854194641, 0.7016695141792297, 0.7072813510894775, 0.7160168290138245, 0.7234812378883362, 0.7310534119606018, 0.7378931641578674, 0.7487289905548096, 0.752412736415863, 0.7649504542350769, 0.7735782265663147, 0.7830137610435486, 0.7911460399627686, 0.8018742203712463, 0.8115575313568115, 0.8201529383659363, 0.8292761445045471, 0.8383240103721619, 0.8472318053245544, 0.8532097935676575, 0.8597695231437683, 0.8657044172286987, 0.8727380633354187, 0.8762063980102539, 0.8835846781730652, 0.8912537693977356, 0.8911891579627991, 0.899342954158783, 0.9039961099624634, 0.9074752330780029, 0.9112235903739929, 0.9133455157279968, 0.9151551127433777, 0.917233943939209, 0.9220702052116394, 0.9232227206230164, 0.927046537399292, 0.9297070503234863, 0.9341447949409485, 0.934026300907135, 0.9308918714523315, 0.939110279083252, 0.9390025734901428, 0.9410060048103333], "val_loss": [1.5966349840164185, 1.5403848886489868, 1.475196361541748, 1.37361478805542, 1.3232359886169434, 1.3348089456558228, 1.3000599145889282, 1.2813791036605835, 1.2625032663345337, 1.4113104343414307, 1.3792585134506226, 1.4855867624282837, 1.542365312576294, 1.452330470085144, 1.3833876848220825, 1.3579905033111572, 1.4900232553482056, 1.3794893026351929, 1.5239806175231934, 1.6247825622558594, 1.5599437952041626, 1.6512703895568848, 1.7401750087738037, 1.8257189989089966, 1.7508639097213745, 1.8615585565567017, 1.7927802801132202, 2.130310297012329, 1.8870874643325806, 2.118539810180664, 2.0242528915405273, 2.013523578643799, 2.147418737411499, 2.209524154663086, 2.3660402297973633, 2.1890616416931152, 2.3235721588134766, 2.2994749546051025, 2.3705532550811768, 2.389611005783081, 2.386258125305176, 2.371472120285034, 2.4482555389404297, 2.596543788909912, 2.480208158493042, 2.5558829307556152, 2.6398346424102783, 2.666095495223999, 2.6472012996673584, 2.565187931060791], "val_accuracy": [0.41296297311782837, 0.4801504611968994, 0.4913194477558136, 0.5330439805984497, 0.5226272940635681, 0.5442708134651184, 0.542187511920929, 0.5714120268821716, 0.5725694298744202, 0.547627329826355, 0.5451388955116272, 0.520312488079071, 0.5205439925193787, 0.5344328880310059, 0.5596643686294556, 0.5723958611488342, 0.5435763597488403, 0.5715856552124023, 0.548495352268219, 0.5360532402992249, 0.5498842597007751, 0.5460069179534912, 0.547627329826355, 0.5180555582046509, 0.5457754731178284, 0.542187511920929, 0.5371527671813965, 0.5223958492279053, 0.5521411895751953, 0.5115162134170532, 0.5349537134170532, 0.5333333611488342, 0.5353587865829468, 0.5370370149612427, 0.5178240537643433, 0.5472221970558167, 0.5590856671333313, 0.533622682094574, 0.532870352268219, 0.5298610925674438, 0.5401041507720947, 0.5346064567565918, 0.541435182094574, 0.5304397940635681, 0.5381366014480591, 0.5457754731178284, 0.5306134223937988, 0.5506365895271301, 0.5342013835906982, 0.5392940044403076]}