{"loss": [1.4154988527297974, 1.2136547565460205, 1.1469124555587769, 1.1011767387390137, 1.0737266540527344, 1.0439776182174683, 1.0224639177322388, 1.0067631006240845, 0.9906431436538696, 0.9777917861938477, 0.9616640210151672, 0.9540978670120239, 0.9435744285583496, 0.9346826672554016, 0.9260831475257874, 0.9191917181015015, 0.912801206111908, 0.9036814570426941, 0.9005902409553528, 0.8909726142883301, 0.8870195150375366, 0.8801413178443909, 0.8717904686927795, 0.8664534687995911, 0.8587069511413574, 0.8548567295074463, 0.847885012626648, 0.8440013527870178, 0.8377079367637634, 0.8325611352920532, 0.829401969909668, 0.8191457390785217, 0.8147820830345154, 0.8101018667221069, 0.8066173791885376, 0.7980923056602478, 0.7922475337982178, 0.785793125629425, 0.7832809090614319, 0.7771162986755371, 0.772905170917511, 0.7642435431480408, 0.7618430256843567, 0.7545115947723389, 0.7463763952255249, 0.7418208718299866, 0.7397781014442444, 0.7325620651245117, 0.7270514965057373, 0.7166907787322998], "accuracy": [0.4785141050815582, 0.5668198466300964, 0.5918435454368591, 0.608907163143158, 0.6199412941932678, 0.6309754848480225, 0.6369617581367493, 0.6441884636878967, 0.6503472924232483, 0.6541224718093872, 0.6610578894615173, 0.6620717644691467, 0.6649408936500549, 0.6693416237831116, 0.6726637482643127, 0.6739041209220886, 0.6767624616622925, 0.6809366345405579, 0.6815298795700073, 0.6840754151344299, 0.6851755976676941, 0.6879584193229675, 0.6907628178596497, 0.6930062770843506, 0.6940202116966248, 0.6960479617118835, 0.6986474394798279, 0.701570451259613, 0.7018077373504639, 0.7037384510040283, 0.7047308087348938, 0.7088726162910461, 0.7106307744979858, 0.7115152478218079, 0.7133165001869202, 0.7160777449607849, 0.7168974876403809, 0.7211364507675171, 0.7214491963386536, 0.7225709557533264, 0.7254400849342346, 0.7282875776290894, 0.729161262512207, 0.7301212549209595, 0.7336267232894897, 0.7348886728286743, 0.736280083656311, 0.7396993041038513, 0.7409396767616272, 0.7448442578315735], "val_loss": [1.576732873916626, 2.2182908058166504, 9.098508834838867, 1.8112505674362183, 1.8793898820877075, 3.1284780502319336, 1.3402624130249023, 3.058791399002075, 1.5404930114746094, 1.7062668800354004, 1.6514843702316284, 1.7731125354766846, 1.3621710538864136, 1.4730589389801025, 1.4430477619171143, 1.3044978380203247, 1.4275325536727905, 1.4728485345840454, 1.3666430711746216, 1.2982313632965088, 1.3360857963562012, 1.3649907112121582, 1.412964940071106, 1.4271433353424072, 1.3553764820098877, 1.3811298608779907, 1.4033581018447876, 1.3665099143981934, 1.296040415763855, 1.385059118270874, 1.3121060132980347, 1.3505619764328003, 1.3454774618148804, 1.2936748266220093, 1.4813753366470337, 1.388087511062622, 1.3328698873519897, 1.3417608737945557, 1.3460819721221924, 1.299522042274475, 1.4582639932632446, 1.4478545188903809, 1.3538144826889038, 1.2756483554840088, 1.3912289142608643, 1.4694963693618774, 1.5782865285873413, 1.373665690422058, 1.4660353660583496, 1.3646410703659058], "val_accuracy": [0.41167211532592773, 0.38724347949028015, 0.1414412260055542, 0.37739038467407227, 0.45487406849861145, 0.17776352167129517, 0.54979008436203, 0.17589785158634186, 0.506471574306488, 0.5099113583564758, 0.41009795665740967, 0.4274137020111084, 0.538887619972229, 0.5190065503120422, 0.526177704334259, 0.5370219349861145, 0.5037896633148193, 0.49247899651527405, 0.54296875, 0.5522971153259277, 0.5487406849861145, 0.5317164063453674, 0.5116021633148193, 0.520697295665741, 0.5399370193481445, 0.5469915866851807, 0.5359141826629639, 0.5233792066574097, 0.56932133436203, 0.5264692306518555, 0.5508395433425903, 0.5420359373092651, 0.5534048676490784, 0.5636077523231506, 0.5023320913314819, 0.5315998196601868, 0.5601096153259277, 0.5518890023231506, 0.5363805890083313, 0.5718283653259277, 0.5215135216712952, 0.5369052886962891, 0.5423857569694519, 0.567747175693512, 0.5393540263175964, 0.5219216346740723, 0.48507463932037354, 0.5425606369972229, 0.5406366586685181, 0.5538712739944458]}