{"loss": [1.4190163612365723, 1.244154691696167, 1.1758246421813965, 1.1382101774215698, 1.1058721542358398, 1.0790255069732666, 1.0622014999389648, 1.0456703901290894, 1.0277142524719238, 1.0145875215530396, 0.9996326565742493, 0.9917869567871094, 0.9792846441268921, 0.9690752625465393, 0.9669979214668274, 0.9516369104385376, 0.9439780116081238, 0.9370169639587402, 0.9308969974517822, 0.9216695427894592, 0.9156727194786072, 0.9099742770195007, 0.9026535749435425, 0.8998686671257019, 0.892575740814209, 0.8847695589065552, 0.8787385821342468, 0.8727183938026428, 0.8778936266899109, 0.8696978092193604, 0.859015166759491, 0.8562366962432861, 0.8499602675437927, 0.8446757793426514, 0.8370828628540039, 0.8340595364570618, 0.8292403817176819, 0.8231740593910217, 0.8169295787811279, 0.8132483959197998, 0.8085470199584961, 0.8040370345115662, 0.7991734743118286, 0.795647144317627, 0.7934735417366028, 0.7915977835655212, 0.7798643112182617, 0.7754049897193909, 0.7929999232292175, 0.7838911414146423], "accuracy": [0.47758975625038147, 0.5566498637199402, 0.5804271101951599, 0.5971971154212952, 0.6102320551872253, 0.6183479428291321, 0.6243433952331543, 0.6301558613777161, 0.6385838985443115, 0.6416838765144348, 0.64714115858078, 0.6508116126060486, 0.6550525426864624, 0.6575927734375, 0.658722996711731, 0.6648368239402771, 0.6659670472145081, 0.6679906249046326, 0.6712197661399841, 0.672371506690979, 0.676321804523468, 0.6776672601699829, 0.6812300682067871, 0.6810148358345032, 0.6846099495887756, 0.6866012215614319, 0.6895074248313904, 0.6912727355957031, 0.6880866289138794, 0.6908206343650818, 0.6953952312469482, 0.6971174478530884, 0.6977525353431702, 0.6986136436462402, 0.7021441459655762, 0.7050719261169434, 0.7051472663879395, 0.7073646187782288, 0.7087531089782715, 0.71136873960495, 0.7134461402893066, 0.7137367725372314, 0.7159433364868164, 0.7162231802940369, 0.7182790637016296, 0.7199797630310059, 0.7245328426361084, 0.7249849438667297, 0.7180100083351135, 0.7219280004501343], "val_loss": [3.4646856784820557, 2.246238946914673, 2.2093470096588135, 1.4162503480911255, 1.8608064651489258, 1.3914648294448853, 1.4661147594451904, 1.3135961294174194, 1.4331456422805786, 1.2528762817382812, 1.3640364408493042, 1.440732717514038, 1.5249638557434082, 1.4285717010498047, 1.445583701133728, 1.2424511909484863, 1.3259823322296143, 1.246235966682434, 1.30104398727417, 1.3461384773254395, 1.3823089599609375, 1.4401828050613403, 1.340620517730713, 1.287562608718872, 1.2088818550109863, 1.2939186096191406, 1.4663231372833252, 1.2699775695800781, 1.4962371587753296, 1.3351502418518066, 1.4121285676956177, 1.3166873455047607, 1.3698381185531616, 1.2482179403305054, 1.3201403617858887, 1.2904388904571533, 1.3313229084014893, 1.2724443674087524, 1.4134749174118042, 1.3908017873764038, 1.301796317100525, 1.3450472354888916, 1.3664398193359375, 1.3817510604858398, 1.3263828754425049, 1.3289391994476318, 1.578953504562378, 1.4037483930587769, 1.5126866102218628, 1.3702735900878906], "val_accuracy": [0.3438076674938202, 0.2580719590187073, 0.2532287836074829, 0.5095710158348083, 0.4296586811542511, 0.5114737153053284, 0.5027098655700684, 0.5221402049064636, 0.48921817541122437, 0.5519487857818604, 0.524158239364624, 0.5168934464454651, 0.47584179043769836, 0.5223131775856018, 0.5014990568161011, 0.5591558814048767, 0.5299815535545349, 0.5619234442710876, 0.5419164896011353, 0.5343634486198425, 0.5229474306106567, 0.5197186470031738, 0.5368427038192749, 0.5600784420967102, 0.57622230052948, 0.5477975010871887, 0.49313884973526, 0.5679773688316345, 0.49313884973526, 0.5448570251464844, 0.5106088519096375, 0.5503343939781189, 0.5303274989128113, 0.5611739158630371, 0.5473362803459167, 0.5531019568443298, 0.5409939885139465, 0.5589829087257385, 0.5302121639251709, 0.5242158770561218, 0.5501037836074829, 0.5478551387786865, 0.5409939885139465, 0.5308464169502258, 0.5554658770561218, 0.5416282415390015, 0.5006918907165527, 0.5274446606636047, 0.4856434464454651, 0.5457218885421753]}