{
    "loss": [
        1.4066113233566284,
        1.1396639347076416,
        1.0604690313339233,
        1.002681016921997,
        0.9585161805152893,
        0.9249365329742432,
        0.8959497809410095,
        0.871123731136322,
        0.8558440804481506,
        0.8323855400085449,
        0.8172512650489807,
        0.7841914892196655,
        0.7605975270271301,
        0.7436628341674805,
        0.7215906381607056,
        0.6834279298782349,
        0.6634699106216431,
        0.6457275152206421,
        0.6065235137939453,
        0.5791597366333008,
        0.5500138998031616,
        0.5343348383903503,
        0.5012416839599609,
        0.4870217442512512,
        0.4587969183921814,
        0.43474024534225464,
        0.4190736711025238,
        0.40474388003349304,
        0.3826834559440613,
        0.36529403924942017,
        0.34519219398498535,
        0.33221718668937683,
        0.31820863485336304,
        0.3024393320083618,
        0.28509145975112915,
        0.277489572763443,
        0.2685564160346985,
        0.26096388697624207,
        0.25779393315315247,
        0.2424197793006897,
        0.22856353223323822,
        0.2181994616985321,
        0.2157590538263321,
        0.2084411084651947,
        0.21132585406303406,
        0.20198333263397217,
        0.18913336098194122,
        0.18236355483531952,
        0.17846235632896423,
        0.17744430899620056
    ],
    "accuracy": [
        0.5208531022071838,
        0.6064627170562744,
        0.6341663002967834,
        0.6546639204025269,
        0.666684627532959,
        0.6784360408782959,
        0.6872899532318115,
        0.6961008310317993,
        0.7004092931747437,
        0.7073136568069458,
        0.7139056324958801,
        0.7234597206115723,
        0.731872022151947,
        0.7379146814346313,
        0.7459607720375061,
        0.7566027641296387,
        0.7660383582115173,
        0.7732119560241699,
        0.7829383611679077,
        0.7925894260406494,
        0.8030051589012146,
        0.8082938194274902,
        0.8214239478111267,
        0.8266910910606384,
        0.8366006016731262,
        0.8462193012237549,
        0.8502046465873718,
        0.8556118011474609,
        0.8643687963485718,
        0.8700021505355835,
        0.8773050308227539,
        0.8819581866264343,
        0.8880224227905273,
        0.8932679891586304,
        0.8998815417289734,
        0.9017449617385864,
        0.9059241414070129,
        0.9085846543312073,
        0.9080353379249573,
        0.9141210913658142,
        0.9182679653167725,
        0.9233950972557068,
        0.9239982962608337,
        0.9267018437385559,
        0.9259586334228516,
        0.9287160634994507,
        0.9336816072463989,
        0.9374838471412659,
        0.938507080078125,
        0.9383455514907837
    ],
    "val_loss": [
        1.636223316192627,
        1.4457676410675049,
        1.5456827878952026,
        1.5246644020080566,
        1.2988896369934082,
        1.5364407300949097,
        1.4045610427856445,
        1.3967114686965942,
        1.511153221130371,
        1.3514372110366821,
        1.3418906927108765,
        1.3487608432769775,
        1.4469425678253174,
        1.2825846672058105,
        1.520540475845337,
        1.3766052722930908,
        1.497144341468811,
        1.516242265701294,
        1.5548056364059448,
        1.5793647766113281,
        1.700072169303894,
        1.6670812368392944,
        1.784429669380188,
        1.7584166526794434,
        1.865922451019287,
        1.7608678340911865,
        1.8254759311676025,
        1.9677578210830688,
        2.0042057037353516,
        2.0513570308685303,
        2.1433029174804688,
        2.049285411834717,
        2.1648244857788086,
        2.335989475250244,
        2.440131902694702,
        2.3024139404296875,
        2.4302937984466553,
        2.6572837829589844,
        2.5208559036254883,
        2.604555368423462,
        2.5792717933654785,
        2.5951056480407715,
        2.4696154594421387,
        2.581439971923828,
        2.725203514099121,
        2.5186054706573486,
        2.6845028400421143,
        2.631134033203125,
        2.7260873317718506,
        2.916186809539795
    ],
    "val_accuracy": [
        0.4659722149372101,
        0.5039351582527161,
        0.4885995388031006,
        0.5004629492759705,
        0.5534722208976746,
        0.46383100748062134,
        0.5067708492279053,
        0.5278935432434082,
        0.5143518447875977,
        0.5427662134170532,
        0.5481481552124023,
        0.5531828999519348,
        0.5279513597488403,
        0.5784143805503845,
        0.5225694179534912,
        0.5571180582046509,
        0.5475694537162781,
        0.5475115776062012,
        0.5487847328186035,
        0.5284143686294556,
        0.5324652791023254,
        0.5364583134651184,
        0.5302083492279053,
        0.5193287134170532,
        0.5192129611968994,
        0.5478008985519409,
        0.5300925970077515,
        0.5271990895271301,
        0.5355902910232544,
        0.5248842835426331,
        0.5302662253379822,
        0.5278356671333313,
        0.5221064686775208,
        0.5100694298744202,
        0.519618034362793,
        0.5277777910232544,
        0.5369213223457336,
        0.5188657641410828,
        0.5129051208496094,
        0.5178819298744202,
        0.5135995149612427,
        0.5342013835906982,
        0.5311342477798462,
        0.5282407402992249,
        0.5148147940635681,
        0.5320602059364319,
        0.5291666388511658,
        0.5389467477798462,
        0.5251736044883728,
        0.5230903029441833
    ]
}