{"loss": [1.4287828207015991, 1.297247052192688, 1.2427479028701782, 1.1985911130905151, 1.17133367061615, 1.1520413160324097, 1.1363778114318848, 1.1183780431747437, 1.104663372039795, 1.0909050703048706, 1.0768852233886719, 1.0611399412155151, 1.0465953350067139, 1.0349901914596558, 1.024518370628357, 1.0126659870147705, 1.0023860931396484, 0.9966984391212463, 0.9888275861740112, 0.98143470287323, 0.9739681482315063, 0.9634032249450684, 0.9608640670776367, 0.9547731280326843, 0.9467198848724365, 0.9410719275474548, 0.9383103251457214, 0.9334179759025574, 0.9242953658103943, 0.9222133159637451, 0.9178581833839417, 0.910487174987793, 0.9062440991401672, 0.902444064617157, 0.901552677154541, 0.8944604992866516, 0.8904967308044434, 0.8865758180618286, 0.8816778659820557, 0.8775954842567444, 0.8730147480964661, 0.8702821135520935, 0.8648931384086609, 0.8606327772140503, 0.8577128052711487, 0.8549521565437317, 0.8502086400985718, 0.8435964584350586, 0.842927098274231, 0.8372978568077087], "accuracy": [0.48483380675315857, 0.5400413274765015, 0.5590717196464539, 0.5782097578048706, 0.5864332914352417, 0.5935481786727905, 0.6003509163856506, 0.6068737506866455, 0.6120834350585938, 0.6163458824157715, 0.622890293598175, 0.6285843253135681, 0.6327283978462219, 0.6398217678070068, 0.6433307528495789, 0.6474425196647644, 0.6485404372215271, 0.6523615717887878, 0.6525983810424805, 0.6564518213272095, 0.6579910516738892, 0.6627271175384521, 0.663017749786377, 0.6644923686981201, 0.6683781147003174, 0.6694329380989075, 0.6719517111778259, 0.6710475087165833, 0.6762571930885315, 0.675783634185791, 0.6782485246658325, 0.6803151369094849, 0.6828984618186951, 0.6825647950172424, 0.6839210391044617, 0.6856109499931335, 0.6870425343513489, 0.6889369487762451, 0.6910251379013062, 0.6910144090652466, 0.6926720142364502, 0.692811906337738, 0.6964285969734192, 0.6979570388793945, 0.6971067190170288, 0.6998299360275269, 0.6994209289550781, 0.7045660018920898, 0.7041354775428772, 0.7044153213500977], "val_loss": [4.872379779815674, 4.443772315979004, 8.492634773254395, 5.659611701965332, 3.3170034885406494, 2.216810941696167, 1.3344037532806396, 1.8218387365341187, 1.4743708372116089, 1.4257771968841553, 1.3319342136383057, 1.3613895177841187, 1.9720441102981567, 1.303526520729065, 1.3623135089874268, 1.6713401079177856, 1.3157989978790283, 1.3564594984054565, 1.5606709718704224, 1.4557030200958252, 1.3372983932495117, 1.2874115705490112, 1.574855923652649, 1.3252387046813965, 1.2986118793487549, 1.4054726362228394, 1.3242404460906982, 1.301228404045105, 1.5743356943130493, 1.309695839881897, 1.2782607078552246, 1.3964755535125732, 1.4088501930236816, 1.496309757232666, 1.313843846321106, 1.3033117055892944, 1.4301011562347412, 1.262349247932434, 1.318569540977478, 1.3287407159805298, 1.534587025642395, 1.3086133003234863, 1.3679379224777222, 1.367055892944336, 1.3299092054367065, 1.3685033321380615, 1.5325148105621338, 1.3978617191314697, 1.4646555185317993, 1.421441912651062], "val_accuracy": [0.05304428189992905, 0.3361392915248871, 0.037880536168813705, 0.2600322961807251, 0.13422508537769318, 0.21713560819625854, 0.5076683759689331, 0.3635839521884918, 0.48270294070243835, 0.493254154920578, 0.5239852666854858, 0.5235239863395691, 0.3494580388069153, 0.5381688475608826, 0.5318265557289124, 0.4362892210483551, 0.5427237153053284, 0.5269257426261902, 0.4746309816837311, 0.49855858087539673, 0.5257726311683655, 0.5505073666572571, 0.4708256423473358, 0.5348247289657593, 0.5462407469749451, 0.5125115513801575, 0.5482587814331055, 0.544511079788208, 0.4656941890716553, 0.5534479022026062, 0.5559270977973938, 0.5246770977973938, 0.5160285830497742, 0.5027098655700684, 0.5411093235015869, 0.5541974306106567, 0.5122808814048767, 0.5565613508224487, 0.5472209453582764, 0.5487200021743774, 0.47722554206848145, 0.5549469590187073, 0.5362085103988647, 0.5350553393363953, 0.5429543256759644, 0.5337292551994324, 0.4779174327850342, 0.5369580388069153, 0.5127997994422913, 0.5324031114578247]}