{"loss": [1.6807001829147339, 1.3551212549209595, 1.2561194896697998, 1.2013744115829468, 1.0639305114746094, 1.0252877473831177, 1.0088053941726685, 0.9851491451263428, 0.9782015681266785, 0.9564633965492249, 0.940047562122345, 0.9333653450012207, 0.9174390435218811, 0.912239134311676, 0.9211525917053223, 0.8984502553939819, 0.8799864053726196, 0.872564971446991, 0.8646103143692017, 0.8651913404464722, 0.8845120668411255, 0.8582167029380798, 0.8424183130264282, 0.8341085910797119, 0.8293062448501587, 0.8207578659057617, 0.814254641532898, 0.8047308325767517, 0.8086016774177551, 0.7996957302093506, 0.8025970458984375, 0.7847461104393005, 0.7847084403038025, 0.7712763547897339, 0.775861382484436, 0.7687847018241882, 0.7604785561561584, 0.7510126233100891, 0.7483970522880554, 0.7443820834159851, 0.7354704737663269, 0.7369456887245178, 0.7283961176872253, 0.7264987826347351, 0.725240170955658, 0.7222797870635986, 0.7148908376693726, 0.7125397324562073, 0.7101224660873413, 0.7035142183303833], "accuracy": [0.4547705054283142, 0.5633341670036316, 0.5901360511779785, 0.5997481346130371, 0.6267975568771362, 0.640758216381073, 0.6461400985717773, 0.6561288833618164, 0.6587445139884949, 0.666871190071106, 0.6716395616531372, 0.6730926632881165, 0.67983078956604, 0.6783992052078247, 0.677107572555542, 0.6844807267189026, 0.6894213557243347, 0.6928657293319702, 0.69526606798172, 0.6945556998252869, 0.6914664506912231, 0.6976879239082336, 0.7036187648773193, 0.7055239677429199, 0.7067940831184387, 0.7090437412261963, 0.7122728824615479, 0.7148131132125854, 0.713995099067688, 0.717159628868103, 0.7151468396186829, 0.7208085656166077, 0.7211207151412964, 0.7254692912101746, 0.7247588634490967, 0.7270408272743225, 0.7299901247024536, 0.7321751713752747, 0.73380047082901, 0.7350383400917053, 0.736351490020752, 0.736868143081665, 0.7382674813270569, 0.740301787853241, 0.7399681210517883, 0.7419056296348572, 0.7442521452903748, 0.746684730052948, 0.7450486421585083, 0.7471045255661011], "val_loss": [1.6048587560653687, 1.748075246810913, 1.3847707509994507, 1.4277397394180298, 1.5216618776321411, 1.6162476539611816, 1.315393090248108, 1.3639791011810303, 1.2078417539596558, 1.2897788286209106, 1.3550235033035278, 1.223379373550415, 1.4687508344650269, 1.2735986709594727, 1.5711721181869507, 1.228015661239624, 1.4858088493347168, 1.8310112953186035, 2.0000040531158447, 1.2530674934387207, 1.3435622453689575, 1.2431247234344482, 1.414257526397705, 1.3953763246536255, 1.315142273902893, 1.251656174659729, 1.3014670610427856, 1.5201669931411743, 1.5366569757461548, 1.3747755289077759, 1.3766870498657227, 1.3775173425674438, 1.2963087558746338, 1.2695989608764648, 1.4711161851882935, 1.468233585357666, 1.407252550125122, 1.3881653547286987, 1.2588857412338257, 1.2691553831100464, 1.2462663650512695, 1.381797194480896, 1.3185421228408813, 1.376219630241394, 1.3531723022460938, 1.29185152053833, 1.4542481899261475, 1.385887622833252, 1.3995691537857056, 1.3537101745605469], "val_accuracy": [0.47370848059654236, 0.4835678040981293, 0.5301545262336731, 0.5041512846946716, 0.5011531114578247, 0.5095133781433105, 0.5349977016448975, 0.5565037131309509, 0.5723016858100891, 0.5681503415107727, 0.5149907469749451, 0.5772601366043091, 0.5584640502929688, 0.5609432458877563, 0.5713214874267578, 0.5739737153053284, 0.5728205442428589, 0.5550045967102051, 0.5773754715919495, 0.5597324967384338, 0.5669395923614502, 0.5756457448005676, 0.5628459453582764, 0.5528136491775513, 0.5795664191246033, 0.5774907469749451, 0.5905212163925171, 0.5659593939781189, 0.58002769947052, 0.5848708748817444, 0.5698800683021545, 0.5763952732086182, 0.582852840423584, 0.5767412185668945, 0.5451452732086182, 0.5751845240592957, 0.5706295967102051, 0.5585216879844666, 0.5815843939781189, 0.5844672322273254, 0.5789898633956909, 0.5750115513801575, 0.5745502710342407, 0.5761070251464844, 0.5741466879844666, 0.5744349360466003, 0.5708602666854858, 0.5748962163925171, 0.5584640502929688, 0.5718980431556702]}