{"loss": [1.559059977531433, 1.269837737083435, 1.1527373790740967, 1.0986698865890503, 1.0584752559661865, 1.0352838039398193, 1.015445351600647, 0.9973174333572388, 0.9793850779533386, 0.9580754637718201, 0.9498154520988464, 0.934204638004303, 0.9229071140289307, 0.9114945530891418, 0.8982973098754883, 0.8917474746704102, 0.880390465259552, 0.9003156423568726, 0.8543574213981628, 0.8496574759483337, 0.8359211683273315, 0.826670229434967, 0.8163850903511047, 0.8087875843048096, 0.7946778535842896, 0.7874050140380859, 0.7761041522026062, 0.7747995853424072, 0.758716881275177, 0.7552332878112793, 0.7429747581481934, 0.7343694567680359, 0.7257286906242371, 0.7181688547134399, 0.7120779156684875, 0.7022415995597839, 0.6959550976753235, 0.6842659115791321, 0.6769977807998657, 0.6709036231040955, 0.6648940443992615, 0.6593278646469116, 0.6504177451133728, 0.6418858766555786, 0.6351165771484375, 0.6301381587982178, 0.6271418333053589, 0.6160249710083008, 0.6081047654151917, 0.6041561365127563], "accuracy": [0.3759576380252838, 0.5421580672264099, 0.5884587168693542, 0.6077408194541931, 0.6239024996757507, 0.6309933662414551, 0.6392033100128174, 0.6457777619361877, 0.6521154046058655, 0.6589803695678711, 0.6633812785148621, 0.6686967611312866, 0.672602653503418, 0.6772510409355164, 0.6807480454444885, 0.6825987696647644, 0.6873977780342102, 0.6900339722633362, 0.6955539584159851, 0.6976091265678406, 0.7010846138000488, 0.7056576609611511, 0.7086381912231445, 0.7113497257232666, 0.716708242893219, 0.7203882336616516, 0.7239497900009155, 0.7249182462692261, 0.7306856513023376, 0.7321490049362183, 0.7360764145851135, 0.7411229014396667, 0.741155207157135, 0.7435977458953857, 0.7482138276100159, 0.7504734396934509, 0.7516677975654602, 0.7563484311103821, 0.7583175301551819, 0.7615240812301636, 0.7624494433403015, 0.766409158706665, 0.7697555422782898, 0.7726500034332275, 0.7744146585464478, 0.7745975852012634, 0.7761470079421997, 0.7820435762405396, 0.7836790680885315, 0.7857988476753235], "val_loss": [1.5113970041275024, 1.4441009759902954, 1.381856083869934, 1.3608952760696411, 1.3718732595443726, 1.3518801927566528, 1.3619571924209595, 1.3341295719146729, 1.3859999179840088, 1.340434193611145, 1.2926461696624756, 1.4453717470169067, 1.4650981426239014, 1.3954359292984009, 1.381730079650879, 1.410688877105713, 1.4751888513565063, 1.4688420295715332, 1.4195518493652344, 1.4584602117538452, 1.4711464643478394, 1.5527211427688599, 1.4392201900482178, 1.4616214036941528, 1.4926401376724243, 1.4908921718597412, 1.5063023567199707, 1.5380781888961792, 1.585310697555542, 1.5479716062545776, 1.5647436380386353, 1.5584625005722046, 1.5499937534332275, 1.5917876958847046, 1.5801420211791992, 1.5881770849227905, 1.5939151048660278, 1.6348708868026733, 1.708799958229065, 1.5915898084640503, 1.6861389875411987, 1.7355389595031738, 1.6261582374572754, 1.7267858982086182, 1.644051432609558, 1.7856731414794922, 1.6905804872512817, 1.7582265138626099, 1.7872676849365234, 1.8925844430923462], "val_accuracy": [0.4264298975467682, 0.47140222787857056, 0.4990774989128113, 0.513261079788208, 0.51752769947052, 0.5202952027320862, 0.5210447311401367, 0.5305581092834473, 0.5252537131309509, 0.5258302688598633, 0.5364391207695007, 0.5144141912460327, 0.5080719590187073, 0.5108394622802734, 0.5281941890716553, 0.5275022983551025, 0.5011531114578247, 0.5118196606636047, 0.5277906060218811, 0.5191997289657593, 0.5181042551994324, 0.4846056401729584, 0.5200645923614502, 0.5076683759689331, 0.508994460105896, 0.5176429748535156, 0.5276176333427429, 0.5118772983551025, 0.48835331201553345, 0.5190267562866211, 0.5139529705047607, 0.5194303393363953, 0.5224285125732422, 0.5133763551712036, 0.5173547267913818, 0.5104935169219971, 0.5060539841651917, 0.5084755420684814, 0.5039783120155334, 0.5109547972679138, 0.4876037836074829, 0.4955604374408722, 0.5122232437133789, 0.5072070956230164, 0.5165475010871887, 0.5001153349876404, 0.5050737857818604, 0.49607932567596436, 0.4924469590187073, 0.49400368332862854]}