{"loss": [1.4736480712890625, 1.128268837928772, 1.0496928691864014, 0.9967499375343323, 0.9585701823234558, 0.9280771017074585, 0.9123105406761169, 0.8878802061080933, 0.8693956732749939, 0.849288821220398, 0.8285378813743591, 0.8135303854942322, 0.7892875075340271, 0.769966721534729, 0.749427080154419, 0.7284150719642639, 0.7068454027175903, 0.6920956373214722, 0.6746253967285156, 0.641699492931366, 0.6210014820098877, 0.5950844883918762, 0.5753411650657654, 0.5561694502830505, 0.530860185623169, 0.5094375014305115, 0.4876679480075836, 0.45996949076652527, 0.4444720149040222, 0.4304713010787964, 0.41054338216781616, 0.3878571391105652, 0.3703201115131378, 0.3558907210826874, 0.3327505588531494, 0.3388086259365082, 0.3011680841445923, 0.37627866864204407, 0.2916213870048523, 0.26847386360168457, 0.25560930371284485, 0.2469126433134079, 0.24341782927513123, 0.23770427703857422, 0.22443726658821106, 0.20931954681873322, 0.26116177439689636, 0.1992376744747162, 0.19955484569072723, 0.18756139278411865], "accuracy": [0.5020062327384949, 0.5996850728988647, 0.6319031119346619, 0.648513674736023, 0.6629562377929688, 0.6735050678253174, 0.6782724857330322, 0.6866641044616699, 0.6943653225898743, 0.7003300786018372, 0.7075783014297485, 0.7123349905014038, 0.7200793623924255, 0.727306067943573, 0.7343062162399292, 0.739321768283844, 0.748694896697998, 0.7536133527755737, 0.7592760324478149, 0.7701807618141174, 0.7774614095687866, 0.7870933413505554, 0.794050395488739, 0.800770103931427, 0.8098951578140259, 0.8168522119522095, 0.8249525427818298, 0.8347355127334595, 0.8400099277496338, 0.8465462923049927, 0.8533307313919067, 0.8606976270675659, 0.8671585321426392, 0.8727025389671326, 0.882636547088623, 0.8788722157478333, 0.891578197479248, 0.8646777272224426, 0.8969173431396484, 0.9060208201408386, 0.909191906452179, 0.9134739637374878, 0.9136142134666443, 0.9163646697998047, 0.9211105108261108, 0.9259211421012878, 0.9078436493873596, 0.9303650259971619, 0.9303218722343445, 0.9334605932235718], "val_loss": [1.704738974571228, 1.5216772556304932, 1.4017267227172852, 1.3164781332015991, 1.3905601501464844, 1.54852294921875, 1.4444574117660522, 1.3694044351577759, 1.3659629821777344, 1.3663891553878784, 1.4440490007400513, 1.275795817375183, 1.3641167879104614, 1.5317531824111938, 1.4243123531341553, 1.3536431789398193, 1.3595778942108154, 1.4137153625488281, 1.5216829776763916, 1.5007884502410889, 1.582167625427246, 1.5336359739303589, 1.644995927810669, 1.6157063245773315, 1.7370723485946655, 1.868056058883667, 1.634674072265625, 1.8925598859786987, 1.7941811084747314, 1.9213320016860962, 1.8079254627227783, 2.196270227432251, 2.046182155609131, 2.1586966514587402, 1.9352327585220337, 2.0606226921081543, 2.1511690616607666, 2.0620715618133545, 2.2570154666900635, 2.2863566875457764, 2.60752272605896, 2.2860777378082275, 2.407806634902954, 2.477724075317383, 2.2955996990203857, 2.627875804901123, 2.3033015727996826, 2.5590972900390625, 2.6506166458129883, 2.6940360069274902], "val_accuracy": [0.42222481966018677, 0.4611707031726837, 0.49947527050971985, 0.5343983173370361, 0.5232042670249939, 0.48466649651527405, 0.5195895433425903, 0.540403425693512, 0.54197758436203, 0.5418609976768494, 0.5237873196601868, 0.5712453126907349, 0.5307835936546326, 0.5077542066574097, 0.5523554086685181, 0.5537546873092651, 0.5553871393203735, 0.54005366563797, 0.5314832329750061, 0.5448344349861145, 0.5324743390083313, 0.5385960936546326, 0.5364388823509216, 0.5424440503120422, 0.5204640626907349, 0.5225046873092651, 0.55567866563797, 0.5131180286407471, 0.5448927283287048, 0.5377798676490784, 0.5320079326629639, 0.5205807089805603, 0.5327075719833374, 0.5065881609916687, 0.5473414063453674, 0.5475746393203735, 0.5182486176490784, 0.531424880027771, 0.5364388823509216, 0.5362057089805603, 0.5174906849861145, 0.5398204326629639, 0.5577775239944458, 0.5169076323509216, 0.5561450719833374, 0.524778425693512, 0.5420359373092651, 0.5355060696601868, 0.5292677283287048, 0.53807133436203]}