{"loss": [2.662234306335449, 2.2114851474761963, 1.6011486053466797, 1.4851887226104736, 1.3917213678359985, 1.3177741765975952, 1.2661354541778564, 1.2275809049606323, 1.195717215538025, 1.186730980873108, 1.148667812347412, 1.1240179538726807, 1.1014326810836792, 1.2776389122009277, 1.1437113285064697, 1.0940632820129395, 1.0658198595046997, 1.04412841796875, 1.026458501815796, 1.0093345642089844, 0.9967305064201355, 0.9825193285942078, 0.9663724899291992, 0.9523577690124512, 0.9405914545059204, 0.9366263151168823, 0.9217228293418884, 0.906436026096344, 0.8940404057502747, 0.8765059113502502, 0.8683828711509705, 0.8599996566772461, 0.8468682765960693, 0.8376168608665466, 0.8335800170898438, 0.8163285851478577, 0.8052970170974731, 0.9012798070907593, 0.8181765079498291, 0.7913402915000916, 0.7786952257156372, 0.774992048740387, 0.9326079487800598, 0.7838925123214722, 0.7610758543014526, 0.748360812664032, 0.7344946265220642, 0.7262175679206848, 0.7151415348052979, 0.7072174549102783], "accuracy": [0.2787175178527832, 0.304928719997406, 0.3845534324645996, 0.4291234612464905, 0.46606025099754333, 0.4960690438747406, 0.5140799880027771, 0.530937910079956, 0.5438076257705688, 0.5483532547950745, 0.5631718635559082, 0.5738640427589417, 0.5818498730659485, 0.5191307067871094, 0.5654398798942566, 0.5854949951171875, 0.5967208743095398, 0.6049544215202332, 0.6120111346244812, 0.6195871829986572, 0.6244568228721619, 0.6286022067070007, 0.6357065439224243, 0.6415767669677734, 0.6446453332901001, 0.6456697583198547, 0.6519021391868591, 0.6581869125366211, 0.6639475226402283, 0.6709375381469727, 0.6723717451095581, 0.6758024096488953, 0.6805958151817322, 0.6854416131973267, 0.6868901252746582, 0.6938086152076721, 0.6975299119949341, 0.6709280014038086, 0.6929938197135925, 0.7017658352851868, 0.7058159112930298, 0.7099089026451111, 0.6590350270271301, 0.7046485543251038, 0.7143687605857849, 0.7181805968284607, 0.7249228358268738, 0.7273623943328857, 0.7313076257705688, 0.7339568734169006], "val_loss": [217.16375732421875, 2.293840169906616, 2.164496898651123, 1.949691653251648, 1.9726139307022095, 2.1143243312835693, 1.8133044242858887, 1.3983057737350464, 1.0993154048919678, 1.186265468597412, 1.1347869634628296, 1.1444793939590454, 1.2108689546585083, 1.7852898836135864, 1.7755286693572998, 1.3521833419799805, 0.9793844819068909, 1.2991114854812622, 1.0621609687805176, 1.1512079238891602, 0.9511346817016602, 0.9361629486083984, 1.351565957069397, 0.9995752573013306, 0.9779825806617737, 1.1569145917892456, 1.2842236757278442, 1.2849955558776855, 0.8904455900192261, 0.9845057725906372, 1.1710786819458008, 0.9279243350028992, 1.05739164352417, 2.052386522293091, 1.1257574558258057, 1.0869083404541016, 0.9621429443359375, 1.1858322620391846, 1.2302370071411133, 1.0093246698379517, 1.0444905757904053, 1.9141149520874023, 1.118950366973877, 1.065596342086792, 0.9312495589256287, 1.0025230646133423, 1.1005207300186157, 1.111840844154358, 1.1188663244247437, 0.9616657495498657], "val_accuracy": [0.014814814552664757, 0.05925925821065903, 0.13333334028720856, 0.28148147463798523, 0.27407407760620117, 0.24444444477558136, 0.34074074029922485, 0.48148149251937866, 0.6740740537643433, 0.5777778029441833, 0.6000000238418579, 0.6296296119689941, 0.5777778029441833, 0.3481481373310089, 0.39259257912635803, 0.5111111402511597, 0.7111111283302307, 0.5481481552124023, 0.6592592597007751, 0.585185170173645, 0.6962962746620178, 0.6888889074325562, 0.585185170173645, 0.6888889074325562, 0.7185184955596924, 0.6370370388031006, 0.6000000238418579, 0.5925925970077515, 0.7111111283302307, 0.6888889074325562, 0.614814817905426, 0.7037037014961243, 0.6666666865348816, 0.6666666865348816, 0.644444465637207, 0.6222222447395325, 0.6962962746620178, 0.644444465637207, 0.644444465637207, 0.7333333492279053, 0.6814814805984497, 0.3481481373310089, 0.6592592597007751, 0.6666666865348816, 0.7185184955596924, 0.6518518328666687, 0.6666666865348816, 0.644444465637207, 0.6740740537643433, 0.6962962746620178]}