{"loss": [1.3985216617584229, 1.2222647666931152, 1.1568912267684937, 1.1144376993179321, 1.0842020511627197, 1.05546236038208, 1.037050485610962, 1.0165311098098755, 1.0037813186645508, 0.9868670105934143, 0.9732298254966736, 0.9685719609260559, 0.9545050859451294, 0.9449608325958252, 0.9381330013275146, 0.9313810467720032, 0.9216069579124451, 0.9126392006874084, 0.90814608335495, 0.9006522297859192, 0.8926381468772888, 0.8876702189445496, 0.8815621137619019, 0.8743320107460022, 0.8689541220664978, 0.8637128472328186, 0.8564941883087158, 0.8478325605392456, 0.8459110856056213, 0.8386959433555603, 0.8330287933349609, 0.8277994990348816, 0.8241356015205383, 0.8212451934814453, 0.8145802617073059, 0.8106892704963684, 0.8028038144111633, 0.7980201244354248, 0.7920167446136475, 0.7870844602584839, 0.7839900255203247, 0.778891921043396, 0.7727614641189575, 0.7642834782600403, 0.7643909454345703, 0.7546566128730774, 0.7472820281982422, 0.7416490316390991, 0.7377125024795532, 0.7311608195304871], "accuracy": [0.4894765317440033, 0.562042236328125, 0.5876238942146301, 0.6040607690811157, 0.6167600154876709, 0.6258617043495178, 0.6329383850097656, 0.6405967473983765, 0.6447436213493347, 0.6495799422264099, 0.6563658118247986, 0.6553748250007629, 0.6626023054122925, 0.665553629398346, 0.6688819527626038, 0.6710577607154846, 0.6735566854476929, 0.6774773597717285, 0.6775850653648376, 0.6796746850013733, 0.6827337145805359, 0.6849310398101807, 0.6882701516151428, 0.689454972743988, 0.6922447085380554, 0.6934080123901367, 0.6954761147499084, 0.6981581449508667, 0.6992136836051941, 0.7018418908119202, 0.7036406993865967, 0.7056764364242554, 0.7061180472373962, 0.7072813510894775, 0.7104803919792175, 0.7113959789276123, 0.714584231376648, 0.7174493670463562, 0.7184079885482788, 0.7200883030891418, 0.7190004587173462, 0.7223610281944275, 0.7246230244636536, 0.7281559705734253, 0.7281667590141296, 0.7304610013961792, 0.7342632412910461, 0.7369991540908813, 0.7373330593109131, 0.7396057844161987], "val_loss": [1.991119384765625, 1.9021258354187012, 1.4191480875015259, 1.5590842962265015, 1.4156081676483154, 1.4171862602233887, 1.2806392908096313, 1.516762375831604, 1.3427625894546509, 1.3368935585021973, 1.4424628019332886, 1.3130111694335938, 1.3719881772994995, 1.2886970043182373, 1.326736330986023, 1.3391939401626587, 1.2951927185058594, 1.3394887447357178, 1.364859938621521, 1.2577197551727295, 1.4981898069381714, 1.4018303155899048, 1.4823812246322632, 1.3533273935317993, 1.291378140449524, 1.3189384937286377, 1.3134275674819946, 1.3356105089187622, 1.2995867729187012, 1.4093457460403442, 1.3077690601348877, 1.5165283679962158, 1.3525364398956299, 1.3858158588409424, 1.380146861076355, 1.3171193599700928, 1.324593424797058, 1.3722732067108154, 1.4037240743637085, 1.44682776927948, 1.2687983512878418, 1.3624380826950073, 1.284070611000061, 1.3420859575271606, 1.373060703277588, 1.4444949626922607, 1.4617085456848145, 1.3511658906936646, 1.3789910078048706, 1.4527702331542969], "val_accuracy": [0.3088541626930237, 0.42494213581085205, 0.5085069537162781, 0.5122106671333313, 0.5160300731658936, 0.4983217716217041, 0.5416666865348816, 0.49508100748062134, 0.5221064686775208, 0.5537037253379822, 0.5083333253860474, 0.5189236402511597, 0.5141782164573669, 0.5380208492279053, 0.5457175970077515, 0.5232638716697693, 0.5365740656852722, 0.5376735925674438, 0.5467592477798462, 0.5662037134170532, 0.4885995388031006, 0.5311342477798462, 0.5046296119689941, 0.5309028029441833, 0.5475694537162781, 0.5490161776542664, 0.5509259104728699, 0.5321180820465088, 0.5526041388511658, 0.5144675970077515, 0.5462962985038757, 0.4870370328426361, 0.5498263835906982, 0.5416088104248047, 0.5321758985519409, 0.5490161776542664, 0.5506365895271301, 0.5372106432914734, 0.5306712985038757, 0.5105323791503906, 0.5858796238899231, 0.5442708134651184, 0.5799189805984497, 0.5646411776542664, 0.5351273417472839, 0.5229166746139526, 0.5274884104728699, 0.5424768328666687, 0.5353009104728699, 0.5402199029922485]}