{"loss": [1.5563706159591675, 1.2481807470321655, 1.0936728715896606, 1.0216048955917358, 0.9772197008132935, 0.9521877765655518, 0.9194477200508118, 0.8971971273422241, 0.8721202611923218, 0.8522132039070129, 0.8358254432678223, 0.8091338276863098, 0.7879320383071899, 0.7685659527778625, 0.7435895800590515, 0.7214874029159546, 0.6913188099861145, 0.6757643818855286, 0.6438547372817993, 0.6240659356117249, 0.5936122536659241, 0.567784309387207, 0.5431440472602844, 0.518399715423584, 0.5020426511764526, 0.47192519903182983, 0.45041197538375854, 0.4331865608692169, 0.41848817467689514, 0.3987898528575897, 0.38349485397338867, 0.36970755457878113, 0.35386767983436584, 0.3449043929576874, 0.330981969833374, 0.3198414146900177, 0.3046448826789856, 0.29574769735336304, 0.28758493065834045, 0.2833975851535797, 0.26869094371795654, 0.2671290934085846, 0.26427963376045227, 0.2459648847579956, 0.24441370368003845, 0.23459267616271973, 0.2291449010372162, 0.23366627097129822, 0.22037728130817413, 0.22312712669372559], "accuracy": [0.38718828558921814, 0.5500474572181702, 0.6103848218917847, 0.636530339717865, 0.6531516909599304, 0.6620286703109741, 0.6732569932937622, 0.6812818050384521, 0.6899645924568176, 0.6962852478027344, 0.7028216123580933, 0.7113965749740601, 0.7195292711257935, 0.7258607149124146, 0.7338640093803406, 0.7426438927650452, 0.7533544898033142, 0.758337676525116, 0.7691129446029663, 0.7752394676208496, 0.7893260717391968, 0.7965743541717529, 0.8067240715026855, 0.8135732412338257, 0.821673572063446, 0.8318556547164917, 0.838920533657074, 0.8454784750938416, 0.8511195778846741, 0.8574618101119995, 0.8643972873687744, 0.8683233857154846, 0.874482274055481, 0.8780632615089417, 0.8840495347976685, 0.8865519165992737, 0.8930667042732239, 0.8962485790252686, 0.899462878704071, 0.9004335999488831, 0.9052333831787109, 0.9063875079154968, 0.9074984788894653, 0.913786768913269, 0.9143800139427185, 0.9178746938705444, 0.9202153086662292, 0.9193632006645203, 0.9240982532501221, 0.9227607846260071], "val_loss": [1.4964216947555542, 1.4109575748443604, 1.353571891784668, 1.3276044130325317, 1.2569769620895386, 1.25467848777771, 1.2954609394073486, 1.362056016921997, 1.3233176469802856, 1.3030062913894653, 1.3843969106674194, 1.2485980987548828, 1.4511520862579346, 1.3614211082458496, 1.3613580465316772, 1.3803589344024658, 1.4216855764389038, 1.4389915466308594, 1.5845938920974731, 1.6083701848983765, 1.624574065208435, 1.6561260223388672, 1.6929147243499756, 1.8357127904891968, 1.7751353979110718, 1.85914945602417, 1.9590966701507568, 1.9795119762420654, 1.946877360343933, 2.025540590286255, 2.114955425262451, 2.0141658782958984, 2.1668548583984375, 2.236774444580078, 2.3218746185302734, 2.3493566513061523, 2.4753029346466064, 2.5532875061035156, 2.522240161895752, 2.450629234313965, 2.7103772163391113, 2.730907440185547, 2.600980043411255, 2.637984275817871, 2.927971839904785, 2.899911880493164, 2.820603132247925, 2.8675413131713867, 3.035139560699463, 2.8211305141448975], "val_accuracy": [0.43761661648750305, 0.49271222949028015, 0.5084538459777832, 0.5366138219833374, 0.5493819713592529, 0.5510144829750061, 0.5473996996879578, 0.5362640023231506, 0.5495569109916687, 0.5598763823509216, 0.5306086540222168, 0.5685051083564758, 0.5282182693481445, 0.5515391826629639, 0.55078125, 0.5499067306518555, 0.5407532453536987, 0.5523554086685181, 0.5337569713592529, 0.5234957933425903, 0.5292094349861145, 0.5356226563453674, 0.5287430286407471, 0.5130013823509216, 0.5276935696601868, 0.5187150239944458, 0.5145172476768494, 0.5241954326629639, 0.5172574520111084, 0.5349230170249939, 0.5219799280166626, 0.5328824520111084, 0.5152751803398132, 0.5157415866851807, 0.51463383436203, 0.5213386416435242, 0.5215135216712952, 0.5178405046463013, 0.5280433893203735, 0.5177822113037109, 0.5083371996879578, 0.5134094953536987, 0.5295009613037109, 0.5192980170249939, 0.5, 0.5074626803398132, 0.5233209133148193, 0.5155084133148193, 0.5288596153259277, 0.5186567306518555]}