{
    "loss": [
        1.4407278299331665,
        1.3143655061721802,
        1.2654114961624146,
        1.2345162630081177,
        1.2065950632095337,
        1.1850554943084717,
        1.1689403057098389,
        1.1551038026809692,
        1.1414960622787476,
        1.1253622770309448,
        1.1125730276107788,
        1.1020829677581787,
        1.0921611785888672,
        1.08795166015625,
        1.0747711658477783,
        1.0643696784973145,
        1.0575658082962036,
        1.0551557540893555,
        1.0445706844329834,
        1.0359247922897339,
        1.032019019126892,
        1.0429840087890625,
        1.0151915550231934,
        1.0108838081359863,
        1.0054900646209717,
        1.0001397132873535,
        0.993421733379364,
        0.9959361553192139,
        0.9890932440757751,
        0.9798933267593384,
        0.975751519203186,
        0.9715893864631653,
        0.9667878150939941,
        0.9644940495491028,
        0.9596506357192993,
        0.9573717713356018,
        0.9524778127670288,
        0.951291561126709,
        0.9448134303092957,
        0.9397302865982056,
        0.9392800331115723,
        0.9585128426551819,
        0.9520190358161926,
        0.9230861067771912,
        0.9236215949058533,
        0.9211701154708862,
        0.9172382950782776,
        0.911056637763977,
        0.9117860794067383,
        0.9046334028244019
    ],
    "accuracy": [
        0.47946974635124207,
        0.5344968438148499,
        0.5526061058044434,
        0.5637428164482117,
        0.5753852128982544,
        0.5804855227470398,
        0.5877054929733276,
        0.5945059061050415,
        0.5970560312271118,
        0.6053951382637024,
        0.6085155606269836,
        0.6135620474815369,
        0.6163596510887146,
        0.6176723837852478,
        0.6234613060951233,
        0.6279482841491699,
        0.6287229657173157,
        0.6311439871788025,
        0.6340815424919128,
        0.6365348100662231,
        0.6391602754592896,
        0.6349100470542908,
        0.6454334259033203,
        0.6456593871116638,
        0.6485108137130737,
        0.6497374773025513,
        0.6525027751922607,
        0.6510286927223206,
        0.6533205509185791,
        0.6569036841392517,
        0.6577860116958618,
        0.6590341925621033,
        0.6620900630950928,
        0.6619716882705688,
        0.663187563419342,
        0.6650813221931458,
        0.6671687960624695,
        0.666394054889679,
        0.6691163778305054,
        0.6706443428993225,
        0.6713437438011169,
        0.6628647446632385,
        0.6666738390922546,
        0.6766699552536011,
        0.6753249764442444,
        0.6760028600692749,
        0.6791017651557922,
        0.680070161819458,
        0.679069459438324,
        0.6812860369682312
    ],
    "val_loss": [
        16.018522262573242,
        12.912245750427246,
        6.8724846839904785,
        3.9919650554656982,
        2.4790637493133545,
        1.8035112619400024,
        1.5244364738464355,
        1.5927478075027466,
        1.3500059843063354,
        1.6460384130477905,
        1.35209321975708,
        1.5083285570144653,
        1.6942543983459473,
        1.4859626293182373,
        1.3834221363067627,
        1.3921345472335815,
        1.3588851690292358,
        1.2816632986068726,
        1.3803644180297852,
        1.2978743314743042,
        1.345427393913269,
        1.2483761310577393,
        1.3579858541488647,
        1.3069231510162354,
        1.298042893409729,
        1.319380521774292,
        1.545250415802002,
        1.399213433265686,
        1.3063411712646484,
        1.5563879013061523,
        1.3470319509506226,
        1.347598910331726,
        1.363405466079712,
        1.3950107097625732,
        1.3935760259628296,
        1.357750654220581,
        1.4098871946334839,
        1.630721092224121,
        1.374150276184082,
        1.3472281694412231,
        1.3497449159622192,
        1.4939383268356323,
        1.3753349781036377,
        1.2989686727523804,
        1.2993931770324707,
        1.2809336185455322,
        1.5016975402832031,
        1.4167193174362183,
        1.292811393737793,
        1.312994360923767
    ],
    "val_accuracy": [
        0.05857933685183525,
        0.058636993169784546,
        0.31544050574302673,
        0.31636300683021545,
        0.2531134784221649,
        0.4083256423473358,
        0.48714253306388855,
        0.43600091338157654,
        0.5106088519096375,
        0.4577952027320862,
        0.5284824967384338,
        0.44793587923049927,
        0.4120156764984131,
        0.4743427038192749,
        0.5110701322555542,
        0.5078989863395691,
        0.5163168907165527,
        0.5403020977973938,
        0.5162015557289124,
        0.5385147333145142,
        0.5337292551994324,
        0.553505539894104,
        0.5156826376914978,
        0.5422624349594116,
        0.5401291251182556,
        0.5395525693893433,
        0.47065266966819763,
        0.5062845945358276,
        0.5482010841369629,
        0.4733048975467682,
        0.5436462163925171,
        0.5324608087539673,
        0.5247347950935364,
        0.5102052688598633,
        0.515394389629364,
        0.5285401344299316,
        0.5229474306106567,
        0.45698800683021545,
        0.5221979022026062,
        0.5277329087257385,
        0.5159709453582764,
        0.47699493169784546,
        0.5245041251182556,
        0.5460678339004517,
        0.55563884973526,
        0.5508533120155334,
        0.49175506830215454,
        0.5134340524673462,
        0.5608856081962585,
        0.5380535125732422
    ]
}