{"loss": [1.3982305526733398, 1.2418526411056519, 1.1790298223495483, 1.1406145095825195, 1.1176087856292725, 1.0950666666030884, 1.0758548974990845, 1.0596270561218262, 1.0467852354049683, 1.032371163368225, 1.0221487283706665, 1.0097745656967163, 0.9987095594406128, 0.9886864423751831, 0.9785632491111755, 0.9722138047218323, 0.9639156460762024, 0.9581016302108765, 0.9520366787910461, 0.944978654384613, 0.9369938969612122, 0.9308069348335266, 0.9255674481391907, 0.918258547782898, 0.9145848155021667, 0.9103044271469116, 0.9047073721885681, 0.8998503088951111, 0.8925317525863647, 0.888046145439148, 0.8829770684242249, 0.8789794445037842, 0.8735193610191345, 0.8700520396232605, 0.8628436923027039, 0.8606966733932495, 0.855364978313446, 0.8497620820999146, 0.8470157980918884, 0.8415075540542603, 0.8389393091201782, 0.8350412249565125, 0.8284889459609985, 0.8246758580207825, 0.8173767328262329, 0.8165100812911987, 0.8154910206794739, 0.8054419755935669, 0.802902340888977, 0.7966295480728149], "accuracy": [0.4981042742729187, 0.560911238193512, 0.5848017930984497, 0.5996661186218262, 0.606505811214447, 0.6155644059181213, 0.6217793822288513, 0.6296747326850891, 0.6339401006698608, 0.6380762457847595, 0.6408336758613586, 0.6465532183647156, 0.648976743221283, 0.6535006165504456, 0.6573459506034851, 0.6588216423988342, 0.6631193161010742, 0.6626669764518738, 0.6665876507759094, 0.6671370267868042, 0.6702606678009033, 0.6726087927818298, 0.674342930316925, 0.6766372323036194, 0.6779190301895142, 0.6803101897239685, 0.6819581985473633, 0.6831107139587402, 0.6861051321029663, 0.6875700354576111, 0.6891425848007202, 0.6906720995903015, 0.6937742233276367, 0.6937419176101685, 0.6960146427154541, 0.6970917582511902, 0.6983304619789124, 0.7013463973999023, 0.7010447978973389, 0.702337384223938, 0.7037268280982971, 0.7052779197692871, 0.7065058350563049, 0.7086923718452454, 0.7108896970748901, 0.7115036845207214, 0.7109112739562988, 0.7151982188224792, 0.7159198522567749, 0.7185264825820923], "val_loss": [9.463933944702148, 8.221014022827148, 6.457636833190918, 1.6909959316253662, 3.297548770904541, 1.6596184968948364, 1.6154162883758545, 1.895101547241211, 1.5657463073730469, 1.3788580894470215, 1.6100025177001953, 1.5885037183761597, 1.632903814315796, 1.3277723789215088, 1.759757399559021, 1.3429219722747803, 1.3647633790969849, 1.4432706832885742, 1.4126018285751343, 1.333778977394104, 1.2969266176223755, 1.3780672550201416, 1.4443249702453613, 1.388238549232483, 1.337528109550476, 1.4181208610534668, 1.4213522672653198, 1.420839548110962, 1.4072147607803345, 1.3857102394104004, 1.343334674835205, 1.3213706016540527, 1.3009976148605347, 1.3583396673202515, 1.4114941358566284, 1.323662281036377, 1.2751120328903198, 1.2587286233901978, 1.4117971658706665, 1.3951109647750854, 1.3992540836334229, 1.2874095439910889, 1.3641653060913086, 1.4392204284667969, 1.4008146524429321, 1.6952987909317017, 1.3329715728759766, 1.4471211433410645, 1.4558485746383667, 1.462706446647644], "val_accuracy": [0.33721065521240234, 0.04056712985038757, 0.06209490820765495, 0.463310182094574, 0.3359375, 0.44484955072402954, 0.43796294927597046, 0.40567129850387573, 0.4383680522441864, 0.49508100748062134, 0.43686342239379883, 0.4793402850627899, 0.4411458373069763, 0.5348958373069763, 0.501620352268219, 0.5528935194015503, 0.5399305820465088, 0.5127893686294556, 0.5145833492279053, 0.5367476940155029, 0.5555555820465088, 0.5222222208976746, 0.5146991014480591, 0.5162037014961243, 0.5446759462356567, 0.5227430462837219, 0.514004647731781, 0.527256965637207, 0.5230324268341064, 0.5245370268821716, 0.5546296238899231, 0.536689817905426, 0.5531250238418579, 0.5295138955116272, 0.5056134462356567, 0.5528935194015503, 0.5590856671333313, 0.559432864189148, 0.5212384462356567, 0.5276041626930237, 0.5252893567085266, 0.5641782283782959, 0.5442708134651184, 0.5176504850387573, 0.5332176089286804, 0.4652199149131775, 0.5500578880310059, 0.5233217477798462, 0.5164930820465088, 0.5212963223457336]}