{"loss": [1.593695878982544, 1.301384687423706, 1.143545389175415, 1.0582935810089111, 1.0097736120224, 0.9710147380828857, 0.9431721568107605, 0.9170984625816345, 0.8949022889137268, 0.8757398724555969, 0.8523860573768616, 0.8357193470001221, 0.8158717751502991, 0.797285795211792, 0.7758377194404602, 0.7577047348022461, 0.7351416349411011, 0.712884783744812, 0.6862893104553223, 0.6730421781539917, 0.646274745464325, 0.6247310042381287, 0.6042313575744629, 0.5836485028266907, 0.5616763830184937, 0.5382233262062073, 0.5210131406784058, 0.49814271926879883, 0.4858567416667938, 0.46857720613479614, 0.4483862519264221, 0.43936556577682495, 0.4179314076900482, 0.4009355306625366, 0.39079874753952026, 0.37786176800727844, 0.3689260482788086, 0.35918790102005005, 0.347082257270813, 0.337076872587204, 0.32498899102211, 0.31673353910446167, 0.31124937534332275, 0.2964647114276886, 0.29389482736587524, 0.2860164940357208, 0.2822750210762024, 0.2774222195148468, 0.2684236466884613, 0.259546160697937], "accuracy": [0.3619272708892822, 0.5285400152206421, 0.592479944229126, 0.6230800747871399, 0.6411036252975464, 0.654780387878418, 0.6648653745651245, 0.6742061376571655, 0.680580735206604, 0.6880231499671936, 0.6954762935638428, 0.7027461528778076, 0.7090775966644287, 0.7134998440742493, 0.7229916453361511, 0.729096531867981, 0.7370350956916809, 0.7453835606575012, 0.7549508213996887, 0.7590279579162598, 0.7695659399032593, 0.7763504385948181, 0.7821964621543884, 0.7909547686576843, 0.7994218468666077, 0.807435929775238, 0.8135300874710083, 0.8213176131248474, 0.8264733552932739, 0.8317046165466309, 0.8388989567756653, 0.8444646000862122, 0.8506665825843811, 0.856749951839447, 0.8600181341171265, 0.8646453619003296, 0.8687117099761963, 0.8712788224220276, 0.8779122233390808, 0.8790339827537537, 0.8848153352737427, 0.8872745633125305, 0.8901329040527344, 0.8943825960159302, 0.895439624786377, 0.8985028862953186, 0.9008650183677673, 0.9019867777824402, 0.9059129357337952, 0.9086633920669556], "val_loss": [1.565666675567627, 1.4253910779953003, 1.3991658687591553, 1.3007416725158691, 1.3740410804748535, 1.3383872509002686, 1.347280502319336, 1.3178635835647583, 1.2979973554611206, 1.3099199533462524, 1.316813349723816, 1.385349988937378, 1.3983123302459717, 1.3553422689437866, 1.4398506879806519, 1.3630964756011963, 1.3906567096710205, 1.4572110176086426, 1.5237629413604736, 1.538451075553894, 1.5646511316299438, 1.629576325416565, 1.6223769187927246, 1.6362980604171753, 1.6626183986663818, 1.7694454193115234, 1.8008651733398438, 1.8704955577850342, 1.9276753664016724, 1.8380248546600342, 2.0136594772338867, 2.0361945629119873, 2.0180892944335938, 2.042708158493042, 2.1318256855010986, 2.2019834518432617, 2.2236733436584473, 2.1534900665283203, 2.1947615146636963, 2.2803242206573486, 2.4658188819885254, 2.44201922416687, 2.3520727157592773, 2.443809747695923, 2.4626646041870117, 2.728863000869751, 2.6741743087768555, 2.6826722621917725, 2.7925496101379395, 2.59116530418396], "val_accuracy": [0.4001282751560211, 0.47586286067962646, 0.49883395433425903, 0.5355643630027771, 0.5254197716712952, 0.5238456130027771, 0.5328824520111084, 0.5437266826629639, 0.5464085936546326, 0.5329990386962891, 0.5468167066574097, 0.5357392430305481, 0.5353894829750061, 0.5411030650138855, 0.53416508436203, 0.5522388219833374, 0.5388292670249939, 0.5382462739944458, 0.52442866563797, 0.5315998196601868, 0.5176655650138855, 0.522096574306488, 0.5289179086685181, 0.5334655046463013, 0.5192980170249939, 0.5346898436546326, 0.5058885216712952, 0.514458954334259, 0.5130013823509216, 0.5308418869972229, 0.4946945011615753, 0.5151585936546326, 0.5257695913314819, 0.5336403846740723, 0.5062966346740723, 0.5097947716712952, 0.5143423676490784, 0.5221548676490784, 0.5303171873092651, 0.5268773436546326, 0.5145755410194397, 0.5232042670249939, 0.5219216346740723, 0.52635258436203, 0.516965925693512, 0.4935867488384247, 0.5121268630027771, 0.5139925479888916, 0.5013992786407471, 0.5093866586685181]}