{"loss": [1.7501258850097656, 1.3172067403793335, 1.1916190385818481, 1.129020094871521, 1.0945769548416138, 1.0580857992172241, 1.0349878072738647, 1.0177346467971802, 1.0126912593841553, 0.9827083945274353, 0.9709135293960571, 0.9446929693222046, 0.9520342946052551, 0.9483205080032349, 0.9361442923545837, 0.9094725847244263, 0.8925224542617798, 0.8817430734634399, 0.8751189708709717, 0.8666040301322937, 0.8396236896514893, 0.8170494437217712, 0.8073400855064392, 0.7996329069137573, 0.7911157608032227, 0.7819585204124451, 0.7756404876708984, 0.7655572891235352, 0.7552449703216553, 0.7532755732536316, 0.7400185465812683, 0.750897228717804, 0.7329082489013672, 0.7179166078567505, 0.7144488096237183, 0.7080150246620178, 0.696312665939331, 0.6926549673080444, 0.6821745038032532, 0.6715797185897827, 0.6649631857872009, 0.6594637036323547, 0.6508283615112305, 0.6409615874290466, 0.6387966275215149, 0.6273307800292969, 0.6173424124717712, 0.6100003719329834, 0.6077918410301208, 0.5991489887237549], "accuracy": [0.4372566342353821, 0.5553560853004456, 0.6010751128196716, 0.620392382144928, 0.6348641514778137, 0.6433114409446716, 0.6537920832633972, 0.6586267948150635, 0.6610928177833557, 0.6706000566482544, 0.6720818281173706, 0.6791446805000305, 0.6797178983688354, 0.6813511252403259, 0.6853530406951904, 0.6900038719177246, 0.6964177489280701, 0.6955741047859192, 0.698245644569397, 0.6995327472686768, 0.7019339203834534, 0.7100999355316162, 0.7136691808700562, 0.7152483463287354, 0.718806803226471, 0.7206454873085022, 0.7234576344490051, 0.7277731895446777, 0.7307367920875549, 0.7311694025993347, 0.7356039881706238, 0.7313749194145203, 0.7376589775085449, 0.7437267303466797, 0.7432292103767395, 0.7464199066162109, 0.7488859295845032, 0.749372661113739, 0.7544670104980469, 0.758133590221405, 0.7599506974220276, 0.7610430717468262, 0.7656939625740051, 0.7688089609146118, 0.7695876955986023, 0.7718914747238159, 0.7770074605941772, 0.7776347398757935, 0.7797763347625732, 0.7827939987182617], "val_loss": [1.6854896545410156, 1.6695586442947388, 1.3889485597610474, 1.3080657720565796, 1.4187769889831543, 1.4224390983581543, 1.5359655618667603, 1.3984463214874268, 1.379819631576538, 1.3742845058441162, 1.333122730255127, 1.2643849849700928, 1.269899845123291, 1.4101864099502563, 1.4681508541107178, 1.23371160030365, 1.3050322532653809, 1.3103121519088745, 1.2570656538009644, 1.2698098421096802, 1.2779392004013062, 1.390226125717163, 1.2507150173187256, 1.2133463621139526, 1.328212857246399, 1.323249101638794, 1.3463025093078613, 1.2702738046646118, 1.267379879951477, 1.3277091979980469, 1.237991213798523, 1.4317671060562134, 1.2131448984146118, 1.3960100412368774, 1.2908483743667603, 1.2841031551361084, 1.3902853727340698, 1.302929162979126, 1.329040288925171, 1.341838002204895, 1.7933720350265503, 1.4074420928955078, 1.3546199798583984, 1.294637680053711, 1.3782739639282227, 1.4794578552246094, 1.383932113647461, 1.3923757076263428, 1.4688212871551514, 1.459567666053772], "val_accuracy": [0.3549952507019043, 0.4044152498245239, 0.4991714060306549, 0.5369318127632141, 0.5291193127632141, 0.5051491260528564, 0.5526160001754761, 0.5095288753509521, 0.5185842514038086, 0.5387665629386902, 0.5458096861839294, 0.5530303120613098, 0.5426728129386902, 0.5614346861839294, 0.566347062587738, 0.5640388131141663, 0.560606062412262, 0.5563446879386902, 0.5706084370613098, 0.5600733757019043, 0.5549242496490479, 0.5671164989471436, 0.5623224377632141, 0.5836292505264282, 0.5490056872367859, 0.5601917505264282, 0.5577059388160706, 0.5811434388160706, 0.5774739384651184, 0.5738636255264282, 0.5871803760528564, 0.5428503751754761, 0.5916785001754761, 0.5610795617103577, 0.56640625, 0.5771780014038086, 0.55859375, 0.5758167505264282, 0.5791311264038086, 0.5797821879386902, 0.5757575631141663, 0.5666429996490479, 0.5669389367103577, 0.5866477489471436, 0.572206437587738, 0.5540364384651184, 0.5732126235961914, 0.5726799368858337, 0.562440812587738, 0.5674715638160706]}