{"loss": [1.4800158739089966, 1.1498191356658936, 1.0566151142120361, 1.000834584236145, 0.9592158198356628, 0.9369810819625854, 0.9092300534248352, 0.8925965428352356, 0.8697090744972229, 0.8530864119529724, 0.840097963809967, 0.8185513019561768, 0.8151229619979858, 0.7997223138809204, 0.7763559818267822, 0.7634629011154175, 0.7470627427101135, 0.7274001240730286, 0.7059336304664612, 0.6951069831848145, 0.6814042925834656, 0.6707610487937927, 0.6562449932098389, 0.6472185850143433, 0.6304923892021179, 0.6158887147903442, 0.5986785888671875, 0.5903156399726868, 0.5794159770011902, 0.57677161693573, 0.5560928583145142, 0.5416380167007446, 0.5331709980964661, 0.5214112997055054, 0.5217169523239136, 0.5057768821716309, 0.49750542640686035, 0.4787857234477997, 0.47098416090011597, 0.4619257152080536, 0.45630061626434326, 0.4377664029598236, 0.43275025486946106, 0.4252970516681671, 0.4187204837799072, 0.4003854990005493, 0.40048468112945557, 0.3844468593597412, 0.3801235258579254, 0.3750544786453247], "accuracy": [0.49869802594184875, 0.6040716171264648, 0.6364272236824036, 0.6525781154632568, 0.6658238172531128, 0.6734634637832642, 0.6813936233520508, 0.688247799873352, 0.694832980632782, 0.7003206610679626, 0.7032581567764282, 0.7126624584197998, 0.7127485871315002, 0.7175045013427734, 0.7245739102363586, 0.7296311259269714, 0.7357643842697144, 0.7419837117195129, 0.7484397888183594, 0.751807689666748, 0.7566390037536621, 0.7597594261169434, 0.7653331160545349, 0.7689915895462036, 0.7747266888618469, 0.7803219556808472, 0.7854652404785156, 0.7879723906517029, 0.7913833260536194, 0.7941163778305054, 0.8004432916641235, 0.8053714632987976, 0.8095786571502686, 0.8126130104064941, 0.8114078640937805, 0.8184449672698975, 0.8198114633560181, 0.8272789716720581, 0.8294633030891418, 0.8338426351547241, 0.8342300057411194, 0.8419126868247986, 0.8437096476554871, 0.8458078503608704, 0.848562479019165, 0.856664776802063, 0.8557717204093933, 0.8612163066864014, 0.863874077796936, 0.8663381338119507], "val_loss": [1.788644790649414, 1.3775415420532227, 1.5840911865234375, 1.392604112625122, 1.402746319770813, 1.3473790884017944, 1.887445092201233, 3.8121986389160156, 1.7864160537719727, 1.6457270383834839, 1.4039183855056763, 1.3391958475112915, 1.4154857397079468, 1.4829668998718262, 1.4950352907180786, 1.4564177989959717, 1.4294315576553345, 1.4976705312728882, 1.396316647529602, 1.6201775074005127, 1.4302842617034912, 1.505964994430542, 1.5106761455535889, 1.528993844985962, 1.598908543586731, 1.6164199113845825, 1.5928453207015991, 1.6515122652053833, 1.589590311050415, 1.6181927919387817, 1.5888315439224243, 1.7472035884857178, 1.7056549787521362, 1.6901824474334717, 1.6952683925628662, 1.7277746200561523, 1.72859525680542, 1.8711460828781128, 1.8444159030914307, 1.8588652610778809, 1.8594459295272827, 2.0069453716278076, 2.0541255474090576, 1.8495275974273682, 1.8836764097213745, 2.0393824577331543, 1.993636131286621, 2.04555082321167, 1.9372626543045044, 1.9862533807754517], "val_accuracy": [0.36883071064949036, 0.5393219590187073, 0.468865305185318, 0.5058810114860535, 0.5268681049346924, 0.5458948612213135, 0.5509109497070312, 0.5614621639251709, 0.5521217584609985, 0.537880539894104, 0.5361508131027222, 0.5589252710342407, 0.5261762142181396, 0.5509686470031738, 0.5470479726791382, 0.5541974306106567, 0.5355742573738098, 0.5237545967102051, 0.5562154054641724, 0.5187384486198425, 0.5526983141899109, 0.5386877059936523, 0.5411093235015869, 0.5401868224143982, 0.5215636491775513, 0.5088791251182556, 0.5431272983551025, 0.5383994579315186, 0.5461831092834473, 0.5483740568161011, 0.5400714874267578, 0.5209870934486389, 0.5383994579315186, 0.5435308814048767, 0.5365544557571411, 0.5395525693893433, 0.5385724306106567, 0.529116690158844, 0.5401868224143982, 0.5423201322555542, 0.522716760635376, 0.5145295262336731, 0.5311346650123596, 0.5341328382492065, 0.5307887196540833, 0.5208717584609985, 0.513491690158844, 0.517988920211792, 0.5321725010871887, 0.5272716879844666]}