{"loss": [1.4178522825241089, 1.1501275300979614, 1.0905671119689941, 1.0309306383132935, 1.0174376964569092, 0.9498050808906555, 0.891818106174469, 0.8695325255393982, 0.8538769483566284, 0.8303319811820984, 0.8072428107261658, 0.7846214771270752, 0.7586795687675476, 0.7354380488395691, 0.7108185291290283, 0.680499792098999, 0.662185549736023, 0.630312979221344, 0.597416341304779, 0.5734097957611084, 0.5389628410339355, 0.5131276249885559, 0.48667049407958984, 0.4657870829105377, 0.44096556305885315, 0.41295772790908813, 0.4032280445098877, 0.3791296184062958, 0.36158818006515503, 0.34923774003982544, 0.32715603709220886, 0.3180842995643616, 0.2959038317203522, 0.28786325454711914, 0.26456916332244873, 0.2604942321777344, 0.2537457048892975, 0.2458242028951645, 0.23129159212112427, 0.2220325469970703, 0.21536697447299957, 0.2137245088815689, 0.2010943740606308, 0.2130151391029358, 0.1908869594335556, 0.18560680747032166, 0.17926286160945892, 0.1688944697380066, 0.16750937700271606, 0.16638731956481934], "accuracy": [0.5196143984794617, 0.6058272123336792, 0.632895290851593, 0.6535868048667908, 0.6564412117004395, 0.6716932654380798, 0.6872576475143433, 0.6963270306587219, 0.699450671672821, 0.7071520686149597, 0.715133547782898, 0.7223072052001953, 0.7317212224006653, 0.7396057844161987, 0.7482119798660278, 0.7584123015403748, 0.7647888660430908, 0.7766048908233643, 0.7858573794364929, 0.7954222559928894, 0.8078306913375854, 0.8167061805725098, 0.8272404074668884, 0.8334661722183228, 0.8434833884239197, 0.8532959818840027, 0.8566458225250244, 0.8643903732299805, 0.8718440532684326, 0.8772727251052856, 0.8841878771781921, 0.8878716230392456, 0.8960362076759338, 0.8991813659667969, 0.9073567390441895, 0.9075721502304077, 0.910254180431366, 0.913431704044342, 0.919334352016449, 0.9227272868156433, 0.9250861406326294, 0.9266156554222107, 0.9288130402565002, 0.9270142316818237, 0.9333369135856628, 0.9354804158210754, 0.938507080078125, 0.9417815804481506, 0.9424601197242737, 0.9431172013282776], "val_loss": [2.6380767822265625, 1.4400608539581299, 1.5062344074249268, 1.3843878507614136, 1.3862005472183228, 1.3932424783706665, 1.278839111328125, 1.5210719108581543, 1.2944128513336182, 1.3829134702682495, 1.6634491682052612, 1.4135099649429321, 1.4112728834152222, 1.5552589893341064, 1.4629179239273071, 1.5060937404632568, 1.564136028289795, 1.640542984008789, 1.5888144969940186, 1.7059011459350586, 1.6043955087661743, 1.6469930410385132, 1.8826848268508911, 1.8478387594223022, 1.9127048254013062, 1.7551764249801636, 1.9669575691223145, 2.036870002746582, 2.0964932441711426, 2.04030704498291, 2.1338870525360107, 2.2156436443328857, 2.1955950260162354, 2.3477885723114014, 2.354151487350464, 2.252546548843384, 2.339714765548706, 2.4211394786834717, 2.354783296585083, 2.2849156856536865, 2.427272081375122, 2.513244390487671, 2.4881627559661865, 2.5167737007141113, 2.526212453842163, 2.772313356399536, 2.8462398052215576, 2.5224993228912354, 2.609579086303711, 2.958005905151367], "val_accuracy": [0.41984954476356506, 0.5111689567565918, 0.5112268328666687, 0.5280671119689941, 0.517997682094574, 0.5168402791023254, 0.5606481432914734, 0.4861111044883728, 0.5620370507240295, 0.5218750238418579, 0.5402777791023254, 0.5294560194015503, 0.5429976582527161, 0.5174768567085266, 0.5276041626930237, 0.5333911776542664, 0.5409722328186035, 0.5163194537162781, 0.5291088223457336, 0.5267939567565918, 0.5505208373069763, 0.5432291626930237, 0.5032986402511597, 0.5228009223937988, 0.5285879373550415, 0.5450810194015503, 0.5236111283302307, 0.5259259343147278, 0.511631965637207, 0.5239004492759705, 0.5322916507720947, 0.5270254611968994, 0.5218750238418579, 0.5270833373069763, 0.5323495268821716, 0.5314815044403076, 0.5079282522201538, 0.5225116014480591, 0.5396412014961243, 0.5457754731178284, 0.5393518805503845, 0.5368055701255798, 0.5257523059844971, 0.5136573910713196, 0.5284722447395325, 0.5200810432434082, 0.5157986283302307, 0.5420138835906982, 0.5322337746620178, 0.5329282283782959]}