{"loss": [1.4550483226776123, 1.1156136989593506, 1.0302715301513672, 0.9855680465698242, 0.9547703862190247, 0.9244696497917175, 0.8964900970458984, 0.871137797832489, 0.8504865765571594, 0.8369322419166565, 0.8125400543212891, 0.7861394882202148, 0.7644816637039185, 0.7404924035072327, 0.7220845818519592, 0.7014241814613342, 0.6687224507331848, 0.6545729041099548, 0.6381220817565918, 0.6037479043006897, 0.581088662147522, 0.5509398579597473, 0.530068576335907, 0.520575225353241, 0.4771776497364044, 0.45146656036376953, 0.427317351102829, 0.40931734442710876, 0.39002305269241333, 0.3720794916152954, 0.34564852714538574, 0.32778578996658325, 0.3116470277309418, 0.3077966570854187, 0.2848127484321594, 0.26665744185447693, 0.25510352849960327, 0.24195340275764465, 0.23844847083091736, 0.22918012738227844, 0.21558339893817902, 0.20215155184268951, 0.1973959058523178, 0.19443131983280182, 0.19342733919620514, 0.17705440521240234, 0.173732727766037, 0.16274899244308472, 0.16506096720695496, 0.15673303604125977], "accuracy": [0.5111851692199707, 0.6043553948402405, 0.6370588541030884, 0.6534213423728943, 0.6647467613220215, 0.6750474572181702, 0.6858551502227783, 0.6930386424064636, 0.7000280618667603, 0.7046229243278503, 0.7122918367385864, 0.7216110229492188, 0.7282875776290894, 0.7356868386268616, 0.7422447800636292, 0.7488027215003967, 0.7600741982460022, 0.7641837000846863, 0.7712162137031555, 0.7833182215690613, 0.791343092918396, 0.8021291494369507, 0.8096362948417664, 0.8130662441253662, 0.8291375637054443, 0.8381870985031128, 0.8470640182495117, 0.8532875776290894, 0.8610104322433472, 0.8674066066741943, 0.876736581325531, 0.8837043642997742, 0.8881698250770569, 0.8905858993530273, 0.899398148059845, 0.9066787362098694, 0.9110902547836304, 0.9150810837745667, 0.9162567853927612, 0.9198161959648132, 0.9246699213981628, 0.9295021295547485, 0.9311847686767578, 0.9318103194236755, 0.931551456451416, 0.9390262365341187, 0.939522385597229, 0.9434377551078796, 0.9425101280212402, 0.9452821612358093], "val_loss": [1.804486870765686, 1.439969539642334, 1.46279776096344, 1.614513874053955, 1.7630053758621216, 1.423959732055664, 1.3834643363952637, 1.336283802986145, 1.3913315534591675, 1.349133849143982, 1.292313575744629, 1.4318633079528809, 1.5032141208648682, 1.4089689254760742, 1.4796305894851685, 1.5038466453552246, 1.4569051265716553, 1.5551143884658813, 1.681822419166565, 1.393326997756958, 1.6974091529846191, 1.627479910850525, 1.6088248491287231, 1.7446563243865967, 1.6909726858139038, 1.9026806354522705, 1.8198987245559692, 2.030256748199463, 1.884999394416809, 2.0238869190216064, 2.1314287185668945, 2.194336414337158, 2.0917012691497803, 2.0872602462768555, 2.201537609100342, 2.4169321060180664, 2.411724090576172, 2.1620230674743652, 2.4914956092834473, 2.3583145141601562, 2.4604880809783936, 2.5874059200286865, 2.516038656234741, 2.368582248687744, 2.516315221786499, 2.4878275394439697, 2.809553623199463, 2.7543528079986572, 2.587264060974121, 2.6218156814575195], "val_accuracy": [0.41557836532592773, 0.494636207818985, 0.48489972949028015, 0.4646105468273163, 0.4623367488384247, 0.5173157453536987, 0.5406949520111084, 0.5415694713592529, 0.5229710936546326, 0.5472831130027771, 0.5600513219833374, 0.530083954334259, 0.5096781849861145, 0.5545709133148193, 0.5427355170249939, 0.5334072113037109, 0.5553871393203735, 0.5281016826629639, 0.5136427283287048, 0.5633745193481445, 0.5239039063453674, 0.550606369972229, 0.553346574306488, 0.5373134613037109, 0.5520055890083313, 0.5058885216712952, 0.5348064303398132, 0.5279267430305481, 0.5306670069694519, 0.5104361176490784, 0.5180736780166626, 0.520697295665741, 0.5257112979888916, 0.5257695913314819, 0.5194146633148193, 0.5279850959777832, 0.5420359373092651, 0.5313665866851807, 0.5266441106796265, 0.5332905650138855, 0.520697295665741, 0.5340484976768494, 0.5356226563453674, 0.5325326323509216, 0.5381879806518555, 0.5292677283287048, 0.5194146633148193, 0.5288596153259277, 0.5341067910194397, 0.5493236780166626]}