{"loss": [1.6746726036071777, 1.2367315292358398, 1.1067264080047607, 1.1306748390197754, 1.0643587112426758, 1.0358920097351074, 1.0656450986862183, 0.9936676621437073, 1.0046297311782837, 0.9887222051620483, 1.1656522750854492, 1.287088394165039, 1.0473066568374634, 0.9729393720626831, 0.9445695281028748, 0.9295344352722168, 0.9229978919029236, 0.9069328308105469, 0.8889179229736328, 0.8867480754852295, 0.8750916719436646, 0.8680480718612671, 0.8615700006484985, 0.8508920073509216, 0.8489951491355896, 0.834831714630127, 0.8310860395431519, 0.8211472630500793, 0.8093689680099487, 0.802981436252594, 0.8028954863548279, 0.7950639724731445, 0.7868170738220215, 0.7883526086807251, 0.7827299237251282, 0.7746684551239014, 0.7738798260688782, 0.7618114948272705, 0.7562817931175232, 0.7584531903266907, 0.7518100738525391, 0.7461509108543396, 0.7350448966026306, 0.7312994003295898, 0.7342427968978882, 0.7238147854804993, 0.7180137038230896, 0.7188270092010498, 0.7070561647415161, 0.707598090171814], "accuracy": [0.44949623942375183, 0.5687376260757446, 0.6140209436416626, 0.6085206270217896, 0.6290794610977173, 0.639531135559082, 0.6286381483078003, 0.6529966592788696, 0.6492615938186646, 0.6549233794212341, 0.6156570315361023, 0.5676720142364502, 0.6347627639770508, 0.6579049229621887, 0.6665590405464172, 0.6727482080459595, 0.673544704914093, 0.6793786883354187, 0.6872578263282776, 0.6872470378875732, 0.6914772391319275, 0.6940605640411377, 0.6945772171020508, 0.6991733312606812, 0.6993132829666138, 0.7034357786178589, 0.704738199710846, 0.7067618370056152, 0.7125742435455322, 0.713306188583374, 0.7138766646385193, 0.7183759808540344, 0.7198182940483093, 0.7197859883308411, 0.7214759588241577, 0.7237040400505066, 0.725555419921875, 0.7288491129875183, 0.7290967106819153, 0.7297317385673523, 0.7319060564041138, 0.7334668040275574, 0.7355442047119141, 0.7376000881195068, 0.7381705641746521, 0.7415934801101685, 0.741851806640625, 0.7431327104568481, 0.7458882331848145, 0.7469753623008728], "val_loss": [1.7609022855758667, 1.421642541885376, 1.7254741191864014, 1.4013786315917969, 1.4389773607254028, 1.4891695976257324, 1.5503199100494385, 1.3654903173446655, 1.788731575012207, 1.8350204229354858, 2.1023054122924805, 1.3301082849502563, 1.3797435760498047, 1.3129287958145142, 1.3452560901641846, 1.410810947418213, 1.2797352075576782, 1.3416285514831543, 1.284589171409607, 1.2782155275344849, 1.4367364645004272, 1.365614652633667, 1.3290125131607056, 1.4861128330230713, 1.3730242252349854, 1.417445182800293, 1.311882495880127, 1.2887085676193237, 1.298596739768982, 1.2490657567977905, 1.285114049911499, 1.2933614253997803, 1.3564850091934204, 1.3455302715301514, 1.272040843963623, 1.3743923902511597, 1.300290822982788, 1.2954782247543335, 1.2758656740188599, 1.39851975440979, 1.3583720922470093, 1.3201864957809448, 1.3756166696548462, 1.357906699180603, 1.3258063793182373, 1.3540823459625244, 1.3550678491592407, 1.3602142333984375, 1.387397050857544, 1.4052987098693848], "val_accuracy": [0.3502075672149658, 0.4965982437133789, 0.49175506830215454, 0.5010378360748291, 0.5197762846946716, 0.5049008131027222, 0.5434732437133789, 0.5634225010871887, 0.5568496584892273, 0.5551775693893433, 0.44591790437698364, 0.5143565535545349, 0.5517758131027222, 0.5443381071090698, 0.5647486448287964, 0.5493542551994324, 0.5509109497070312, 0.5596747994422913, 0.5675161480903625, 0.5707449316978455, 0.558233380317688, 0.5512568950653076, 0.5442227721214294, 0.5582910776138306, 0.5581757426261902, 0.5584640502929688, 0.5584063529968262, 0.5751268267631531, 0.5710908770561218, 0.5705143213272095, 0.5661323666572571, 0.5665936470031738, 0.5785285830497742, 0.5727052688598633, 0.5757034420967102, 0.5497002005577087, 0.5685539841651917, 0.5630765557289124, 0.5755881071090698, 0.5702260136604309, 0.5699954032897949, 0.5772601366043091, 0.5790475010871887, 0.580488920211792, 0.5629612803459167, 0.5740890502929688, 0.56440269947052, 0.5633648633956909, 0.5709179043769836, 0.56440269947052]}