{"loss": [1.6259127855300903, 1.4579031467437744, 1.2206158638000488, 1.1002076864242554, 1.0257453918457031, 0.9816862344741821, 0.9474853873252869, 0.915951132774353, 0.8961713910102844, 0.8721579313278198, 0.8473709225654602, 0.8273192048072815, 0.8096014857292175, 0.791083812713623, 0.7672315239906311, 0.7491744160652161, 0.7238683104515076, 0.7005963325500488, 0.676330029964447, 0.655345618724823, 0.6355158686637878, 0.604095995426178, 0.5848451852798462, 0.5605698823928833, 0.5329720973968506, 0.511040985584259, 0.49063655734062195, 0.46637168526649475, 0.45170465111732483, 0.4287584125995636, 0.41234514117240906, 0.3964657783508301, 0.3824232220649719, 0.36578959226608276, 0.35750308632850647, 0.340581476688385, 0.32760709524154663, 0.3140619397163391, 0.3032117784023285, 0.2932535707950592, 0.29089972376823425, 0.27113768458366394, 0.26869022846221924, 0.2572808563709259, 0.24914410710334778, 0.23952673375606537, 0.23728279769420624, 0.22966550290584564, 0.22379861772060394, 0.21871432662010193], "accuracy": [0.3378688097000122, 0.44376784563064575, 0.5610128045082092, 0.6065912246704102, 0.6350588202476501, 0.6504932045936584, 0.6629639863967896, 0.6742666959762573, 0.6819568276405334, 0.689041256904602, 0.6993921399116516, 0.705394983291626, 0.7117655873298645, 0.7179415225982666, 0.7255018353462219, 0.7337219715118408, 0.7427316904067993, 0.7498810291290283, 0.7587392926216125, 0.7669918537139893, 0.7725080251693726, 0.7835835218429565, 0.7904732823371887, 0.798174262046814, 0.8091524839401245, 0.8168426156044006, 0.8232997059822083, 0.8328069448471069, 0.8379120826721191, 0.8478627800941467, 0.853281557559967, 0.8601064085960388, 0.8638920187950134, 0.8700030446052551, 0.8736912608146667, 0.8779419660568237, 0.8842151761054993, 0.888141393661499, 0.8933114409446716, 0.8972268104553223, 0.8962966203689575, 0.9039543271064758, 0.9059011936187744, 0.909232497215271, 0.9126719832420349, 0.9155922532081604, 0.9160032868385315, 0.9197456240653992, 0.9209029078483582, 0.9236069321632385], "val_loss": [1.579206943511963, 1.4560149908065796, 1.4011951684951782, 1.3670045137405396, 1.2826725244522095, 1.3174446821212769, 1.288406491279602, 1.2846605777740479, 1.2806686162948608, 1.3457087278366089, 1.374049186706543, 1.3348894119262695, 1.3758059740066528, 1.368396282196045, 1.2737138271331787, 1.429796576499939, 1.4261888265609741, 1.3882168531417847, 1.4986680746078491, 1.4853066205978394, 1.5699514150619507, 1.5374610424041748, 1.5767202377319336, 1.6136798858642578, 1.6067259311676025, 1.7235575914382935, 1.7977745532989502, 1.8255738019943237, 1.8901854753494263, 1.9764577150344849, 2.1091256141662598, 1.9178978204727173, 2.1653859615325928, 2.220334768295288, 2.209709882736206, 2.2945475578308105, 2.2528960704803467, 2.3371901512145996, 2.3989555835723877, 2.3559763431549072, 2.4118175506591797, 2.4745521545410156, 2.5862672328948975, 2.509514570236206, 2.531024932861328, 2.6600406169891357, 2.553685188293457, 2.7313787937164307, 2.73630690574646, 2.7447168827056885], "val_accuracy": [0.3502604067325592, 0.45632103085517883, 0.4949692189693451, 0.5150331258773804, 0.5426136255264282, 0.5271070003509521, 0.5436789989471436, 0.5559303760528564, 0.5542731881141663, 0.5397727489471436, 0.5404237508773804, 0.5530303120613098, 0.5362807512283325, 0.5352746248245239, 0.5658735632896423, 0.5308948755264282, 0.5499526262283325, 0.5515506863594055, 0.5348011255264282, 0.5406605005264282, 0.5263967514038086, 0.5329071879386902, 0.5412523746490479, 0.5369318127632141, 0.5383522510528564, 0.5285274386405945, 0.5317826867103577, 0.5263967514038086, 0.5287641882896423, 0.5193536877632141, 0.5163352489471436, 0.5218986868858337, 0.5037286877632141, 0.5013612508773804, 0.5197088122367859, 0.5229640007019043, 0.5127840638160706, 0.5298887491226196, 0.5177556872367859, 0.5140269994735718, 0.5217803120613098, 0.5154474377632141, 0.5268702507019043, 0.523496687412262, 0.5133759379386902, 0.5213660001754761, 0.5187026262283325, 0.5089961886405945, 0.5295336246490479, 0.5326704382896423]}