{"loss": [1.623124122619629, 1.1653870344161987, 1.0598355531692505, 1.0025990009307861, 0.9600232839584351, 0.9263549447059631, 0.8961856961250305, 0.8711349964141846, 0.8401281833648682, 0.8164129853248596, 0.7948695421218872, 0.7693072557449341, 0.7445775866508484, 0.7297943830490112, 0.6969349384307861, 0.6740656495094299, 0.6391639113426208, 0.6137892007827759, 0.5956443548202515, 0.5561957955360413, 0.5269039869308472, 0.49843400716781616, 0.4727828800678253, 0.4401761591434479, 0.41477516293525696, 0.38695332407951355, 0.3647512197494507, 0.34414899349212646, 0.3308601379394531, 0.3052031099796295, 0.282259076833725, 0.27925172448158264, 0.25770241022109985, 0.24398192763328552, 0.23090656101703644, 0.2233455628156662, 0.21016770601272583, 0.20563256740570068, 0.18801525235176086, 0.18101686239242554, 0.1711265742778778, 0.16751991212368011, 0.15732663869857788, 0.15692193806171417, 0.1465250700712204, 0.1433713138103485, 0.13591577112674713, 0.13687928020954132, 0.13527518510818481, 0.13147707283496857], "accuracy": [0.4713701605796814, 0.5870360136032104, 0.6257787346839905, 0.6460694670677185, 0.6603249311447144, 0.6736177206039429, 0.6819892525672913, 0.6918209791183472, 0.7014471888542175, 0.7106623649597168, 0.7175413370132446, 0.7248853445053101, 0.7336679100990295, 0.7388379573822021, 0.7488967776298523, 0.7580903172492981, 0.7720429301261902, 0.7794410586357117, 0.7870446443557739, 0.800997257232666, 0.8104395866394043, 0.8204551339149475, 0.830449104309082, 0.8443475961685181, 0.8523297309875488, 0.8611664175987244, 0.8708250522613525, 0.8776174783706665, 0.8835229873657227, 0.8918620944023132, 0.9008501172065735, 0.9020615220069885, 0.9103249311447144, 0.9149866104125977, 0.9202431440353394, 0.9216275811195374, 0.9273059368133545, 0.9278575778007507, 0.9358829855918884, 0.9383165836334229, 0.9406852722167969, 0.9428592920303345, 0.9461148977279663, 0.9456714391708374, 0.9497057795524597, 0.9513930678367615, 0.9537185430526733, 0.9535130262374878, 0.953837513923645, 0.9554058313369751], "val_loss": [1.978424310684204, 1.8058503866195679, 1.4419833421707153, 1.3838623762130737, 1.5303008556365967, 1.4549342393875122, 1.4401434659957886, 1.5412451028823853, 1.3670729398727417, 1.4604504108428955, 1.477207064628601, 1.5471155643463135, 1.5710722208023071, 1.5488295555114746, 1.781238317489624, 1.462259292602539, 1.5113465785980225, 1.7045347690582275, 1.601043701171875, 1.6664795875549316, 1.7446681261062622, 1.7780390977859497, 1.8350224494934082, 1.8679004907608032, 1.7832450866699219, 1.9475104808807373, 1.9481333494186401, 2.10774302482605, 2.17769718170166, 2.310981512069702, 2.2282168865203857, 2.2262086868286133, 2.1746227741241455, 2.281691074371338, 2.4034900665283203, 2.414294719696045, 2.600964307785034, 2.689659595489502, 2.3546805381774902, 2.4262256622314453, 2.6681759357452393, 2.702528953552246, 2.849090337753296, 2.754236936569214, 2.6760172843933105, 2.7894091606140137, 2.917933464050293, 2.8253185749053955, 2.7655282020568848, 2.9469075202941895], "val_accuracy": [0.3181818127632141, 0.4430042505264282, 0.5094105005264282, 0.5001183748245239, 0.49911221861839294, 0.5073390007019043, 0.515684187412262, 0.49147728085517883, 0.5433238744735718, 0.513671875, 0.5230231881141663, 0.5189985632896423, 0.5079900622367859, 0.5109493136405945, 0.4891098439693451, 0.5321378111839294, 0.5333214998245239, 0.49064868688583374, 0.5327888131141663, 0.5090553760528564, 0.5352746248245239, 0.5149147510528564, 0.5217211246490479, 0.5250946879386902, 0.5262784361839294, 0.5308948755264282, 0.5082268118858337, 0.5290009379386902, 0.5089961886405945, 0.5076941251754761, 0.5204782485961914, 0.5309540629386902, 0.537109375, 0.5231415629386902, 0.5375236868858337, 0.535097062587738, 0.5294744372367859, 0.5109493136405945, 0.531309187412262, 0.5377604365348816, 0.5200639367103577, 0.5268702507019043, 0.5191761255264282, 0.5243253111839294, 0.5336766242980957, 0.5252722501754761, 0.5252130627632141, 0.5304805636405945, 0.5320194363594055, 0.5291193127632141]}