{"loss": [1.7327795028686523, 1.2973644733428955, 1.1853559017181396, 1.1248489618301392, 1.1119548082351685, 1.069292664527893, 1.0306408405303955, 1.014747977256775, 0.9994141459465027, 0.9790774583816528, 0.9606409668922424, 0.9560456275939941, 0.9505552649497986, 0.9354849457740784, 0.9104706048965454, 0.899907648563385, 0.8837549090385437, 0.8512165546417236, 0.8359411954879761, 0.8278199434280396, 0.8213050961494446, 0.8099184632301331, 0.8051080703735352, 0.7999318838119507, 0.7884994745254517, 0.7799545526504517, 0.7724543213844299, 0.7610480189323425, 0.7539334297180176, 0.7474406957626343, 0.7406848669052124, 0.7313551306724548, 0.7244676947593689, 0.7163572311401367, 0.7064546346664429, 0.7043938040733337, 0.6914333701133728, 0.6826034784317017, 0.6763701438903809, 0.669122576713562, 0.6573134064674377, 0.6453663110733032, 0.6416066288948059, 0.6344800591468811, 0.6273776292800903, 0.6189503073692322, 0.6109670400619507, 0.6059961318969727, 0.5962328314781189, 0.5894571542739868], "accuracy": [0.44030675292015076, 0.5603854656219482, 0.599074125289917, 0.6215064525604248, 0.6220148205757141, 0.6413429379463196, 0.6517370343208313, 0.6593406796455383, 0.6626070737838745, 0.6684801578521729, 0.6738448739051819, 0.6773167848587036, 0.6773600578308105, 0.6807021498680115, 0.6874621510505676, 0.6893873810768127, 0.6901120543479919, 0.6994462013244629, 0.702496349811554, 0.7067362070083618, 0.707406759262085, 0.7128471732139587, 0.7139071822166443, 0.7150861024856567, 0.7190338969230652, 0.7217919826507568, 0.7255451083183289, 0.7287358045578003, 0.7311586141586304, 0.7323700189590454, 0.734489917755127, 0.73887038230896, 0.7417149543762207, 0.7428398132324219, 0.7456735968589783, 0.746376633644104, 0.7516656517982483, 0.7534611225128174, 0.7552348971366882, 0.7586311101913452, 0.7627519965171814, 0.7660400867462158, 0.7684304118156433, 0.7713290452957153, 0.7721402645111084, 0.7764017581939697, 0.7785649299621582, 0.7804036736488342, 0.7851410508155823, 0.7858657240867615], "val_loss": [1.7984756231307983, 1.8356168270111084, 1.4726938009262085, 1.321583867073059, 1.4367156028747559, 1.3285040855407715, 1.3589768409729004, 1.3964284658432007, 1.377049207687378, 1.3061695098876953, 1.34835684299469, 1.2616229057312012, 1.3142188787460327, 1.2996011972427368, 1.4542869329452515, 1.3059154748916626, 1.2932299375534058, 1.2390726804733276, 1.247793197631836, 1.260432481765747, 1.3456617593765259, 1.612682819366455, 1.4526127576828003, 1.251954436302185, 1.4269180297851562, 1.2916085720062256, 1.3294963836669922, 1.2407820224761963, 1.2727497816085815, 1.3442437648773193, 1.3054922819137573, 1.288293480873108, 1.3284329175949097, 1.3388440608978271, 1.312846302986145, 1.3138148784637451, 1.2772387266159058, 1.4167110919952393, 1.3440275192260742, 1.3170547485351562, 1.2749367952346802, 1.2984931468963623, 1.3433973789215088, 1.4575767517089844, 1.3643271923065186, 1.393410086631775, 1.3815850019454956, 1.3597575426101685, 1.4172481298446655, 1.450699806213379], "val_accuracy": [0.33664771914482117, 0.39429450035095215, 0.4939630627632141, 0.5328480005264282, 0.5064512491226196, 0.5434422492980957, 0.5261008739471436, 0.5080492496490479, 0.5249763131141663, 0.5542731881141663, 0.5314867496490479, 0.5545099377632141, 0.5402461886405945, 0.5419034361839294, 0.5520241260528564, 0.5512547492980957, 0.5614938735961914, 0.5686553120613098, 0.5727391242980957, 0.5665246248245239, 0.5513139367103577, 0.5508996248245239, 0.5530303120613098, 0.5730942487716675, 0.5401278138160706, 0.5770596861839294, 0.5652225613594055, 0.5864109992980957, 0.5804924368858337, 0.5620856881141663, 0.5694246888160706, 0.5821496248245239, 0.5724431872367859, 0.572265625, 0.5716145634651184, 0.5826231241226196, 0.5833333134651184, 0.5553977489471436, 0.568359375, 0.5756391882896423, 0.5870620012283325, 0.5767637491226196, 0.5756391882896423, 0.558534562587738, 0.5706676244735718, 0.5611387491226196, 0.5749881863594055, 0.5867661237716675, 0.5735085010528564, 0.5728574991226196]}