{"loss": [2.7247726917266846, 2.6543309688568115, 1.8737345933914185, 1.661064863204956, 1.6348549127578735, 1.5765881538391113, 1.5214576721191406, 1.4781628847122192, 1.437272310256958, 1.3937677145004272, 1.3544328212738037, 1.3301793336868286, 1.3396430015563965, 1.2758045196533203, 1.2408541440963745, 1.2122902870178223, 1.2694932222366333, 1.2375507354736328, 1.1886117458343506, 1.1613315343856812, 1.1411160230636597, 1.122187614440918, 1.105324387550354, 1.0913925170898438, 1.0759353637695312, 1.0643459558486938, 1.0488818883895874, 1.038775086402893, 1.0267977714538574, 1.0162403583526611, 1.0030851364135742, 0.9903852343559265, 0.9859423041343689, 0.9704652428627014, 0.9586642384529114, 0.9966958165168762, 0.949181079864502, 0.9349096417427063, 0.9238857626914978, 0.9143480062484741, 0.9009986519813538, 0.8898600935935974, 0.87873774766922, 0.8673089742660522, 0.8579692840576172, 0.8508555293083191, 0.838718831539154, 0.8285501599311829, 0.8223915696144104, 0.8117048740386963], "accuracy": [0.26327475905418396, 0.2792511582374573, 0.31170427799224854, 0.35469236969947815, 0.3708498477935791, 0.3929823935031891, 0.4134281873703003, 0.43115803599357605, 0.4475489854812622, 0.4657076597213745, 0.48116472363471985, 0.492371529340744, 0.4879736304283142, 0.5120311379432678, 0.5260396599769592, 0.536055326461792, 0.5157048106193542, 0.5277978777885437, 0.5464997887611389, 0.5573921203613281, 0.5656352639198303, 0.5719200372695923, 0.5789909958839417, 0.5848755240440369, 0.5909983515739441, 0.595672607421875, 0.6012808084487915, 0.6056786775588989, 0.6102005243301392, 0.6144936084747314, 0.6190153956413269, 0.6237658858299255, 0.6265009045600891, 0.6317612528800964, 0.637703001499176, 0.6239517331123352, 0.640347421169281, 0.6462605595588684, 0.6514923572540283, 0.6531838178634644, 0.6588682532310486, 0.6628516316413879, 0.6677403450012207, 0.6714187860488892, 0.674796998500824, 0.678327739238739, 0.6824492812156677, 0.6856179237365723, 0.6895250678062439, 0.6937037706375122], "val_loss": [1.6810543537139893, 8.365736961364746, 2.4362282752990723, 2.3507399559020996, 2.3809146881103516, 2.132230758666992, 2.358905076980591, 2.1989519596099854, 2.2871458530426025, 1.9589574337005615, 1.7059993743896484, 7.2953081130981445, 1.4312009811401367, 1.7693994045257568, 1.509404182434082, 1.3765827417373657, 2.0153939723968506, 1.4581012725830078, 1.2513227462768555, 1.2879101037979126, 1.3661924600601196, 1.1655287742614746, 0.9228971600532532, 1.496950387954712, 1.1627095937728882, 1.0871728658676147, 1.0982184410095215, 1.0047733783721924, 1.3271135091781616, 1.1509337425231934, 1.0753693580627441, 1.0862261056900024, 0.9772573709487915, 1.0584802627563477, 1.2395187616348267, 1.24992036819458, 1.084059715270996, 1.0396062135696411, 0.9984361529350281, 1.0773983001708984, 1.016541600227356, 1.1584707498550415, 1.056654453277588, 1.2128926515579224, 1.3146162033081055, 1.1970655918121338, 1.1614574193954468, 0.9436096549034119, 0.9110573530197144, 1.0152430534362793], "val_accuracy": [0.3333333432674408, 0.007407407276332378, 0.03703703731298447, 0.06666667014360428, 0.02222222276031971, 0.0962962955236435, 0.05925925821065903, 0.1259259283542633, 0.0962962955236435, 0.2074074000120163, 0.3185185194015503, 0.0962962955236435, 0.46666666865348816, 0.3333333432674408, 0.4148148000240326, 0.5259259343147278, 0.20000000298023224, 0.4444444477558136, 0.5629629492759705, 0.5185185074806213, 0.4962962865829468, 0.6000000238418579, 0.7185184955596924, 0.45185184478759766, 0.5703703761100769, 0.6000000238418579, 0.6000000238418579, 0.6518518328666687, 0.5629629492759705, 0.6074073910713196, 0.6518518328666687, 0.6074073910713196, 0.6296296119689941, 0.6222222447395325, 0.6000000238418579, 0.5925925970077515, 0.6296296119689941, 0.6370370388031006, 0.6592592597007751, 0.614814817905426, 0.6740740537643433, 0.6296296119689941, 0.644444465637207, 0.5481481552124023, 0.5629629492759705, 0.614814817905426, 0.614814817905426, 0.7111111283302307, 0.6888889074325562, 0.644444465637207]}