{
    "loss": [
        1.6706602573394775,
        1.333066463470459,
        1.2550103664398193,
        1.12562096118927,
        1.0519263744354248,
        1.0397627353668213,
        1.0073771476745605,
        0.987739622592926,
        0.9864761233329773,
        0.9713382720947266,
        0.9465010762214661,
        0.9399613738059998,
        0.9185181260108948,
        0.9111299514770508,
        0.902458131313324,
        0.8957125544548035,
        0.8903163075447083,
        0.8864240646362305,
        0.8845557570457458,
        0.8625871539115906,
        0.8584601879119873,
        0.8561743497848511,
        0.8441301584243774,
        0.8352822661399841,
        0.8274966478347778,
        0.8194179534912109,
        0.8242043852806091,
        0.8183938264846802,
        0.8090823888778687,
        0.7984199523925781,
        0.8016377091407776,
        0.7902535200119019,
        0.7895905375480652,
        0.7732293605804443,
        0.7723078727722168,
        0.7654489874839783,
        0.7571916580200195,
        0.7510905861854553,
        0.751907229423523,
        0.7406215071678162,
        0.7338440418243408,
        0.7313641905784607,
        0.722131073474884,
        0.7172005772590637,
        0.7132386565208435,
        0.7039210796356201,
        0.7001224756240845,
        0.7018749117851257,
        0.6902127861976624,
        0.6796891689300537
    ],
    "accuracy": [
        0.4730474352836609,
        0.5729785561561584,
        0.5803194642066956,
        0.6119327545166016,
        0.6342999339103699,
        0.6394234895706177,
        0.6521462798118591,
        0.6573667526245117,
        0.6562042832374573,
        0.6625979542732239,
        0.6719086170196533,
        0.6732863783836365,
        0.6799061298370361,
        0.6801429390907288,
        0.6841578483581543,
        0.6859554052352905,
        0.6890122890472412,
        0.6904761791229248,
        0.6902608871459961,
        0.6972143054008484,
        0.6994962692260742,
        0.6999375820159912,
        0.7026823163032532,
        0.7077521085739136,
        0.7096142172813416,
        0.712003767490387,
        0.7097756862640381,
        0.711002767086029,
        0.7159756422042847,
        0.7173318862915039,
        0.7176440358161926,
        0.7198505997657776,
        0.7211960554122925,
        0.7260505557060242,
        0.7267717123031616,
        0.727643609046936,
        0.7316477298736572,
        0.732476532459259,
        0.7334883213043213,
        0.7369865775108337,
        0.7391716241836548,
        0.7396129369735718,
        0.7435525059700012,
        0.744499683380127,
        0.7451024651527405,
        0.748676061630249,
        0.7496232390403748,
        0.7493218779563904,
        0.7532183527946472,
        0.755059003829956
    ],
    "val_loss": [
        1.6309398412704468,
        2.199969530105591,
        1.5369220972061157,
        1.5544792413711548,
        1.3104772567749023,
        1.4084163904190063,
        1.3945730924606323,
        1.2621252536773682,
        1.2833696603775024,
        1.2914677858352661,
        1.267198085784912,
        1.3555395603179932,
        1.3176789283752441,
        1.338038682937622,
        1.2816988229751587,
        1.3761932849884033,
        1.3343759775161743,
        1.2565163373947144,
        1.358896255493164,
        1.302963376045227,
        1.3572183847427368,
        1.3232501745224,
        1.4391077756881714,
        1.2352772951126099,
        1.3256233930587769,
        1.5806200504302979,
        1.3880342245101929,
        1.2589524984359741,
        1.294442892074585,
        1.3309497833251953,
        1.3309417963027954,
        1.3953403234481812,
        1.3786541223526,
        1.2729209661483765,
        1.320510983467102,
        1.354209542274475,
        1.4193049669265747,
        1.3373847007751465,
        1.4335116147994995,
        1.3435602188110352,
        1.308259129524231,
        1.383193016052246,
        1.3524699211120605,
        1.3370847702026367,
        1.3646881580352783,
        1.395769476890564,
        1.4173293113708496,
        1.388918399810791,
        1.3417949676513672,
        1.325165033340454
    ],
    "val_accuracy": [
        0.4433233439922333,
        0.3635839521884918,
        0.46598246693611145,
        0.47347787022590637,
        0.5520641207695007,
        0.5257726311683655,
        0.5362661480903625,
        0.5491812825202942,
        0.5457218885421753,
        0.5579451322555542,
        0.5610585808753967,
        0.5326914191246033,
        0.5472209453582764,
        0.5367850661277771,
        0.5570802688598633,
        0.5467020273208618,
        0.526752769947052,
        0.56936115026474,
        0.555869460105896,
        0.5665936470031738,
        0.5458371639251709,
        0.5605396628379822,
        0.5589252710342407,
        0.5821609497070312,
        0.5693035125732422,
        0.5548893213272095,
        0.5572532415390015,
        0.5762799978256226,
        0.5753574967384338,
        0.5691881775856018,
        0.5618081092834473,
        0.5496425032615662,
        0.5504497289657593,
        0.5789321660995483,
        0.5578874349594116,
        0.5642297267913818,
        0.546644389629364,
        0.5698800683021545,
        0.5341328382492065,
        0.5706872940063477,
        0.5682080388069153,
        0.5688422322273254,
        0.5679773688316345,
        0.5638837814331055,
        0.5607702732086182,
        0.5651522278785706,
        0.5642873644828796,
        0.5645179748535156,
        0.5677467584609985,
        0.5840060114860535
    ]
}