{"loss": [1.5686283111572266, 1.124097466468811, 1.0362087488174438, 0.9816302061080933, 0.9391846060752869, 0.9074525833129883, 0.8824716210365295, 0.8562371730804443, 0.8339528441429138, 0.8175433874130249, 0.7992697358131409, 0.7759072780609131, 0.7492405772209167, 0.7206058502197266, 0.7018548250198364, 0.6792712807655334, 0.6534045338630676, 0.6322748064994812, 0.6251379251480103, 0.5772380232810974, 0.5458471775054932, 0.5222715735435486, 0.4920808970928192, 0.47298306226730347, 0.44448602199554443, 0.41869908571243286, 0.39768147468566895, 0.37362566590309143, 0.35468658804893494, 0.3376590311527252, 0.31788188219070435, 0.30005234479904175, 0.2804272770881653, 0.2695578634738922, 0.2625446617603302, 0.2476692646741867, 0.2306053787469864, 0.2189134806394577, 0.20959459245204926, 0.1997547149658203, 0.19077078998088837, 0.19622686505317688, 0.18114952743053436, 0.17869079113006592, 0.16931407153606415, 0.161497101187706, 0.15369060635566711, 0.15612536668777466, 0.15270490944385529, 0.1426955759525299], "accuracy": [0.49374836683273315, 0.6015834808349609, 0.63192218542099, 0.6533918976783752, 0.6662952899932861, 0.6798260807991028, 0.6859371066093445, 0.6943735480308533, 0.704767644405365, 0.7099701762199402, 0.7152050733566284, 0.7228627800941467, 0.7320022583007812, 0.7414986491203308, 0.7471662163734436, 0.7573007941246033, 0.7644392848014832, 0.7759799361228943, 0.7751470804214478, 0.792636513710022, 0.8031712174415588, 0.812570333480835, 0.8244354128837585, 0.8301894664764404, 0.8420437574386597, 0.8511724472045898, 0.857478141784668, 0.8665202856063843, 0.8733559846878052, 0.8795318603515625, 0.887384295463562, 0.8923920392990112, 0.9005797505378723, 0.9048953056335449, 0.9075019359588623, 0.9136453866958618, 0.918220579624176, 0.9234554767608643, 0.9267651438713074, 0.9308643937110901, 0.9330600500106812, 0.9311239719390869, 0.9367374777793884, 0.9380137324333191, 0.9411070942878723, 0.9441463947296143, 0.947045087814331, 0.9466989636421204, 0.9479644298553467, 0.9509388208389282], "val_loss": [2.2094640731811523, 1.9130736589431763, 1.3728454113006592, 1.3610175848007202, 1.5134093761444092, 1.3892825841903687, 1.5514357089996338, 1.5048458576202393, 1.5470824241638184, 1.5567216873168945, 1.5035545825958252, 1.6789268255233765, 1.3289494514465332, 1.5672433376312256, 1.3992730379104614, 1.4285011291503906, 1.7614904642105103, 1.6346867084503174, 1.6609513759613037, 1.4748884439468384, 1.6762399673461914, 1.559375524520874, 1.627974271774292, 1.884619116783142, 1.7449766397476196, 1.8167227506637573, 1.9384652376174927, 1.9343931674957275, 1.9398092031478882, 2.1154003143310547, 2.1736245155334473, 2.097787380218506, 2.168673038482666, 2.266916513442993, 2.4333624839782715, 2.1950149536132812, 2.1997666358947754, 2.423445463180542, 2.4777815341949463, 2.549164295196533, 2.531672239303589, 2.563443899154663, 2.4869728088378906, 2.338547468185425, 2.58791446685791, 2.5323450565338135, 2.8290011882781982, 2.8239693641662598, 2.485931396484375, 2.777599573135376], "val_accuracy": [0.4098603129386902, 0.42080965638160706, 0.5125473737716675, 0.5119554996490479, 0.4864464998245239, 0.527402937412262, 0.47046637535095215, 0.5049715638160706, 0.48709753155708313, 0.5134351253509521, 0.5150923132896423, 0.4779829680919647, 0.5563446879386902, 0.5163352489471436, 0.5466382503509521, 0.5626183748245239, 0.48751184344291687, 0.5336174368858337, 0.515684187412262, 0.5580610632896423, 0.5326112508773804, 0.5529711246490479, 0.5291193127632141, 0.5218986868858337, 0.5398319363594055, 0.5305989384651184, 0.521484375, 0.5259233117103577, 0.5246803760528564, 0.5203598737716675, 0.5024858117103577, 0.5258049368858337, 0.5366358757019043, 0.5043205618858337, 0.5129024386405945, 0.5386481881141663, 0.5456321239471436, 0.5152698755264282, 0.5227864384651184, 0.5301846861839294, 0.5381746888160706, 0.5223721861839294, 0.5308948755264282, 0.5474668741226196, 0.5308948755264282, 0.5377604365348816, 0.5246211886405945, 0.5236742496490479, 0.5356297492980957, 0.5382338762283325]}