{"loss": [1.4552603960037231, 1.1946991682052612, 1.0468380451202393, 1.0043171644210815, 0.9575296640396118, 0.9281123876571655, 0.9065321087837219, 0.8844620585441589, 0.8588852286338806, 0.8528523445129395, 0.8330792784690857, 0.8251968026161194, 0.803991436958313, 0.7958996891975403, 0.7880377769470215, 0.7649744153022766, 0.75909423828125, 0.7427215576171875, 0.73300701379776, 0.7193465828895569, 0.7056414484977722, 0.6878558993339539, 0.6770594716072083, 0.6595019698143005, 0.6509276032447815, 0.6402778625488281, 0.6310473084449768, 0.611670970916748, 0.59813392162323, 0.5835589170455933, 0.5794915556907654, 0.5648887157440186, 0.5520577430725098, 0.5387988090515137, 0.5263447165489197, 0.5171838402748108, 0.5114734172821045, 0.4996531903743744, 0.49351966381073, 0.4861171543598175, 0.4714321494102478, 0.4676637649536133, 0.4554319381713867, 0.44223907589912415, 0.43076106905937195, 0.4199950397014618, 0.4107920527458191, 0.40767765045166016, 0.3980887234210968, 0.3904665410518646], "accuracy": [0.5010114312171936, 0.5906107425689697, 0.6371804475784302, 0.6505659818649292, 0.6647908091545105, 0.6736786365509033, 0.6810600757598877, 0.6870534420013428, 0.6968882083892822, 0.698566734790802, 0.7044848203659058, 0.7074653506278992, 0.7147176265716553, 0.7166436910629272, 0.7194951176643372, 0.72857666015625, 0.730405867099762, 0.7359042763710022, 0.7385727763175964, 0.7420267462730408, 0.7483859658241272, 0.7540780901908875, 0.7571446895599365, 0.7640203833580017, 0.7668180465698242, 0.7690776586532593, 0.7729513049125671, 0.7795364260673523, 0.7851316928863525, 0.7882736325263977, 0.792394757270813, 0.7963329553604126, 0.8004755973815918, 0.8046720027923584, 0.8099767565727234, 0.8129572868347168, 0.8140870928764343, 0.8199943900108337, 0.8215438723564148, 0.8247288465499878, 0.8276663422584534, 0.8298076391220093, 0.8358225226402283, 0.8408259153366089, 0.8431286215782166, 0.8464965224266052, 0.8519411087036133, 0.8511341214179993, 0.8556533455848694, 0.8585047721862793], "val_loss": [1.7367744445800781, 1.459038496017456, 1.2335938215255737, 1.3872003555297852, 1.3471832275390625, 1.378980278968811, 1.4833929538726807, 1.4248285293579102, 1.4336659908294678, 1.7073979377746582, 1.398772120475769, 1.4198768138885498, 1.3853771686553955, 1.4168609380722046, 1.3659178018569946, 1.3744899034500122, 1.3801913261413574, 1.3352638483047485, 1.413056492805481, 1.4511017799377441, 1.4194203615188599, 1.4128178358078003, 1.543954849243164, 1.4289724826812744, 1.475534439086914, 1.597744345664978, 1.6088002920150757, 1.50038743019104, 1.5268971920013428, 1.5449138879776, 1.5313054323196411, 1.5758823156356812, 1.5643737316131592, 1.6287531852722168, 1.6371545791625977, 1.708394169807434, 1.778366208076477, 1.665104866027832, 1.7192069292068481, 1.733229637145996, 1.7845256328582764, 1.8951094150543213, 1.7317110300064087, 1.7494009733200073, 1.7639200687408447, 1.8849645853042603, 1.8803126811981201, 2.017226219177246, 1.9371999502182007, 2.0078980922698975], "val_accuracy": [0.36231550574302673, 0.5163168907165527, 0.5574838519096375, 0.5045548677444458, 0.5453182458877563, 0.5588099360466003, 0.5475092530250549, 0.5422047972679138, 0.5355742573738098, 0.546875, 0.5410516858100891, 0.5543127059936523, 0.5394949316978455, 0.5480281114578247, 0.5559847950935364, 0.5477398633956909, 0.5424354076385498, 0.5711485147476196, 0.5457795262336731, 0.5434156060218811, 0.5468173623085022, 0.5598477721214294, 0.5460101366043091, 0.5647486448287964, 0.5630765557289124, 0.5270410776138306, 0.5566766858100891, 0.5517758131027222, 0.5554658770561218, 0.5462984442710876, 0.5386877059936523, 0.5418012142181396, 0.5524100661277771, 0.5495272278785706, 0.5334986448287964, 0.5277906060218811, 0.5298662185668945, 0.56059730052948, 0.5326914191246033, 0.5351130366325378, 0.5486623644828796, 0.5244464874267578, 0.5514875650405884, 0.5351706743240356, 0.551602840423584, 0.5275599360466003, 0.5443381071090698, 0.5196609497070312, 0.544511079788208, 0.5275599360466003]}