{"loss": [1.639345407485962, 1.2839384078979492, 1.203381896018982, 1.1557894945144653, 1.1234164237976074, 1.04088294506073, 0.9813985228538513, 0.9569791555404663, 0.9444217085838318, 0.9271918535232544, 0.930456280708313, 0.9096882939338684, 0.9015283584594727, 0.8927121758460999, 0.8830122947692871, 0.8655384182929993, 0.8524412512779236, 0.8501784205436707, 0.8353992700576782, 0.8335249423980713, 0.8295251727104187, 0.8136582374572754, 0.7982927560806274, 0.8101232647895813, 0.7946498394012451, 0.7828555107116699, 0.7786272168159485, 0.7817136645317078, 0.769847571849823, 0.7527369856834412, 0.7526358962059021, 0.7673118114471436, 0.737878680229187, 0.7303786873817444, 0.7123719453811646, 0.7105210423469543, 0.7049533128738403, 0.6964970827102661, 0.6826723217964172, 0.6772709488868713, 0.6742328405380249, 0.6755752563476562, 0.6657543778419495, 0.6546136736869812, 0.6445102095603943, 0.6375160217285156, 0.6299197673797607, 0.628722608089447, 0.6218480467796326, 0.614256739616394], "accuracy": [0.47141319513320923, 0.5814411640167236, 0.6055256128311157, 0.6138302683830261, 0.6204222440719604, 0.6369022130966187, 0.6542977094650269, 0.6643041968345642, 0.6686126589775085, 0.6736751198768616, 0.6738151907920837, 0.6797177791595459, 0.6809133887290955, 0.6867944598197937, 0.6899611949920654, 0.6946251392364502, 0.6992567777633667, 0.6993537545204163, 0.7049009203910828, 0.7056225538253784, 0.7066027522087097, 0.7125592231750488, 0.7172339558601379, 0.7138410210609436, 0.7176540493965149, 0.7227811217308044, 0.7241275310516357, 0.724213719367981, 0.7265295386314392, 0.7323029041290283, 0.7321305274963379, 0.7274342775344849, 0.7358466386795044, 0.740424394607544, 0.7451529502868652, 0.7467147707939148, 0.7475010752677917, 0.7504739165306091, 0.7556871771812439, 0.7569258809089661, 0.7580891847610474, 0.758444607257843, 0.7606419920921326, 0.7641318440437317, 0.7663076519966125, 0.7715424299240112, 0.7741167545318604, 0.7730181217193604, 0.7752477526664734, 0.7782852053642273], "val_loss": [1.7744038105010986, 1.4286394119262695, 1.3906699419021606, 1.4163575172424316, 2.49249529838562, 1.2535673379898071, 1.3361620903015137, 1.398292899131775, 1.4016081094741821, 1.3221259117126465, 1.3186830282211304, 1.378554344177246, 1.375909447669983, 1.163872480392456, 1.2232977151870728, 1.3290574550628662, 1.3116188049316406, 1.2084590196609497, 1.388336181640625, 1.2643346786499023, 1.3120611906051636, 1.2901400327682495, 1.31252920627594, 1.306449055671692, 1.224458932876587, 1.238900065422058, 1.2748260498046875, 1.2572312355041504, 1.3147164583206177, 1.2446714639663696, 1.5023161172866821, 1.3118267059326172, 1.3212777376174927, 1.2430027723312378, 1.2712106704711914, 1.2668098211288452, 1.2418842315673828, 1.3169218301773071, 1.2646360397338867, 1.3186496496200562, 1.2577377557754517, 1.2367197275161743, 1.37730872631073, 1.3729782104492188, 1.3316174745559692, 1.3121764659881592, 1.2877894639968872, 1.2823737859725952, 1.4084641933441162, 1.3206030130386353], "val_accuracy": [0.37112268805503845, 0.49508100748062134, 0.4948495328426361, 0.5092014074325562, 0.47193285822868347, 0.5536458492279053, 0.5319444537162781, 0.5217013955116272, 0.5252314805984497, 0.5604166388511658, 0.5403356552124023, 0.5377893447875977, 0.5392940044403076, 0.5864583253860474, 0.5728588104248047, 0.5675347447395325, 0.5759259462356567, 0.5798611044883728, 0.5602430701255798, 0.564120352268219, 0.5590277910232544, 0.5611110925674438, 0.5587384104728699, 0.5685185194015503, 0.5798032283782959, 0.5857638716697693, 0.564872682094574, 0.5723958611488342, 0.565625011920929, 0.5919560194015503, 0.5182870626449585, 0.5689814686775208, 0.5691550970077515, 0.5889467597007751, 0.5762731432914734, 0.5810185074806213, 0.5872106552124023, 0.5648148059844971, 0.5881365537643433, 0.5854745507240295, 0.5855324268341064, 0.5919560194015503, 0.5670138597488403, 0.5763310194015503, 0.5800926089286804, 0.5785879492759705, 0.5870370268821716, 0.5912036895751953, 0.5691550970077515, 0.5885416865348816]}