{
    "loss": [
        1.665679931640625,
        1.2504632472991943,
        1.1753993034362793,
        1.129739761352539,
        1.0946886539459229,
        1.0876821279525757,
        1.0412296056747437,
        1.062865138053894,
        1.04488205909729,
        1.0212109088897705,
        0.9917759895324707,
        0.9881237149238586,
        0.971613347530365,
        0.9601385593414307,
        0.9485456347465515,
        0.9416911602020264,
        0.9322170615196228,
        0.925182044506073,
        0.9164595007896423,
        0.9236602783203125,
        0.9112966656684875,
        0.9022890329360962,
        0.8989973068237305,
        0.8964824676513672,
        0.8908581137657166,
        0.8885006308555603,
        0.877105712890625,
        0.8782722353935242,
        0.8758834004402161,
        0.8714204430580139,
        0.8684090971946716,
        0.863006591796875,
        0.8586133718490601,
        0.8540534377098083,
        0.8555832505226135,
        0.8516986966133118,
        0.8439388275146484,
        0.8412453532218933,
        0.8382782340049744,
        0.8360249400138855,
        0.830039381980896,
        0.8270741105079651,
        0.8223713040351868,
        0.8240577578544617,
        0.8197010159492493,
        0.8163444399833679,
        0.8138361573219299,
        0.8124769926071167,
        0.8075011968612671,
        0.8053895831108093
    ],
    "accuracy": [
        0.4539790749549866,
        0.566841721534729,
        0.595086932182312,
        0.611754298210144,
        0.623525857925415,
        0.6259576678276062,
        0.6399350166320801,
        0.6317896246910095,
        0.6410648226737976,
        0.6439808011054993,
        0.6555156111717224,
        0.65683913230896,
        0.6622622013092041,
        0.6635318994522095,
        0.6698265671730042,
        0.6714513301849365,
        0.6754217743873596,
        0.6775845885276794,
        0.6786283254623413,
        0.6757338643074036,
        0.6815550327301025,
        0.6844494938850403,
        0.6844602823257446,
        0.6863863468170166,
        0.6869350671768188,
        0.6878281831741333,
        0.6922828555107117,
        0.6930252909660339,
        0.692648708820343,
        0.6933696269989014,
        0.694832980632782,
        0.6983300447463989,
        0.6976951956748962,
        0.700395941734314,
        0.6992769241333008,
        0.700137734413147,
        0.70332270860672,
        0.7027308940887451,
        0.7053993940353394,
        0.7058621048927307,
        0.706604540348053,
        0.7092838287353516,
        0.7100585103034973,
        0.7099617123603821,
        0.7111775875091553,
        0.7133080959320068,
        0.7104028463363647,
        0.7125118374824524,
        0.7143840789794922,
        0.7167835831642151
    ],
    "val_loss": [
        1.6596654653549194,
        10.284049034118652,
        1.3437135219573975,
        1.398977518081665,
        1.420423150062561,
        1.377309799194336,
        1.963654637336731,
        1.4350532293319702,
        1.4979665279388428,
        1.7682095766067505,
        1.4446343183517456,
        1.3331623077392578,
        1.4414385557174683,
        1.3415507078170776,
        1.407378911972046,
        1.277243733406067,
        1.3351085186004639,
        1.286106824874878,
        1.304533839225769,
        1.3058091402053833,
        1.3872746229171753,
        1.3316313028335571,
        1.405424952507019,
        1.3337215185165405,
        1.3331559896469116,
        1.3155726194381714,
        1.3312993049621582,
        1.3450125455856323,
        1.434601902961731,
        1.3469958305358887,
        1.2703113555908203,
        1.2944610118865967,
        1.4062232971191406,
        1.2831369638442993,
        1.4285732507705688,
        1.40316641330719,
        1.3292012214660645,
        1.3248952627182007,
        1.3428975343704224,
        1.3032702207565308,
        1.3654991388320923,
        1.3197952508926392,
        1.3946599960327148,
        1.406029462814331,
        1.2868881225585938,
        1.2973060607910156,
        1.3131914138793945,
        1.245389699935913,
        1.35916006565094,
        1.312653660774231
    ],
    "val_accuracy": [
        0.3808809816837311,
        0.27859777212142944,
        0.5168934464454651,
        0.5208717584609985,
        0.5249654054641724,
        0.5470479726791382,
        0.5255996584892273,
        0.5464137196540833,
        0.5389760136604309,
        0.5204681754112244,
        0.5408210158348083,
        0.5396102666854858,
        0.5206987857818604,
        0.5441651344299316,
        0.5410516858100891,
        0.566997230052948,
        0.5405904054641724,
        0.5581181049346924,
        0.562730610370636,
        0.5562730431556702,
        0.5497002005577087,
        0.5507380366325378,
        0.5387454032897949,
        0.5480858087539673,
        0.5615198612213135,
        0.5550045967102051,
        0.5460101366043091,
        0.5543127059936523,
        0.5374192595481873,
        0.5551775693893433,
        0.5754727721214294,
        0.5607702732086182,
        0.5540820956230164,
        0.5734547972679138,
        0.5363814830780029,
        0.5295202732086182,
        0.5595595240592957,
        0.5612891912460327,
        0.5546010136604309,
        0.5709755420684814,
        0.5497578382492065,
        0.5656134486198425,
        0.5626153349876404,
        0.5452606081962585,
        0.5812384486198425,
        0.5728205442428589,
        0.5703989863395691,
        0.5770871639251709,
        0.558002769947052,
        0.5679197311401367
    ]
}