{"loss": [1.3767435550689697, 1.1964192390441895, 1.1294761896133423, 1.0867674350738525, 1.0548171997070312, 1.0325952768325806, 1.007933259010315, 0.990569531917572, 0.9807950854301453, 0.9636172652244568, 0.953740656375885, 0.9373152256011963, 0.9292042255401611, 0.9213086366653442, 0.9095016121864319, 0.9005783796310425, 0.8936256170272827, 0.8890770077705383, 0.8789198398590088, 0.8731042742729187, 0.864485502243042, 0.8575921058654785, 0.8547895550727844, 0.8459994196891785, 0.8396282196044922, 0.8323655128479004, 0.8295826315879822, 0.8265568614006042, 0.8151254057884216, 0.8089544773101807, 0.8069326877593994, 0.7994054555892944, 0.7917307019233704, 0.7863537669181824, 0.7778323888778687, 0.7758525013923645, 0.7680519819259644, 0.7600376605987549, 0.7585386037826538, 0.7540827989578247, 0.7477744221687317, 0.7376681566238403, 0.7290078401565552, 0.7268301248550415, 0.7191694974899292, 0.7148971557617188, 0.7058413624763489, 0.6992895603179932, 0.692986011505127, 0.6879948377609253], "accuracy": [0.5001401901245117, 0.5723638534545898, 0.5989839434623718, 0.6151522994041443, 0.62767493724823, 0.6355811357498169, 0.6440913677215576, 0.6491824388504028, 0.6517171263694763, 0.6604754328727722, 0.6628807783126831, 0.6695896983146667, 0.6709379553794861, 0.6737315654754639, 0.6774203777313232, 0.6816593408584595, 0.6835361123085022, 0.6851755976676941, 0.6878721117973328, 0.6882064938545227, 0.692628800868988, 0.6947752237319946, 0.695756733417511, 0.7001143097877502, 0.7013978958129883, 0.7040188908576965, 0.7059603929519653, 0.7064565420150757, 0.7100591063499451, 0.7116446495056152, 0.7132625579833984, 0.7139421105384827, 0.7180192470550537, 0.719701886177063, 0.7226896286010742, 0.7226033210754395, 0.7266588807106018, 0.7310488224029541, 0.729894757270813, 0.7305203080177307, 0.733971893787384, 0.7358594536781311, 0.7401091456413269, 0.7413603663444519, 0.7442833781242371, 0.7446932196617126, 0.7480692863464355, 0.7503020167350769, 0.7514561414718628, 0.7549076676368713], "val_loss": [1.7846256494522095, 2.6793153285980225, 5.584478855133057, 1.669945478439331, 1.598078966140747, 1.6049745082855225, 3.1176679134368896, 1.4691712856292725, 1.540085792541504, 1.3419528007507324, 1.3956241607666016, 1.2662913799285889, 1.3296678066253662, 1.3017776012420654, 1.45804762840271, 1.2610321044921875, 1.6095110177993774, 1.5958951711654663, 1.4847548007965088, 1.266890525817871, 1.2729120254516602, 1.3000010251998901, 1.2994905710220337, 1.3891270160675049, 1.4623597860336304, 1.349074363708496, 1.5055164098739624, 1.2782347202301025, 1.4038108587265015, 1.345717430114746, 1.5085078477859497, 1.4957551956176758, 1.3742982149124146, 1.286496639251709, 1.3927946090698242, 1.4315143823623657, 1.5107800960540771, 1.320914626121521, 1.3742586374282837, 1.272877812385559, 1.3920131921768188, 1.5278854370117188, 1.2979875802993774, 1.3162355422973633, 1.489805817604065, 1.5153007507324219, 1.4041104316711426, 1.4789618253707886, 1.410565972328186, 1.449503779411316], "val_accuracy": [0.34287548065185547, 0.25116604566574097, 0.04436800256371498, 0.4798274338245392, 0.4693330228328705, 0.45096781849861145, 0.13100512325763702, 0.523262619972229, 0.49638524651527405, 0.5325326323509216, 0.5152751803398132, 0.5502565503120422, 0.5336403846740723, 0.5446012020111084, 0.5036730170249939, 0.5512476563453674, 0.46927472949028015, 0.46268656849861145, 0.5025069713592529, 0.5620918869972229, 0.5627915263175964, 0.5449510216712952, 0.5524137020111084, 0.5215718150138855, 0.5185984373092651, 0.530083954334259, 0.5069379806518555, 0.5713619589805603, 0.5363805890083313, 0.5434934496879578, 0.4998250901699066, 0.5027984976768494, 0.5436100959777832, 0.5670475959777832, 0.5288596153259277, 0.5226212739944458, 0.5177822113037109, 0.5512476563453674, 0.5413362979888916, 0.5602844953536987, 0.538887619972229, 0.5163829326629639, 0.5655900239944458, 0.5676888823509216, 0.529909074306488, 0.50291508436203, 0.5549207329750061, 0.5326492786407471, 0.5420359373092651, 0.528509795665741]}