{"loss": [1.5891804695129395, 1.2638676166534424, 1.1166186332702637, 1.0446739196777344, 1.007338523864746, 0.9711284637451172, 0.9480829238891602, 0.926503598690033, 0.9089123010635376, 0.8914490938186646, 0.8711878657341003, 0.8507424592971802, 0.8323180079460144, 0.8147445321083069, 0.8294470310211182, 0.7901501655578613, 0.7800623774528503, 0.7618853449821472, 0.7414635419845581, 0.7187037467956543, 0.7054219841957092, 0.6884984374046326, 0.6728556156158447, 0.6566553115844727, 0.6463698744773865, 0.6329053044319153, 0.6179870367050171, 0.6084486842155457, 0.5909608602523804, 0.5751193761825562, 0.5669075846672058, 0.5612300634384155, 0.5432981848716736, 0.5338616967201233, 0.5234844088554382, 0.5106857419013977, 0.501079261302948, 0.49472513794898987, 0.4930669069290161, 0.4787396192550659, 0.4740733802318573, 0.45718273520469666, 0.448801726102829, 0.44909748435020447, 0.43590179085731506, 0.4324387013912201, 0.42180922627449036, 0.4299617111682892, 0.40834999084472656, 0.40823692083358765], "accuracy": [0.357917845249176, 0.5439916253089905, 0.6012335419654846, 0.6294347047805786, 0.6429217457771301, 0.6555584073066711, 0.664513885974884, 0.6713166236877441, 0.6765263080596924, 0.6837165355682373, 0.6908959746360779, 0.6964501142501831, 0.7028114795684814, 0.7116055488586426, 0.7059760689735413, 0.7178592681884766, 0.7214759588241577, 0.7290536761283875, 0.7355226874351501, 0.7435094118118286, 0.7479656338691711, 0.7536059021949768, 0.7596766352653503, 0.7642835378646851, 0.7703651189804077, 0.7727869749069214, 0.7790622711181641, 0.7837553024291992, 0.7886635661125183, 0.7946482300758362, 0.7978020310401917, 0.8000301122665405, 0.8049814701080322, 0.8109661340713501, 0.8136032819747925, 0.8168001174926758, 0.8221712708473206, 0.8248191475868225, 0.8248514533042908, 0.8298243284225464, 0.8331826329231262, 0.8358843326568604, 0.8402329087257385, 0.8409541249275208, 0.8458623886108398, 0.8473801016807556, 0.8499096035957336, 0.8479397892951965, 0.8546671867370605, 0.8550761938095093], "val_loss": [1.4979811906814575, 1.4221171140670776, 1.5274055004119873, 1.3562594652175903, 1.345709204673767, 1.2696889638900757, 1.3052898645401, 1.3923439979553223, 1.3545833826065063, 1.3399909734725952, 1.319268822669983, 1.3453456163406372, 1.3868204355239868, 1.4162366390228271, 1.486987590789795, 1.4248894453048706, 1.4396367073059082, 1.4668201208114624, 1.5376864671707153, 1.5377771854400635, 1.6011767387390137, 1.5252662897109985, 1.6008782386779785, 1.656913161277771, 1.571335792541504, 1.5887234210968018, 1.679547905921936, 1.648702621459961, 1.7077155113220215, 1.7271169424057007, 1.7462371587753296, 1.851741075515747, 2.031540870666504, 1.7878347635269165, 1.9793016910552979, 1.808497428894043, 1.8251469135284424, 1.863194227218628, 2.0121500492095947, 2.020509958267212, 2.111879587173462, 2.103811264038086, 2.1664528846740723, 2.134066343307495, 2.0222525596618652, 2.085981607437134, 2.209564685821533, 2.383997917175293, 2.1670708656311035, 2.1396853923797607], "val_accuracy": [0.4193957448005676, 0.47918587923049927, 0.47388145327568054, 0.5227744579315186, 0.5247924327850342, 0.5522370934486389, 0.5439345240592957, 0.524158239364624, 0.5290013551712036, 0.537649929523468, 0.5585793256759644, 0.5387454032897949, 0.5414552688598633, 0.5262338519096375, 0.5171240568161011, 0.5277906060218811, 0.5373039841651917, 0.5226014852523804, 0.5137799978256226, 0.5243311524391174, 0.513030469417572, 0.5371310114860535, 0.5233510136604309, 0.5103782415390015, 0.5170087814331055, 0.5292896628379822, 0.5238122940063477, 0.50876384973526, 0.5204105377197266, 0.5163745284080505, 0.5116466879844666, 0.5144718885421753, 0.4841443598270416, 0.5224285125732422, 0.513491690158844, 0.5318842530250549, 0.5228897333145142, 0.5253689885139465, 0.5162015557289124, 0.5163745284080505, 0.5103782415390015, 0.5039783120155334, 0.5155096650123596, 0.5167204737663269, 0.5115890502929688, 0.515855610370636, 0.4952144920825958, 0.48708486557006836, 0.5154520273208618, 0.5167781114578247]}