{"loss": [1.513785719871521, 1.3352130651474, 1.2704263925552368, 1.221576452255249, 1.18472158908844, 1.151024341583252, 1.1278111934661865, 1.106161117553711, 1.084011435508728, 1.0660666227340698, 1.0491549968719482, 1.034971833229065, 1.022618055343628, 1.0070103406906128, 1.0034706592559814, 0.9896226525306702, 0.978538990020752, 0.9694881439208984, 0.9863168001174927, 0.957010805606842, 0.9627901911735535, 0.9409177303314209, 0.9372972249984741, 0.9269861578941345, 0.926891028881073, 0.9178251028060913, 0.9094920754432678, 0.9267704486846924, 0.8939594626426697, 0.888407826423645, 0.8822386860847473, 0.8753320574760437, 0.8986827731132507, 0.9338611364364624, 0.8741430044174194, 0.8933995962142944, 0.8481541275978088, 0.8470959663391113, 0.8510512113571167, 0.8376782536506653, 0.8300389647483826, 0.827931821346283, 0.82937091588974, 0.812117338180542, 0.8075377345085144, 0.8009955286979675, 0.7983757257461548, 0.801165759563446, 0.7795073986053467, 0.7764461040496826], "accuracy": [0.4245717525482178, 0.5213695168495178, 0.5453430414199829, 0.5629465579986572, 0.578677773475647, 0.5915791392326355, 0.6003593802452087, 0.6092902421951294, 0.617177426815033, 0.6240746378898621, 0.6298743486404419, 0.6348885297775269, 0.6391602754592896, 0.6435073614120483, 0.6454119086265564, 0.6517065763473511, 0.6560213565826416, 0.6574416756629944, 0.6520938873291016, 0.6633812785148621, 0.6619501709938049, 0.6677390933036804, 0.668847382068634, 0.6720431447029114, 0.6736140847206116, 0.6769819855690002, 0.6802315711975098, 0.6741736531257629, 0.684180498123169, 0.6858806014060974, 0.687537670135498, 0.6905289888381958, 0.6814582347869873, 0.6709025502204895, 0.6907764673233032, 0.6823728084564209, 0.7009016871452332, 0.6995889544487, 0.6984484195709229, 0.7027847170829773, 0.7059374451637268, 0.7061849236488342, 0.7058621048927307, 0.7119738459587097, 0.7131574153900146, 0.7163962125778198, 0.7162455916404724, 0.715072751045227, 0.7229491472244263, 0.7241542339324951], "val_loss": [10.263357162475586, 5.45194673538208, 1.8073564767837524, 3.069279432296753, 1.5133121013641357, 1.4078518152236938, 1.4892770051956177, 1.3762503862380981, 1.3454760313034058, 1.4093906879425049, 1.3245092630386353, 1.3931804895401, 1.3756613731384277, 1.333593726158142, 1.4740303754806519, 1.252921462059021, 1.3350014686584473, 1.3785532712936401, 1.3195221424102783, 1.3996140956878662, 1.2437477111816406, 1.2582755088806152, 1.2970163822174072, 1.2603518962860107, 1.3051975965499878, 1.3987584114074707, 1.3783726692199707, 1.3906655311584473, 1.4112788438796997, 1.4989161491394043, 1.355360984802246, 1.3429487943649292, 1.3711224794387817, 1.4415041208267212, 1.3214759826660156, 1.3641254901885986, 1.4059489965438843, 1.3941175937652588, 1.4250260591506958, 1.3209117650985718, 1.380205750465393, 1.5873916149139404, 1.3334028720855713, 1.4294414520263672, 1.4983782768249512, 1.3817111253738403, 1.4817677736282349, 1.4844558238983154, 1.651692509651184, 1.5485833883285522], "val_accuracy": [0.33648523688316345, 0.046875, 0.47140222787857056, 0.3903943598270416, 0.45727628469467163, 0.5017297267913818, 0.4620618224143982, 0.5208717584609985, 0.5220825672149658, 0.50876384973526, 0.5283671617507935, 0.5070341229438782, 0.5103782415390015, 0.5258879065513611, 0.49181273579597473, 0.5593865513801575, 0.5265797972679138, 0.5172393918037415, 0.5478551387786865, 0.5187961459159851, 0.5617504715919495, 0.5521794557571411, 0.5474515557289124, 0.5557541251182556, 0.5412246584892273, 0.5170664191246033, 0.5165475010871887, 0.526522159576416, 0.522716760635376, 0.5040936470031738, 0.5359202027320862, 0.544511079788208, 0.5362085103988647, 0.5210447311401367, 0.5424354076385498, 0.5253113508224487, 0.5238699316978455, 0.5295779705047607, 0.5083602666854858, 0.5505073666572571, 0.5308464169502258, 0.4864506423473358, 0.5499308109283447, 0.5347670912742615, 0.5140682458877563, 0.5352859497070312, 0.5345941185951233, 0.5143565535545349, 0.5342481732368469, 0.5305581092834473]}