{"loss": [1.4269086122512817, 1.1580382585525513, 1.0745631456375122, 0.9990694522857666, 0.9487856030464172, 0.9080249071121216, 0.8961054682731628, 0.8789604306221008, 0.8497387766838074, 0.8298197388648987, 0.8094714879989624, 0.7877057790756226, 0.7692397236824036, 0.7562306523323059, 0.7336330413818359, 0.7139068245887756, 0.6995844841003418, 0.674077570438385, 0.6599327921867371, 0.6397957801818848, 0.6223275661468506, 0.6034494042396545, 0.5782071352005005, 0.5850670337677002, 0.5522580742835999, 0.5441145300865173, 0.525970458984375, 0.5060383081436157, 0.4944116473197937, 0.47447580099105835, 0.4586430490016937, 0.4355654716491699, 0.42930543422698975, 0.42117926478385925, 0.3960355818271637, 0.3734712600708008, 0.3683589994907379, 0.36852267384529114, 0.34092387557029724, 0.3436148166656494, 0.32253843545913696, 0.3160402476787567, 0.31090396642684937, 0.298727810382843, 0.2925189733505249, 0.2785188853740692, 0.28411734104156494, 0.2606705129146576, 0.25550299882888794, 0.2514876425266266], "accuracy": [0.5063936710357666, 0.5999418497085571, 0.628950297832489, 0.6511237621307373, 0.6678614616394043, 0.6805842518806458, 0.6849220991134644, 0.6923060417175293, 0.7009816765785217, 0.7077521085739136, 0.7137582898139954, 0.7208946943283081, 0.7271053791046143, 0.7313355803489685, 0.7394514679908752, 0.74501633644104, 0.7508288025856018, 0.7592999339103699, 0.763325572013855, 0.7710217237472534, 0.7762421369552612, 0.7835938334465027, 0.7931951284408569, 0.7892340421676636, 0.802645742893219, 0.8034638166427612, 0.8104064464569092, 0.8189851641654968, 0.821374773979187, 0.8291892409324646, 0.8349263668060303, 0.8435051441192627, 0.845474898815155, 0.848983883857727, 0.8579608798027039, 0.8664212226867676, 0.867293119430542, 0.8675514459609985, 0.8775510191917419, 0.8775833249092102, 0.8844183087348938, 0.8863665461540222, 0.8894557952880859, 0.8931262493133545, 0.8953651189804077, 0.9001657366752625, 0.8981314301490784, 0.906387209892273, 0.9092826843261719, 0.9102299213409424], "val_loss": [1.8634141683578491, 1.7570823431015015, 1.4389568567276, 1.309576392173767, 1.3121745586395264, 1.2812074422836304, 1.2674132585525513, 1.2855397462844849, 1.3812423944473267, 1.4169577360153198, 1.5527688264846802, 1.2866621017456055, 1.3361660242080688, 1.4034520387649536, 1.3791958093643188, 1.5131447315216064, 1.4098830223083496, 1.3759573698043823, 1.358647346496582, 1.4367961883544922, 1.5605231523513794, 1.4883445501327515, 1.5933141708374023, 1.509034276008606, 1.590985655784607, 1.6688889265060425, 1.5879385471343994, 1.6730639934539795, 1.6962554454803467, 1.7077946662902832, 1.7502484321594238, 1.8035105466842651, 1.6831870079040527, 1.9542686939239502, 1.9697144031524658, 1.9764024019241333, 1.9065828323364258, 1.9753506183624268, 2.0387377738952637, 2.057337999343872, 2.067593812942505, 2.218043327331543, 2.2047109603881836, 2.269144296646118, 2.211040496826172, 2.3680856227874756, 2.18143367767334, 2.277846097946167, 2.253136157989502, 2.3212015628814697], "val_accuracy": [0.3306042551994324, 0.43940266966819763, 0.5064575672149658, 0.5443381071090698, 0.5536785125732422, 0.5614621639251709, 0.5584063529968262, 0.54497230052948, 0.5261762142181396, 0.5624423623085022, 0.5319418907165527, 0.5767989158630371, 0.5590982437133789, 0.5640567541122437, 0.5531595945358276, 0.546644389629364, 0.5499308109283447, 0.55563884973526, 0.5693035125732422, 0.5588099360466003, 0.5530442595481873, 0.5589829087257385, 0.5323454737663269, 0.5590406060218811, 0.5379958748817444, 0.5362661480903625, 0.5503343939781189, 0.555408239364624, 0.5471633076667786, 0.5499884486198425, 0.540475070476532, 0.5369580388069153, 0.5525830388069153, 0.5263491868972778, 0.5435308814048767, 0.5371310114860535, 0.5369003415107727, 0.5330950021743774, 0.5257726311683655, 0.5313653349876404, 0.5431272983551025, 0.5134340524673462, 0.5238122940063477, 0.5233510136604309, 0.5349400639533997, 0.5251383781433105, 0.5441074967384338, 0.5383994579315186, 0.5172393918037415, 0.5334986448287964]}