{"loss": [1.6650031805038452, 1.2543466091156006, 1.1598610877990723, 1.110727310180664, 1.0775443315505981, 1.1212540864944458, 1.0674365758895874, 1.0535824298858643, 1.013942837715149, 0.9997742772102356, 0.985360324382782, 0.9708249568939209, 0.965587854385376, 0.9476627111434937, 0.9507036209106445, 0.9349783658981323, 0.9289711713790894, 0.9241431951522827, 0.9125983119010925, 0.904498279094696, 0.8993755578994751, 0.8957571387290955, 0.8872062563896179, 0.8836871981620789, 0.881703794002533, 0.8823634386062622, 0.8753640651702881, 0.8694561123847961, 0.8663205504417419, 0.8593999743461609, 0.8559843301773071, 0.8563411831855774, 0.8556910753250122, 0.8523432612419128, 0.8459720611572266, 0.8380224108695984, 0.8425402641296387, 0.837993860244751, 0.8418759703636169, 0.8350629806518555, 0.8287022709846497, 0.8207542300224304, 0.8215556144714355, 0.8097063302993774, 0.812221348285675, 0.8135849237442017, 0.8068584203720093, 0.8045379519462585, 0.7985925078392029, 0.7937960028648376], "accuracy": [0.45595893263816833, 0.5664758682250977, 0.6004992723464966, 0.6168653964996338, 0.626732349395752, 0.6126151084899902, 0.631208598613739, 0.6355664134025574, 0.6486614346504211, 0.6529116630554199, 0.6572049856185913, 0.661928653717041, 0.6628109812736511, 0.6701923608779907, 0.6662542223930359, 0.6735603213310242, 0.6758736968040466, 0.6781871318817139, 0.6807372570037842, 0.6838361620903015, 0.6854394674301147, 0.6860958337783813, 0.6895928382873535, 0.6894529461860657, 0.6893776655197144, 0.6905935406684875, 0.6923904418945312, 0.6960489153862, 0.6959843039512634, 0.6986528635025024, 0.6989864110946655, 0.699233889579773, 0.699470579624176, 0.6977705359458923, 0.7016656398773193, 0.7048614025115967, 0.7036670446395874, 0.7051196694374084, 0.7037531137466431, 0.7064539194107056, 0.7069703936576843, 0.7111560702323914, 0.7110161781311035, 0.7137492299079895, 0.7132435441017151, 0.7126409411430359, 0.7163746953010559, 0.7154601216316223, 0.7176013588905334, 0.7192476391792297], "val_loss": [1.5217021703720093, 1.4833126068115234, 1.4499379396438599, 1.3885661363601685, 1.4241033792495728, 1.4545729160308838, 1.841657280921936, 1.8291882276535034, 5.189929008483887, 1.500251293182373, 1.4198753833770752, 1.443216323852539, 1.3811311721801758, 1.3107662200927734, 1.3618884086608887, 1.2989832162857056, 1.2832826375961304, 1.365011215209961, 1.3860887289047241, 1.2791229486465454, 1.3194389343261719, 1.2331632375717163, 1.3090537786483765, 1.280065655708313, 1.316710352897644, 1.2696160078048706, 1.296052098274231, 1.3209716081619263, 1.3005115985870361, 1.2915130853652954, 1.3028991222381592, 1.3048510551452637, 1.327067494392395, 1.3486882448196411, 1.3129116296768188, 1.3171294927597046, 1.3188096284866333, 1.3511236906051636, 1.3508210182189941, 1.5530644655227661, 1.4838005304336548, 1.354957938194275, 1.3743666410446167, 1.3374940156936646, 1.2991158962249756, 1.2801657915115356, 1.321690559387207, 1.4115655422210693, 1.3480709791183472, 1.3040976524353027], "val_accuracy": [0.45364391803741455, 0.4899677038192749, 0.4942919611930847, 0.5184502005577087, 0.5290590524673462, 0.5084179043769836, 0.5498154759407043, 0.5413976311683655, 0.5078413486480713, 0.5010954737663269, 0.5237545967102051, 0.547105610370636, 0.5464137196540833, 0.5486047267913818, 0.5534479022026062, 0.5611162185668945, 0.5586946606636047, 0.5314229726791382, 0.5185654759407043, 0.5613468885421753, 0.5495272278785706, 0.5733394622802734, 0.5480281114578247, 0.562730610370636, 0.5620387196540833, 0.5704566240310669, 0.5614621639251709, 0.5574838519096375, 0.5671702027320862, 0.5649215579032898, 0.567227840423584, 0.5680350661277771, 0.5552352666854858, 0.5536785125732422, 0.5676314830780029, 0.5673431754112244, 0.5694764852523804, 0.5605396628379822, 0.5677467584609985, 0.4901983439922333, 0.5491812825202942, 0.5587522983551025, 0.5474515557289124, 0.5690729022026062, 0.5709755420684814, 0.5774331092834473, 0.5656134486198425, 0.5524100661277771, 0.5657864212989807, 0.5680350661277771]}