{"loss": [1.574673056602478, 1.3049660921096802, 1.1618462800979614, 1.077317714691162, 1.0329452753067017, 1.0006309747695923, 0.9737952947616577, 0.9560186862945557, 0.928216278553009, 0.9074785709381104, 0.889236569404602, 0.8784921169281006, 0.8562582731246948, 0.8392288088798523, 0.8233387470245361, 0.8036381006240845, 0.7978127002716064, 0.7708283066749573, 0.7588114142417908, 0.7422227263450623, 0.7236689925193787, 0.7023107409477234, 0.7013548016548157, 0.6808740496635437, 0.6732907891273499, 0.6529716849327087, 0.6354550719261169, 0.6272023916244507, 0.6137270331382751, 0.6003803610801697, 0.5884265899658203, 0.5830047726631165, 0.5649261474609375, 0.5528110861778259, 0.5423259139060974, 0.5340337753295898, 0.5258430242538452, 0.5272393226623535, 0.5088056325912476, 0.5028186440467834, 0.4935157895088196, 0.4802539348602295, 0.47684305906295776, 0.462514191865921, 0.4630013406276703, 0.4688893258571625, 0.4453487992286682, 0.433859646320343, 0.4332868456840515, 0.42318814992904663], "accuracy": [0.3652157187461853, 0.52751225233078, 0.5841405987739563, 0.6168302893638611, 0.6330836415290833, 0.6431908011436462, 0.6544497609138489, 0.6600361466407776, 0.6703478693962097, 0.6772582530975342, 0.6837272644042969, 0.6873762011528015, 0.6962671279907227, 0.7006157040596008, 0.7058576345443726, 0.7155343294143677, 0.7129294872283936, 0.7247911691665649, 0.7294518947601318, 0.7362223267555237, 0.741604208946228, 0.7487837076187134, 0.7475566267967224, 0.7564152479171753, 0.7591061592102051, 0.765758216381073, 0.7728192806243896, 0.7759838104248047, 0.780289351940155, 0.7845948338508606, 0.7902566194534302, 0.7912468910217285, 0.7986631393432617, 0.8030762672424316, 0.8066175580024719, 0.8086411952972412, 0.8142921924591064, 0.8125914931297302, 0.8181133270263672, 0.821912944316864, 0.8231938481330872, 0.8290170431137085, 0.8310514092445374, 0.8346788287162781, 0.8355937600135803, 0.8344743251800537, 0.8416860699653625, 0.8450981378555298, 0.845571756362915, 0.8490377068519592], "val_loss": [1.5218560695648193, 1.4307188987731934, 1.3117938041687012, 1.3234741687774658, 1.28633451461792, 1.412394404411316, 1.3394654989242554, 1.314892292022705, 1.3623007535934448, 1.3950364589691162, 1.3794255256652832, 1.4462809562683105, 1.4079322814941406, 1.4189211130142212, 1.3932006359100342, 1.4759674072265625, 1.4572275876998901, 1.4036750793457031, 1.5052839517593384, 1.4502071142196655, 1.5168813467025757, 1.5529283285140991, 1.6453330516815186, 1.6150461435317993, 1.501537561416626, 1.581404447555542, 1.640052080154419, 1.7920011281967163, 1.7393817901611328, 1.696210503578186, 1.8005810976028442, 1.737525224685669, 1.76659095287323, 1.7936067581176758, 1.913431167602539, 1.8710103034973145, 1.8853511810302734, 1.8794728517532349, 1.9306548833847046, 2.0281198024749756, 1.9160836935043335, 2.098773241043091, 2.070084810256958, 2.1486074924468994, 2.0849006175994873, 2.1214869022369385, 2.1114773750305176, 2.2029552459716797, 2.118610143661499, 2.1491305828094482], "val_accuracy": [0.4150714874267578, 0.4765336811542511, 0.5231780409812927, 0.5165475010871887, 0.5420318245887756, 0.5227744579315186, 0.5283095240592957, 0.5437615513801575, 0.5341328382492065, 0.5260032415390015, 0.5321148633956909, 0.5185078382492065, 0.5213330388069153, 0.5370156764984131, 0.5377075672149658, 0.5226591229438782, 0.5282518267631531, 0.5408787131309509, 0.5273869633674622, 0.5330373644828796, 0.5231780409812927, 0.5164898633956909, 0.502363920211792, 0.5135493278503418, 0.5275599360466003, 0.5190267562866211, 0.5150484442710876, 0.49734777212142944, 0.5030558109283447, 0.5039783120155334, 0.5061116218566895, 0.5177006721496582, 0.5104358792304993, 0.5140682458877563, 0.49250462651252747, 0.5166628360748291, 0.5157979726791382, 0.4879497289657593, 0.5166051387786865, 0.4968288838863373, 0.5101476311683655, 0.4943496286869049, 0.49740543961524963, 0.5069764852523804, 0.5104935169219971, 0.49959641695022583, 0.4933118224143982, 0.5078413486480713, 0.5054197311401367, 0.5103782415390015]}