{"loss": [1.466515302658081, 1.2382161617279053, 1.1648463010787964, 1.1192951202392578, 1.0892577171325684, 1.0621873140335083, 1.0433833599090576, 1.0236468315124512, 1.0130469799041748, 0.996458113193512, 0.9819490909576416, 0.9717961549758911, 0.9645231366157532, 0.9509493112564087, 0.9400462508201599, 0.9333990812301636, 0.9254182577133179, 0.9187004566192627, 0.9121275544166565, 0.9005832076072693, 0.8974809646606445, 0.8887872099876404, 0.8824137449264526, 0.8776812553405762, 0.8704954981803894, 0.8639748096466064, 0.8623184561729431, 0.8526901602745056, 0.8471411466598511, 0.8434358239173889, 0.8372955918312073, 0.8336267471313477, 0.8289045095443726, 0.8221734166145325, 0.8134353160858154, 0.8124850988388062, 0.8107686042785645, 0.8054575324058533, 0.7955095767974854, 0.7930114269256592, 0.7867543697357178, 0.7768303155899048, 0.7738525867462158, 0.7717835307121277, 0.7629201412200928, 0.7584279179573059, 0.7503155469894409, 0.7458499073982239, 0.73945552110672, 0.7341212630271912], "accuracy": [0.45504888892173767, 0.5565999150276184, 0.5846132040023804, 0.6026758551597595, 0.6127995848655701, 0.6229990720748901, 0.6298455595970154, 0.6370922327041626, 0.6400449872016907, 0.6473890542984009, 0.6514125466346741, 0.6555226445198059, 0.6580103039741516, 0.6629639863967896, 0.6673769354820251, 0.6702431440353394, 0.6718655228614807, 0.6735528111457825, 0.6771978139877319, 0.6800099611282349, 0.6812970638275146, 0.6844877600669861, 0.686445415019989, 0.6880678534507751, 0.6906095743179321, 0.6929782629013062, 0.6933676600456238, 0.6967855095863342, 0.6997382640838623, 0.6995976567268372, 0.7012849450111389, 0.7051894664764404, 0.704237699508667, 0.7083369493484497, 0.7109976410865784, 0.7113329768180847, 0.7117006778717041, 0.7135934829711914, 0.7148048877716064, 0.7168923616409302, 0.7193259596824646, 0.722916841506958, 0.7246149778366089, 0.7244310975074768, 0.7283464670181274, 0.7281950116157532, 0.7323915958404541, 0.7342519760131836, 0.7360798716545105, 0.7376914620399475], "val_loss": [1.6337451934814453, 2.0186030864715576, 2.9810848236083984, 2.5103354454040527, 1.654552936553955, 1.9906682968139648, 1.8727396726608276, 2.177097797393799, 2.095079183578491, 2.714689016342163, 1.4829864501953125, 1.6335574388504028, 1.3443517684936523, 1.8463226556777954, 1.5012744665145874, 1.7987157106399536, 1.3094298839569092, 1.3498766422271729, 1.517357349395752, 1.4338982105255127, 1.45146906375885, 1.618795394897461, 1.4361592531204224, 1.2494707107543945, 1.4992659091949463, 1.3087975978851318, 1.407618522644043, 1.3469423055648804, 1.3805084228515625, 1.4866176843643188, 1.3367425203323364, 1.4598265886306763, 1.4575644731521606, 1.4632439613342285, 1.3743319511413574, 1.3882211446762085, 1.6445138454437256, 1.487879991531372, 1.5349571704864502, 1.3916155099868774, 1.5909597873687744, 1.4402328729629517, 1.2929022312164307, 1.5111749172210693, 1.6693334579467773, 1.4226549863815308, 1.5336506366729736, 1.4215487241744995, 1.4477180242538452, 1.4296447038650513], "val_accuracy": [0.3321496248245239, 0.34369081258773804, 0.04900568351149559, 0.2062026560306549, 0.457978218793869, 0.4177911877632141, 0.42767518758773804, 0.3931107819080353, 0.31960228085517883, 0.17808948457241058, 0.5373461246490479, 0.4823035001754761, 0.5275213122367859, 0.4024621248245239, 0.4942589998245239, 0.46555396914482117, 0.5432054996490479, 0.5130800008773804, 0.4946141242980957, 0.5165128111839294, 0.5088778138160706, 0.475556343793869, 0.5211884379386902, 0.5659919381141663, 0.49520596861839294, 0.554746687412262, 0.5323745012283325, 0.5298887491226196, 0.5323745012283325, 0.5139086246490479, 0.5436198115348816, 0.505918562412262, 0.5184067487716675, 0.5016571879386902, 0.5414891242980957, 0.5398319363594055, 0.46200284361839294, 0.5069246888160706, 0.5029592514038086, 0.5427911877632141, 0.49994081258773804, 0.5315459370613098, 0.5651041865348816, 0.5005326867103577, 0.47141334414482117, 0.5365766882896423, 0.5213660001754761, 0.5471709370613098, 0.539003312587738, 0.5363399386405945]}