{"loss": [1.6544489860534668, 1.1960588693618774, 1.0798040628433228, 1.0474647283554077, 1.02195405960083, 1.012195348739624, 0.9813828468322754, 0.9687246084213257, 0.9728863835334778, 0.9400104284286499, 0.930429220199585, 0.9271652698516846, 0.9069876670837402, 0.8996607661247253, 0.884750485420227, 0.8933367133140564, 0.8655902743339539, 0.8546338081359863, 0.8474222421646118, 0.8514631390571594, 0.8372876048088074, 0.8193531632423401, 0.8208217620849609, 0.816914439201355, 0.8008239269256592, 0.7967529892921448, 0.7943259477615356, 0.7858111262321472, 0.7755575776100159, 0.7857183814048767, 0.7627331614494324, 0.748008668422699, 0.7449359893798828, 0.7367724180221558, 0.721515417098999, 0.714992880821228, 0.7101374864578247, 0.7004702091217041, 0.6987192630767822, 0.681359589099884, 0.6804778575897217, 0.668463945388794, 0.6622027158737183, 0.6601383090019226, 0.6523159146308899, 0.6388876438140869, 0.627593457698822, 0.6255373954772949, 0.6252068281173706, 0.6077856421470642], "accuracy": [0.4612882435321808, 0.5855019092559814, 0.6242783069610596, 0.6351141929626465, 0.6452068090438843, 0.6490736603736877, 0.6593817472457886, 0.6638302206993103, 0.663302481174469, 0.6728026866912842, 0.675129234790802, 0.6778543591499329, 0.6832399964332581, 0.686676025390625, 0.6893795728683472, 0.6875053644180298, 0.6952499151229858, 0.7003769874572754, 0.7046855092048645, 0.7024450898170471, 0.7064088582992554, 0.7102003693580627, 0.711934506893158, 0.714401125907898, 0.7178155779838562, 0.7207561135292053, 0.7201852798461914, 0.723976731300354, 0.7263571619987488, 0.7259586453437805, 0.7328091263771057, 0.7366329431533813, 0.7362128496170044, 0.73811936378479, 0.7431064248085022, 0.7442050576210022, 0.7472425699234009, 0.7522188425064087, 0.7525635361671448, 0.7563011646270752, 0.7572490572929382, 0.7612990140914917, 0.7631516456604004, 0.7638625502586365, 0.7676001787185669, 0.7710254192352295, 0.7753877639770508, 0.7743968367576599, 0.7764002680778503, 0.7830784320831299], "val_loss": [1.5692942142486572, 1.4743473529815674, 1.313210368156433, 1.4524633884429932, 1.4181573390960693, 1.237796664237976, 1.3196876049041748, 1.4121289253234863, 1.3139084577560425, 1.2807446718215942, 1.2924646139144897, 1.2550864219665527, 1.2182649374008179, 1.247840166091919, 1.604462742805481, 1.3578685522079468, 1.2878090143203735, 1.2672240734100342, 1.2672840356826782, 1.3370836973190308, 1.3302744626998901, 1.2937290668487549, 1.2522244453430176, 1.3004193305969238, 1.335469365119934, 1.2432454824447632, 1.3283238410949707, 1.2456746101379395, 1.3308016061782837, 1.3976207971572876, 1.3125075101852417, 1.5134344100952148, 1.3221611976623535, 1.359963297843933, 1.3461424112319946, 1.3164187669754028, 1.3200427293777466, 1.282212734222412, 1.2735600471496582, 1.4235988855361938, 1.3618595600128174, 1.360289216041565, 1.3788264989852905, 1.3727991580963135, 1.3974289894104004, 1.3738349676132202, 1.4177805185317993, 1.417367935180664, 1.3417044878005981, 1.35940420627594], "val_accuracy": [0.46481481194496155, 0.48327547311782837, 0.5357638597488403, 0.4932291805744171, 0.5064235925674438, 0.5623842477798462, 0.535995364189148, 0.5126736164093018, 0.5351273417472839, 0.5549768805503845, 0.5538194179534912, 0.5550925731658936, 0.5723958611488342, 0.5703703761100769, 0.44241899251937866, 0.5456018447875977, 0.5649305582046509, 0.5543403029441833, 0.5677083134651184, 0.5472221970558167, 0.557060182094574, 0.5648148059844971, 0.5680555701255798, 0.5716435313224792, 0.5582754611968994, 0.5761573910713196, 0.5747685432434082, 0.574131965637207, 0.5467592477798462, 0.5443865656852722, 0.573379635810852, 0.5138888955116272, 0.5685185194015503, 0.5680555701255798, 0.5660300850868225, 0.5700231194496155, 0.5664351582527161, 0.5802661776542664, 0.5798611044883728, 0.5561921000480652, 0.5688078999519348, 0.5693866014480591, 0.5715277791023254, 0.5678240656852722, 0.5615162253379822, 0.5711227059364319, 0.5649884343147278, 0.5699653029441833, 0.5803240537643433, 0.5834490656852722]}