{"loss": [1.486344575881958, 1.3107508420944214, 1.2473751306533813, 1.1972434520721436, 1.1652650833129883, 1.1372002363204956, 1.1092709302902222, 1.0892902612686157, 1.0725586414337158, 1.0628106594085693, 1.1129150390625, 1.0547566413879395, 1.0497515201568604, 1.0256028175354004, 1.069200873374939, 1.0044728517532349, 0.9960323572158813, 0.9902931451797485, 0.9775986075401306, 0.9653657078742981, 0.9578139781951904, 0.9473233819007874, 0.9506433010101318, 0.9438854455947876, 0.929261326789856, 0.9237883687019348, 0.9581624269485474, 0.9097735285758972, 0.9494032859802246, 0.9083172678947449, 0.9012777209281921, 0.9092826843261719, 0.8841688632965088, 0.8828020095825195, 0.8788145184516907, 0.8758540749549866, 0.8670404553413391, 0.8606623411178589, 0.8552243113517761, 0.8488484621047974, 0.8468625545501709, 0.8621106147766113, 0.8348140120506287, 0.8298079371452332, 0.8384474515914917, 0.8203181028366089, 0.818483293056488, 0.8124909996986389, 0.8071200251579285, 1.0000076293945312], "accuracy": [0.4403029978275299, 0.5283635854721069, 0.5503034591674805, 0.5725876092910767, 0.5858117341995239, 0.5963459014892578, 0.6064926385879517, 0.6147564053535461, 0.6212447285652161, 0.6240638494491577, 0.6079022288322449, 0.6275393962860107, 0.6297882199287415, 0.6385577321052551, 0.6194585561752319, 0.644970715045929, 0.6482203006744385, 0.6501786112785339, 0.6553865075111389, 0.660120964050293, 0.6631983518600464, 0.6660497784614563, 0.6649630069732666, 0.6667706966400146, 0.6724305152893066, 0.6735388040542603, 0.6615628004074097, 0.6802315711975098, 0.6641452312469482, 0.6803176403045654, 0.681070864200592, 0.6787681579589844, 0.6876130104064941, 0.687107264995575, 0.6887750625610352, 0.6914865970611572, 0.6939614415168762, 0.6943918466567993, 0.6969850063323975, 0.6995459198951721, 0.7012352347373962, 0.6946500539779663, 0.7038499712944031, 0.70725017786026, 0.7023327946662903, 0.7096711993217468, 0.7109085917472839, 0.7124903202056885, 0.7163209319114685, 0.6464556455612183], "val_loss": [3.9207448959350586, 6.305348873138428, 1.8953769207000732, 1.4624872207641602, 1.4961934089660645, 1.4633923768997192, 1.4895877838134766, 1.2936842441558838, 2.0226216316223145, 1.4637526273727417, 2.8102903366088867, 1.3364331722259521, 1.4244247674942017, 1.5022605657577515, 1.2557567358016968, 1.3393614292144775, 1.5362420082092285, 1.2837032079696655, 1.5451489686965942, 1.3753796815872192, 1.3264715671539307, 1.5781068801879883, 1.4074764251708984, 1.222208857536316, 1.286422848701477, 1.382536768913269, 1.3193902969360352, 1.3110466003417969, 1.3396977186203003, 1.3685709238052368, 1.334495186805725, 1.2587578296661377, 1.5202888250350952, 1.4841448068618774, 1.2900303602218628, 1.3342095613479614, 1.2177530527114868, 1.3417551517486572, 1.3108407258987427, 1.3815866708755493, 1.478696346282959, 1.3841197490692139, 1.408523678779602, 1.3605877161026, 1.2839516401290894, 1.4639134407043457, 1.4077423810958862, 1.3376083374023438, 1.7069239616394043, 1.8304078578948975], "val_accuracy": [0.3483048975467682, 0.08608163893222809, 0.29837408661842346, 0.45347094535827637, 0.4209524989128113, 0.4877190887928009, 0.47468864917755127, 0.5211023688316345, 0.27306273579597473, 0.475265234708786, 0.44614851474761963, 0.5297509431838989, 0.4997117221355438, 0.4922739863395691, 0.5494118928909302, 0.529116690158844, 0.4976937174797058, 0.5517758131027222, 0.4933118224143982, 0.5206987857818604, 0.5346517562866211, 0.46690496802330017, 0.5205258131027222, 0.5671125650405884, 0.5517181754112244, 0.5427813529968262, 0.5481434464454651, 0.5422624349594116, 0.538341760635376, 0.5305581092834473, 0.5358625650405884, 0.557772159576416, 0.4866812825202942, 0.5533325672149658, 0.5474515557289124, 0.5488929748535156, 0.5741466879844666, 0.5504497289657593, 0.5556964874267578, 0.5323454737663269, 0.5110124349594116, 0.5311923623085022, 0.5324031114578247, 0.546875, 0.5573108792304993, 0.5381688475608826, 0.5523523688316345, 0.5522947311401367, 0.5431272983551025, 0.5151060819625854]}