{"loss": [1.6626304388046265, 1.2743414640426636, 1.1883388757705688, 1.112839937210083, 1.0809749364852905, 1.0630135536193848, 1.0406302213668823, 1.0171482563018799, 0.993536114692688, 0.962931752204895, 0.9324949979782104, 0.9095026850700378, 0.8901336193084717, 0.8746874332427979, 0.8644902110099792, 0.8572598099708557, 0.8476008176803589, 0.8428614139556885, 0.8278777003288269, 0.8230171799659729, 0.8191195130348206, 0.8051669597625732, 0.7929540872573853, 0.7875091433525085, 0.7774074673652649, 0.7768272161483765, 0.7626296877861023, 0.7559215426445007, 0.7520956993103027, 0.7516055107116699, 0.7266507148742676, 0.7181691527366638, 0.7127227783203125, 0.7044909000396729, 0.6946873068809509, 0.6910157203674316, 0.6872062683105469, 0.6766347885131836, 0.6679739952087402, 0.6587903499603271, 0.6551870703697205, 0.6411294937133789, 0.6340731978416443, 0.6298514604568481, 0.615995466709137, 0.6135633587837219, 0.6060192584991455, 0.5931131839752197, 0.5909913182258606, 0.5822118520736694], "accuracy": [0.45668306946754456, 0.5730865597724915, 0.6056174039840698, 0.6271248459815979, 0.6369509696960449, 0.6451699733734131, 0.6529467701911926, 0.6564738154411316, 0.6662567853927612, 0.6725342869758606, 0.6764712333679199, 0.6814004778862, 0.6862757802009583, 0.6899645924568176, 0.6940740942955017, 0.697978675365448, 0.6995426416397095, 0.7026706337928772, 0.7067909240722656, 0.7085598707199097, 0.7111485004425049, 0.7146000266075134, 0.7180624008178711, 0.7197450399398804, 0.7229161262512207, 0.7244154214859009, 0.728675901889801, 0.7308762669563293, 0.7307144999504089, 0.7327098846435547, 0.7388471961021423, 0.7440245151519775, 0.7445098757743835, 0.7479183077812195, 0.7514742612838745, 0.7514561414718628, 0.7538722157478333, 0.7579061985015869, 0.7589524388313293, 0.7621990442276001, 0.7649710774421692, 0.7692639827728271, 0.7714211940765381, 0.7731253504753113, 0.7773319482803345, 0.7790577411651611, 0.7819268107414246, 0.7861334085464478, 0.7868884205818176, 0.7875787615776062], "val_loss": [1.5928094387054443, 1.4581254720687866, 1.610234022140503, 1.396607756614685, 1.3719496726989746, 1.330517292022705, 1.360842227935791, 1.4675517082214355, 1.2853137254714966, 1.443036675453186, 1.2511540651321411, 1.4318791627883911, 1.2933465242385864, 1.2405061721801758, 1.257046103477478, 1.2126580476760864, 1.2494481801986694, 1.3050248622894287, 1.3201178312301636, 1.2893556356430054, 1.3245842456817627, 1.2275042533874512, 1.668229103088379, 1.2222225666046143, 1.2090283632278442, 1.293759822845459, 1.230262041091919, 1.373712182044983, 1.34225594997406, 1.3133734464645386, 1.3021601438522339, 1.3384881019592285, 1.3175214529037476, 1.2869319915771484, 1.3378199338912964, 1.2649015188217163, 1.3025037050247192, 1.3504488468170166, 1.366349458694458, 1.405693531036377, 1.3079965114593506, 1.4926567077636719, 1.3846429586410522, 1.340048909187317, 1.3245131969451904, 1.4033304452896118, 1.378795862197876, 1.425269603729248, 1.3940961360931396, 1.401329517364502], "val_accuracy": [0.427238792181015, 0.47889459133148193, 0.4502098858356476, 0.515450119972229, 0.5231459736824036, 0.5411613583564758, 0.5258278846740723, 0.527168869972229, 0.558768630027771, 0.5125349760055542, 0.567572295665741, 0.5237290263175964, 0.5364388823509216, 0.5739855170249939, 0.5629081130027771, 0.5798157453536987, 0.5663479566574097, 0.5548040866851807, 0.5570195913314819, 0.5812733173370361, 0.5510144829750061, 0.5781832933425903, 0.511893630027771, 0.5879197716712952, 0.5899020433425903, 0.5712453126907349, 0.5890275239944458, 0.5557369589805603, 0.5433185696601868, 0.5704290866851807, 0.5661730170249939, 0.5635494589805603, 0.568971574306488, 0.5746851563453674, 0.5715951323509216, 0.5878614783287048, 0.5769006609916687, 0.5699043869972229, 0.5738689303398132, 0.5543376803398132, 0.5812150239944458, 0.5427355170249939, 0.5729361176490784, 0.5806319713592529, 0.5795242786407471, 0.5739855170249939, 0.5746268630027771, 0.5621501803398132, 0.5812150239944458, 0.5694379806518555]}