{
    "loss": [
        1.3805558681488037,
        1.23018217086792,
        1.1715009212493896,
        1.1344176530838013,
        1.1096715927124023,
        1.0908794403076172,
        1.0729873180389404,
        1.0580421686172485,
        1.0455057621002197,
        1.034507393836975,
        1.023134469985962,
        1.0140026807785034,
        1.00775146484375,
        0.9957184195518494,
        0.9920157790184021,
        0.9803562164306641,
        0.9756050109863281,
        0.9682225584983826,
        0.961503803730011,
        0.9561786651611328,
        0.9490721821784973,
        0.9446361660957336,
        0.9390226006507874,
        0.9351983070373535,
        0.9281187057495117,
        0.9264635443687439,
        0.9200649261474609,
        0.914176881313324,
        0.9107156991958618,
        0.9062060713768005,
        0.9019726514816284,
        0.8969382643699646,
        0.8931854963302612,
        0.8885789513587952,
        0.887363076210022,
        0.8809235095977783,
        0.8776291608810425,
        0.8741957545280457,
        0.8714647889137268,
        0.8659700155258179,
        0.863635778427124,
        0.8579409122467041,
        0.8538259863853455,
        0.8540447354316711,
        0.8458243608474731,
        0.8482030630111694,
        0.8391973376274109,
        0.8395193219184875,
        0.8363311290740967,
        0.8312793970108032
    ],
    "accuracy": [
        0.5069258809089661,
        0.5659306049346924,
        0.5868268013000488,
        0.602046549320221,
        0.611439049243927,
        0.6162645220756531,
        0.6238366961479187,
        0.6298147439956665,
        0.6337893009185791,
        0.6383994221687317,
        0.6414476633071899,
        0.6454114317893982,
        0.6469840407371521,
        0.6516371965408325,
        0.652541995048523,
        0.6580137610435486,
        0.6590478420257568,
        0.6610620617866516,
        0.6633670926094055,
        0.6648858189582825,
        0.6679340600967407,
        0.6692373752593994,
        0.6690004467964172,
        0.6713593006134033,
        0.6737505197525024,
        0.6750538349151611,
        0.677175760269165,
        0.6785544753074646,
        0.6789745688438416,
        0.6814519762992859,
        0.6827660202980042,
        0.6835308074951172,
        0.6865252256393433,
        0.6866975426673889,
        0.6883024573326111,
        0.691156804561615,
        0.6904782652854919,
        0.6914260983467102,
        0.6935049295425415,
        0.6950775384902954,
        0.6956376433372498,
        0.6966824531555176,
        0.6985458731651306,
        0.6994829773902893,
        0.7009047865867615,
        0.700236976146698,
        0.7036730051040649,
        0.7041146159172058,
        0.704933226108551,
        0.7059349417686462
    ],
    "val_loss": [
        4.243868827819824,
        6.0253424644470215,
        4.764572620391846,
        2.7704696655273438,
        2.3263373374938965,
        1.4537397623062134,
        1.5567983388900757,
        1.9520455598831177,
        1.6600388288497925,
        1.4688881635665894,
        1.4866069555282593,
        1.3829795122146606,
        1.6231309175491333,
        1.6324777603149414,
        1.5288217067718506,
        1.384167194366455,
        1.3557552099227905,
        1.3408300876617432,
        1.310865044593811,
        1.4531314373016357,
        1.487138271331787,
        1.4264309406280518,
        1.4767059087753296,
        1.3289591073989868,
        1.6470288038253784,
        1.3075097799301147,
        1.52193284034729,
        1.2953476905822754,
        1.3454787731170654,
        1.3649916648864746,
        1.3497408628463745,
        1.4130903482437134,
        1.3407385349273682,
        1.4240686893463135,
        1.5532050132751465,
        1.4030336141586304,
        1.3430801630020142,
        1.319656491279602,
        1.4650747776031494,
        1.3032879829406738,
        1.3216700553894043,
        1.3449333906173706,
        1.43639075756073,
        1.449650764465332,
        1.3387165069580078,
        1.4288520812988281,
        1.3073784112930298,
        1.4857194423675537,
        1.3340425491333008,
        1.4095112085342407
    ],
    "val_accuracy": [
        0.3184027671813965,
        0.31111112236976624,
        0.09716435521841049,
        0.1658564805984497,
        0.35387730598449707,
        0.4947338104248047,
        0.4670717716217041,
        0.2923611104488373,
        0.4385416805744171,
        0.4971643388271332,
        0.5005787014961243,
        0.542129635810852,
        0.45792824029922485,
        0.4427661895751953,
        0.4982638955116272,
        0.528124988079071,
        0.5297453999519348,
        0.5434606671333313,
        0.541435182094574,
        0.5107638835906982,
        0.506192147731781,
        0.5166087746620178,
        0.48298612236976624,
        0.5406249761581421,
        0.4737268388271332,
        0.5464699268341064,
        0.48929399251937866,
        0.5520833134651184,
        0.5267361402511597,
        0.5292823910713196,
        0.5522569417953491,
        0.516377329826355,
        0.5391782522201538,
        0.5136573910713196,
        0.47690972685813904,
        0.5243055820465088,
        0.5351273417472839,
        0.5464699268341064,
        0.5196759104728699,
        0.5532407164573669,
        0.5525463223457336,
        0.5313657522201538,
        0.5071759223937988,
        0.5141782164573669,
        0.5471643805503845,
        0.5211226940155029,
        0.5521411895751953,
        0.5276041626930237,
        0.552314817905426,
        0.5219907164573669
    ]
}