{"loss": [1.4996551275253296, 1.3465529680252075, 1.2935031652450562, 1.2678918838500977, 1.2506074905395508, 1.2309043407440186, 1.206818699836731, 1.1882425546646118, 1.1713764667510986, 1.1520662307739258, 1.1322624683380127, 1.1157087087631226, 1.100684404373169, 1.0908550024032593, 1.073661208152771, 1.060642123222351, 1.0500514507293701, 1.0483072996139526, 1.0299291610717773, 1.022529125213623, 1.0462584495544434, 1.025829553604126, 1.0097378492355347, 0.9978837966918945, 0.9924519062042236, 0.980323076248169, 0.9748992919921875, 0.9688542485237122, 0.9691256880760193, 0.9541900753974915, 0.9474993348121643, 0.9464138746261597, 0.9406213760375977, 0.9307553768157959, 0.9249196648597717, 0.9248669147491455, 0.9137865900993347, 0.9229199290275574, 0.8999888300895691, 0.900862455368042, 0.8931856751441956, 0.8933503031730652, 0.9318013787269592, 0.874406099319458, 0.8751379251480103, 0.8684771060943604, 0.8662865161895752, 0.8598411083221436, 0.8580552339553833, 0.8471916913986206], "accuracy": [0.44046440720558167, 0.520401120185852, 0.5407592058181763, 0.5497546792030334, 0.5581260323524475, 0.5646573901176453, 0.572856605052948, 0.57851642370224, 0.5861022472381592, 0.5945274233818054, 0.601768970489502, 0.6076439619064331, 0.6131423711776733, 0.6175863146781921, 0.6248063445091248, 0.6285831332206726, 0.632585883140564, 0.6326934695243835, 0.6391817927360535, 0.6421085596084595, 0.6325213313102722, 0.6410325169563293, 0.6466385722160339, 0.6503938436508179, 0.6531053781509399, 0.6578505635261536, 0.6588943004608154, 0.6592386364936829, 0.6596152186393738, 0.6651566624641418, 0.66774982213974, 0.6677929162979126, 0.6702892184257507, 0.6740229725837708, 0.6767990589141846, 0.6748407483100891, 0.6794030070304871, 0.6773586273193359, 0.684729278087616, 0.6821146011352539, 0.6861926317214966, 0.6867091059684753, 0.6724520325660706, 0.6935202479362488, 0.693574070930481, 0.6945317387580872, 0.6969850063323975, 0.6971248984336853, 0.7000731825828552, 0.7035701870918274], "val_loss": [12.919979095458984, 2.860208034515381, 3.5707828998565674, 3.001474618911743, 2.410289764404297, 1.653182864189148, 1.5041331052780151, 1.479520320892334, 1.5065158605575562, 1.4262295961380005, 1.5041314363479614, 1.5510119199752808, 1.3792775869369507, 1.4840419292449951, 1.4736095666885376, 1.3216818571090698, 1.2676992416381836, 1.3589223623275757, 1.3431510925292969, 1.3909008502960205, 1.5594184398651123, 1.4462556838989258, 1.4276971817016602, 1.3568445444107056, 1.349758505821228, 1.3539897203445435, 1.430712342262268, 1.302498698234558, 1.5673987865447998, 1.259677767753601, 1.331811547279358, 1.3807040452957153, 1.5128059387207031, 1.2695801258087158, 1.418328881263733, 1.3088243007659912, 1.3405400514602661, 1.312624454498291, 1.3449056148529053, 1.393476128578186, 1.3594341278076172, 1.5560176372528076, 1.319685697555542, 1.4998055696487427, 1.33705472946167, 1.3995068073272705, 1.4804965257644653, 1.5037424564361572, 1.4067682027816772, 1.348982810974121], "val_accuracy": [0.3160170614719391, 0.14812038838863373, 0.31394141912460327, 0.191997230052948, 0.23950645327568054, 0.38658902049064636, 0.47601476311683655, 0.44701337814331055, 0.47024908661842346, 0.47687962651252747, 0.4808002710342407, 0.47024908661842346, 0.5148754715919495, 0.4912938177585602, 0.49740543961524963, 0.5322301387786865, 0.5496425032615662, 0.5075530409812927, 0.5202375650405884, 0.5240429043769836, 0.45837175846099854, 0.5048431754112244, 0.5020179748535156, 0.5396679043769836, 0.5281941890716553, 0.5232356786727905, 0.5114737153053284, 0.5367850661277771, 0.5282518267631531, 0.549238920211792, 0.5332679748535156, 0.5211023688316345, 0.48143449425697327, 0.5561577677726746, 0.5198339223861694, 0.5490659475326538, 0.5353436470031738, 0.5433002710342407, 0.5310770273208618, 0.5242158770561218, 0.5412246584892273, 0.4875461161136627, 0.5429543256759644, 0.49613699316978455, 0.5458371639251709, 0.5198339223861694, 0.517988920211792, 0.5024792551994324, 0.5464714169502258, 0.537880539894104]}