{"loss": [1.5660591125488281, 1.2831952571868896, 1.1584080457687378, 1.097084879875183, 1.06368887424469, 1.0387489795684814, 1.015901803970337, 0.9958251714706421, 0.9801563620567322, 0.9676177501678467, 0.9527779817581177, 0.9445244669914246, 0.9316878914833069, 0.9238877892494202, 0.9138172268867493, 0.9009016156196594, 0.8907614350318909, 0.8835753798484802, 0.8734582662582397, 0.8671053051948547, 0.8589761853218079, 0.8516713380813599, 0.8388094305992126, 0.834105908870697, 0.8283712267875671, 0.8225710988044739, 0.8110249638557434, 0.8078200221061707, 0.8064881563186646, 0.7891482710838318, 0.7822701930999756, 0.7752771377563477, 0.7742454409599304, 0.7654688358306885, 0.7564904093742371, 0.7515822649002075, 0.7469439506530762, 0.753542423248291, 0.7401921153068542, 0.7229575514793396, 0.7266921401023865, 0.717826247215271, 0.7078422904014587, 0.7068390846252441, 0.6955403685569763, 0.6939325332641602, 0.6892638802528381, 0.6821935772895813, 0.6818194389343262, 0.6816790103912354], "accuracy": [0.3689420819282532, 0.5384995937347412, 0.5855857729911804, 0.6097959876060486, 0.6211801767349243, 0.6304015517234802, 0.6377506852149963, 0.64661705493927, 0.6515236496925354, 0.6582701802253723, 0.6614874601364136, 0.6648123264312744, 0.667588472366333, 0.6717095375061035, 0.6738938689231873, 0.6803714632987976, 0.6819208860397339, 0.6854179501533508, 0.6885060667991638, 0.6903245449066162, 0.6937031745910645, 0.6959090232849121, 0.6997933983802795, 0.7030967473983765, 0.7044633030891418, 0.7065615057945251, 0.7099186778068542, 0.7106180787086487, 0.7115541696548462, 0.718924880027771, 0.719828724861145, 0.7235516905784607, 0.7240789532661438, 0.7256606817245483, 0.7302122116088867, 0.7316002249717712, 0.7333433628082275, 0.7316002249717712, 0.7361732721328735, 0.7424571514129639, 0.7397886514663696, 0.7444477677345276, 0.7477403879165649, 0.7493113279342651, 0.7508715391159058, 0.7509468793869019, 0.7544439435005188, 0.7563269138336182, 0.7562408447265625, 0.7572200298309326], "val_loss": [1.5647674798965454, 1.411332607269287, 1.4255764484405518, 1.3443831205368042, 1.3040145635604858, 1.3891546726226807, 1.3230417966842651, 1.3895487785339355, 1.3860989809036255, 1.317501187324524, 1.4018174409866333, 1.3762489557266235, 1.3827428817749023, 1.3900896310806274, 1.4079312086105347, 1.452600121498108, 1.376706600189209, 1.4347676038742065, 1.361377239227295, 1.3787434101104736, 1.385805606842041, 1.406282663345337, 1.377699375152588, 1.3820581436157227, 1.3976023197174072, 1.417494297027588, 1.4701275825500488, 1.4705616235733032, 1.50566565990448, 1.46236252784729, 1.5515220165252686, 1.5624971389770508, 1.490441083908081, 1.4736762046813965, 1.5676703453063965, 1.5480948686599731, 1.5592471361160278, 1.5343561172485352, 1.4985220432281494, 1.548240303993225, 1.5599340200424194, 1.6542755365371704, 1.5410605669021606, 1.6848113536834717, 1.6690788269042969, 1.6094799041748047, 1.6323624849319458, 1.6474002599716187, 1.671381950378418, 1.7155965566635132], "val_accuracy": [0.4159940183162689, 0.4731895625591278, 0.47924354672431946, 0.5142989158630371, 0.533383309841156, 0.5190843939781189, 0.5273293256759644, 0.5194880366325378, 0.5116466879844666, 0.5430119633674622, 0.5231204032897949, 0.5109547972679138, 0.522024929523468, 0.5139529705047607, 0.5149907469749451, 0.5083025693893433, 0.5224285125732422, 0.5153366923332214, 0.5299239158630371, 0.5298662185668945, 0.5335562825202942, 0.5244464874267578, 0.533383309841156, 0.5297509431838989, 0.5302121639251709, 0.5339022278785706, 0.5163168907165527, 0.5127997994422913, 0.5239852666854858, 0.5183348655700684, 0.5075530409812927, 0.5125115513801575, 0.5192573666572571, 0.5171817541122437, 0.511358380317688, 0.5217942595481873, 0.5123962163925171, 0.508994460105896, 0.5272140502929688, 0.5305004715919495, 0.5208717584609985, 0.49613699316978455, 0.5096287131309509, 0.4945802688598633, 0.513030469417572, 0.5117043256759644, 0.5107241868972778, 0.5059386491775513, 0.5033441185951233, 0.4914091229438782]}