{"loss": [1.6141401529312134, 1.3792779445648193, 1.1668719053268433, 1.0610074996948242, 1.0038022994995117, 0.9589259624481201, 0.9246177077293396, 0.9022290110588074, 0.8810254335403442, 0.8558051586151123, 0.8330851197242737, 0.8148596286773682, 0.7941712737083435, 0.7731541991233826, 0.7517392635345459, 0.7287543416023254, 0.7030234932899475, 0.6823928952217102, 0.6565905213356018, 0.6308270692825317, 0.5998802185058594, 0.582882285118103, 0.5545297265052795, 0.5317685604095459, 0.5058977603912354, 0.4892611503601074, 0.4635753631591797, 0.44663652777671814, 0.4277733266353607, 0.4071306586265564, 0.39305800199508667, 0.3678561747074127, 0.3548031747341156, 0.3382115066051483, 0.33046814799308777, 0.3166637122631073, 0.3004513084888458, 0.2918631434440613, 0.2810220420360565, 0.26666712760925293, 0.25978925824165344, 0.25868144631385803, 0.2458263337612152, 0.2393522560596466, 0.2336030900478363, 0.22313478589057922, 0.22136129438877106, 0.2057231068611145, 0.21015873551368713, 0.20369179546833038], "accuracy": [0.33936142921447754, 0.4862421154975891, 0.5824176073074341, 0.6227827072143555, 0.6421540975570679, 0.6613524556159973, 0.6714761853218079, 0.678809404373169, 0.6881327629089355, 0.6947413086891174, 0.7040862441062927, 0.7103270888328552, 0.7163623571395874, 0.7235333323478699, 0.7304339408874512, 0.7380267381668091, 0.7482370138168335, 0.7569870948791504, 0.7644284963607788, 0.7733948826789856, 0.7848057746887207, 0.7911655306816101, 0.802781879901886, 0.8085035085678101, 0.8185948133468628, 0.8262740969657898, 0.8339426517486572, 0.8422276377677917, 0.8486198782920837, 0.8546876311302185, 0.8594682812690735, 0.8685861229896545, 0.8733667731285095, 0.8802781701087952, 0.8830470442771912, 0.8874383568763733, 0.8933871388435364, 0.8953231573104858, 0.9024292826652527, 0.9055550694465637, 0.9090702533721924, 0.9082698822021484, 0.9136453866958618, 0.9151380062103271, 0.9179825782775879, 0.921032726764679, 0.9230660796165466, 0.927954912185669, 0.9276736974716187, 0.928538978099823], "val_loss": [1.5480446815490723, 1.4457523822784424, 1.394551157951355, 1.430823802947998, 1.2944691181182861, 1.3634769916534424, 1.3327468633651733, 1.3303505182266235, 1.331146001815796, 1.3393579721450806, 1.2344160079956055, 1.3626935482025146, 1.4184077978134155, 1.3389256000518799, 1.3362956047058105, 1.391580581665039, 1.4434010982513428, 1.448599934577942, 1.4904783964157104, 1.3997772932052612, 1.5394223928451538, 1.668931245803833, 1.6475708484649658, 1.700707197189331, 1.7850432395935059, 1.6917831897735596, 1.7976783514022827, 1.910233497619629, 1.895389437675476, 2.0123345851898193, 1.8864353895187378, 2.0727221965789795, 2.1814663410186768, 2.3331072330474854, 2.1761820316314697, 2.2147066593170166, 2.352169990539551, 2.2894375324249268, 2.4957432746887207, 2.562795877456665, 2.582202911376953, 2.457113027572632, 2.64180850982666, 2.8257553577423096, 2.6200578212738037, 2.701428174972534, 2.764204740524292, 2.7847392559051514, 3.0117530822753906, 2.8007404804229736], "val_accuracy": [0.359375, 0.473603218793869, 0.49325284361839294, 0.49260181188583374, 0.5439157485961914, 0.5216619372367859, 0.5413707494735718, 0.5444483757019043, 0.5324336886405945, 0.5437973737716675, 0.5746922492980957, 0.5436789989471436, 0.5157433748245239, 0.5578835010528564, 0.556640625, 0.548768937587738, 0.5424360632896423, 0.5344460010528564, 0.5484730005264282, 0.554746687412262, 0.5453953742980957, 0.5305989384651184, 0.5295928120613098, 0.5326704382896423, 0.5256273746490479, 0.539121687412262, 0.5205965638160706, 0.5202414989471436, 0.5262784361839294, 0.5107717514038086, 0.5252130627632141, 0.5163944363594055, 0.544862687587738, 0.5114820003509521, 0.5262784361839294, 0.5305397510528564, 0.5130800008773804, 0.5271070003509521, 0.5223721861839294, 0.5246211886405945, 0.5150923132896423, 0.5311316251754761, 0.5291193127632141, 0.5158617496490479, 0.5184067487716675, 0.509706437587738, 0.5166903138160706, 0.5243844985961914, 0.5021306872367859, 0.5221354365348816]}