{"loss": [1.74495267868042, 1.3564261198043823, 1.207910180091858, 1.173868179321289, 1.1103765964508057, 1.0708677768707275, 1.115286946296692, 1.0771230459213257, 1.01774263381958, 0.9993427991867065, 0.9724413156509399, 0.9662150144577026, 0.9542664289474487, 0.9365731477737427, 0.9397470951080322, 0.9225764274597168, 0.9171001315116882, 0.9117392301559448, 0.9000992774963379, 0.8932928442955017, 0.8875097632408142, 0.892853319644928, 0.8820636868476868, 0.8713838458061218, 0.8732062578201294, 0.8660929203033447, 0.8564321398735046, 0.8543789386749268, 0.8524910807609558, 0.85146164894104, 0.8435711860656738, 0.8395940065383911, 0.8305648565292358, 0.8293193578720093, 0.8253637552261353, 0.8199492692947388, 0.8168084025382996, 0.8187649846076965, 0.8107283115386963, 0.8054307699203491, 0.8065266609191895, 0.8085590600967407, 0.7968944907188416, 0.7964636087417603, 0.7958853244781494, 0.7859736084938049, 0.7823975682258606, 0.7841760516166687, 0.7792841196060181, 0.7777427434921265], "accuracy": [0.428606778383255, 0.5365304946899414, 0.5800443291664124, 0.5921817421913147, 0.6130024790763855, 0.6270014047622681, 0.6155526638031006, 0.6208466291427612, 0.6430877447128296, 0.6490703225135803, 0.6596260070800781, 0.6595613956451416, 0.6651351451873779, 0.6699233651161194, 0.6687935590744019, 0.6752711534500122, 0.6771111488342285, 0.6780042052268982, 0.6821253299713135, 0.6836317181587219, 0.6866553425788879, 0.6856976747512817, 0.6881510019302368, 0.6922290325164795, 0.6915726661682129, 0.6938753724098206, 0.6974369287490845, 0.6976844072341919, 0.6981793642044067, 0.6996104717254639, 0.7010092735290527, 0.700686514377594, 0.7057652473449707, 0.7055500745773315, 0.706701397895813, 0.7093483805656433, 0.7093268632888794, 0.709886372089386, 0.7131358981132507, 0.7147176265716553, 0.7141043543815613, 0.7120383977890015, 0.7162994146347046, 0.7167298197746277, 0.7160519361495972, 0.7192046046257019, 0.723110556602478, 0.7223142981529236, 0.7218300700187683, 0.7222819924354553], "val_loss": [1.5100871324539185, 1.464126706123352, 2.0532898902893066, 1.3947231769561768, 1.4080637693405151, 1.7714481353759766, 1.4547512531280518, 1.3858495950698853, 12.7789888381958, 1.4881904125213623, 1.2877485752105713, 1.3557339906692505, 1.496280550956726, 1.4626821279525757, 1.502564549446106, 1.369691014289856, 1.530678629875183, 1.3189470767974854, 1.3592044115066528, 1.443838119506836, 1.298569917678833, 1.2914330959320068, 1.23737370967865, 1.5506330728530884, 1.265733242034912, 1.3250244855880737, 1.2740265130996704, 1.284742832183838, 1.2348510026931763, 1.3268799781799316, 1.3064297437667847, 1.2068185806274414, 1.2811464071273804, 1.2609189748764038, 1.2913706302642822, 1.2484484910964966, 1.318016767501831, 1.2982455492019653, 1.2894631624221802, 1.3088197708129883, 1.255260944366455, 1.3293429613113403, 1.3211841583251953, 1.2820429801940918, 1.301959753036499, 1.3370720148086548, 1.2607433795928955, 1.3485015630722046, 1.2652068138122559, 1.2107454538345337], "val_accuracy": [0.45606550574302673, 0.468865305185318, 0.502594530582428, 0.5146448612213135, 0.5160285830497742, 0.5082449316978455, 0.5261762142181396, 0.5507956743240356, 0.5164898633956909, 0.5360355377197266, 0.5548893213272095, 0.5546586513519287, 0.5250807404518127, 0.5425507426261902, 0.5551775693893433, 0.5663630366325378, 0.5528712868690491, 0.5703989863395691, 0.5499308109283447, 0.5701683759689331, 0.5582910776138306, 0.5599631071090698, 0.5711485147476196, 0.5455489158630371, 0.5774331092834473, 0.5713214874267578, 0.5658441185951233, 0.5631918907165527, 0.5782979726791382, 0.5501614212989807, 0.556100070476532, 0.5839483141899109, 0.573627769947052, 0.5775484442710876, 0.5699954032897949, 0.5716097950935364, 0.5731664896011353, 0.5757034420967102, 0.5825645923614502, 0.5695341229438782, 0.5808348655700684, 0.5690729022026062, 0.5679197311401367, 0.5831411480903625, 0.5776637196540833, 0.5710908770561218, 0.5797970294952393, 0.5593865513801575, 0.5836023688316345, 0.5880996584892273]}