{"loss": [1.7241792678833008, 1.3000335693359375, 1.1823261976242065, 1.1313408613204956, 1.0894571542739868, 1.0594369173049927, 1.0301040410995483, 1.0091896057128906, 1.0057522058486938, 0.9795546531677246, 0.9656790494918823, 0.9466783404350281, 0.9361901879310608, 0.9235718250274658, 0.904996931552887, 0.8924483060836792, 0.88218754529953, 0.8507646322250366, 0.8439680933952332, 0.8284603953361511, 0.8198267817497253, 0.810221791267395, 0.8029197454452515, 0.7962830662727356, 0.7864984273910522, 0.7789774537086487, 0.8170488476753235, 0.7940525412559509, 0.7744516730308533, 0.7597522735595703, 0.7474972605705261, 0.7381530404090881, 0.7326029539108276, 0.7224608063697815, 0.7151252031326294, 0.7094650864601135, 0.6967099905014038, 0.6961094737052917, 0.6909725069999695, 0.6805064678192139, 0.6863260269165039, 0.6646022200584412, 0.6553961634635925, 0.6545704007148743, 0.6439017057418823, 0.6329283118247986, 0.6220036149024963, 0.6184785962104797, 0.6123988032341003, 0.6086087822914124], "accuracy": [0.4451306462287903, 0.5618131756782532, 0.6015726327896118, 0.620003879070282, 0.6345288753509521, 0.644306480884552, 0.6543653011322021, 0.6619580984115601, 0.6633101105690002, 0.6704810857772827, 0.6740719676017761, 0.6768084168434143, 0.6827736496925354, 0.6847365498542786, 0.6894739270210266, 0.6949576139450073, 0.692707896232605, 0.6985484957695007, 0.7010253667831421, 0.7076771855354309, 0.7094077467918396, 0.7115168571472168, 0.7141342759132385, 0.7166868448257446, 0.7196720838546753, 0.723273754119873, 0.7097430229187012, 0.7168274521827698, 0.7238903045654297, 0.7285627722740173, 0.7325538396835327, 0.7363935112953186, 0.7371938824653625, 0.7419637441635132, 0.7436402440071106, 0.7442242503166199, 0.7484316825866699, 0.7504867315292358, 0.751654863357544, 0.7534719109535217, 0.7526066303253174, 0.7600263953208923, 0.7639416456222534, 0.7633901238441467, 0.7666998505592346, 0.7729406356811523, 0.7755472660064697, 0.7760232090950012, 0.7785325050354004, 0.7790300250053406], "val_loss": [1.6896352767944336, 1.6478939056396484, 1.4222224950790405, 1.334970474243164, 1.347182273864746, 1.2694615125656128, 1.4110134840011597, 1.4065392017364502, 1.224841594696045, 1.2721396684646606, 1.4597187042236328, 1.2854753732681274, 1.280571699142456, 1.299308180809021, 1.2690399885177612, 1.3619014024734497, 1.3006104230880737, 1.2698712348937988, 1.2255160808563232, 1.2525579929351807, 1.3130512237548828, 1.2202630043029785, 1.2997331619262695, 1.3010742664337158, 1.3590699434280396, 1.5834102630615234, 1.3791086673736572, 1.339325189590454, 1.2318655252456665, 1.4127860069274902, 1.3315855264663696, 1.3178653717041016, 1.3143062591552734, 1.2693510055541992, 1.385056972503662, 1.3870713710784912, 1.2759709358215332, 1.3262672424316406, 1.3237606287002563, 1.3449276685714722, 1.3012648820877075, 1.3509273529052734, 1.443355679512024, 1.417866587638855, 1.3978278636932373, 1.3590325117111206, 1.313660979270935, 1.3949106931686401, 1.4736995697021484, 1.3851115703582764], "val_accuracy": [0.374053031206131, 0.4176728129386902, 0.4936079680919647, 0.5325520634651184, 0.525390625, 0.5555161237716675, 0.5147371888160706, 0.5242661237716675, 0.5715553760528564, 0.539003312587738, 0.5013612508773804, 0.5473484992980957, 0.5632102489471436, 0.5536221861839294, 0.5615530014038086, 0.5413707494735718, 0.5540364384651184, 0.562440812587738, 0.5725023746490479, 0.5640980005264282, 0.554746687412262, 0.5801964998245239, 0.5616121888160706, 0.5684777498245239, 0.5504853129386902, 0.47484612464904785, 0.539121687412262, 0.542909562587738, 0.5814393758773804, 0.5268110632896423, 0.5651041865348816, 0.5640388131141663, 0.5681818127632141, 0.5832149386405945, 0.5569957494735718, 0.5640980005264282, 0.5807291865348816, 0.5710227489471436, 0.5684777498245239, 0.5646306872367859, 0.5757575631141663, 0.562440812587738, 0.5603101253509521, 0.5597774386405945, 0.5619081258773804, 0.5783025622367859, 0.5836292505264282, 0.5688920617103577, 0.5608428120613098, 0.5759943127632141]}