{"loss": [1.4246962070465088, 1.1075470447540283, 1.0418121814727783, 0.9880968928337097, 0.959667444229126, 0.91608726978302, 0.9009166359901428, 0.8764694929122925, 0.8507920503616333, 0.8297227621078491, 0.8073570728302002, 0.7894729375839233, 0.7648130059242249, 0.7412434816360474, 0.7210599184036255, 0.6932123303413391, 0.6697069406509399, 0.6453697681427002, 0.6159408092498779, 0.5880208015441895, 0.5617925524711609, 0.5419756174087524, 0.5112360119819641, 0.5000506639480591, 0.45753926038742065, 0.44032421708106995, 0.4125939607620239, 0.3943358063697815, 0.37446141242980957, 0.3521096408367157, 0.337139368057251, 0.3342287838459015, 0.3031301200389862, 0.2865675389766693, 0.2699931859970093, 0.2635408937931061, 0.2469344288110733, 0.2416636198759079, 0.2404790073633194, 0.23002740740776062, 0.21138803660869598, 0.1989102065563202, 0.19211488962173462, 0.23231643438339233, 0.18628014624118805, 0.17292922735214233, 0.17933747172355652, 0.16158287227153778, 0.16206806898117065, 0.16296932101249695], "accuracy": [0.5157368779182434, 0.6078501343727112, 0.6311588287353516, 0.6546401977539062, 0.6621472835540771, 0.6764604449272156, 0.6814544200897217, 0.691291332244873, 0.6997799873352051, 0.7063055634498596, 0.7131439447402954, 0.720187246799469, 0.7274894118309021, 0.7363663911819458, 0.7409504652023315, 0.7531495094299316, 0.760645866394043, 0.7677754759788513, 0.7783458232879639, 0.7882474660873413, 0.7975127100944519, 0.8056562542915344, 0.8163883686065674, 0.8196673393249512, 0.8351238369941711, 0.8424907326698303, 0.8519932627677917, 0.8578717112541199, 0.8664034605026245, 0.8734791874885559, 0.8783221244812012, 0.8827444314956665, 0.8925705552101135, 0.8981361389160156, 0.9046250581741333, 0.9060100317001343, 0.9119963049888611, 0.9146928191184998, 0.9144339561462402, 0.919870138168335, 0.926503598690033, 0.9299119710922241, 0.9341293573379517, 0.9183169603347778, 0.9338165521621704, 0.9397488832473755, 0.9374083280563354, 0.9442359209060669, 0.9433082938194275, 0.9433946013450623], "val_loss": [2.4458231925964355, 1.5161927938461304, 1.5146719217300415, 1.632200002670288, 1.6755703687667847, 1.450387716293335, 1.2796756029129028, 1.3509947061538696, 1.339556097984314, 1.3317824602127075, 1.2514734268188477, 1.3267998695373535, 1.4640042781829834, 1.3168569803237915, 1.439420461654663, 1.4556844234466553, 1.435741901397705, 1.414943814277649, 1.4612632989883423, 1.5098150968551636, 1.6138944625854492, 1.5750958919525146, 2.5777511596679688, 1.6991064548492432, 1.83856201171875, 1.8540552854537964, 1.9084622859954834, 1.7984893321990967, 1.9453705549240112, 1.988563895225525, 2.1110763549804688, 1.9908335208892822, 2.142199993133545, 2.1614990234375, 2.095975637435913, 2.2453384399414062, 2.2799549102783203, 2.3476758003234863, 2.5677859783172607, 2.3326914310455322, 2.420788526535034, 2.3704400062561035, 2.5487565994262695, 2.3665220737457275, 2.671607255935669, 2.84761381149292, 2.561797618865967, 2.890582799911499, 2.715306043624878, 2.552778720855713], "val_accuracy": [0.36753731966018677, 0.48198461532592773, 0.4851912260055542, 0.47685399651527405, 0.43744170665740967, 0.5087453126907349, 0.5435517430305481, 0.5453591346740723, 0.5336986780166626, 0.5484491586685181, 0.5713619589805603, 0.5637243390083313, 0.5292094349861145, 0.5579524040222168, 0.5373134613037109, 0.5562616586685181, 0.5399370193481445, 0.5478078126907349, 0.545708954334259, 0.5522971153259277, 0.5352728366851807, 0.5391207933425903, 0.47936099767684937, 0.5375466346740723, 0.5140508413314819, 0.5418609976768494, 0.5426189303398132, 0.5448927283287048, 0.5504897236824036, 0.5352728366851807, 0.5252448916435242, 0.5464668869972229, 0.5208138823509216, 0.5345149040222168, 0.5503148436546326, 0.5471082329750061, 0.5292677283287048, 0.5243703126907349, 0.5278684496879578, 0.5421525239944458, 0.5197644829750061, 0.5394123196601868, 0.4827425479888916, 0.5398204326629639, 0.5359141826629639, 0.5381879806518555, 0.5452425479888916, 0.5141091346740723, 0.5176072716712952, 0.5483325719833374]}