{"loss": [1.4205303192138672, 1.2520097494125366, 1.1866135597229004, 1.1400145292282104, 1.1064188480377197, 1.0837407112121582, 1.0614176988601685, 1.0419349670410156, 1.023877501487732, 1.014249563217163, 0.9966212511062622, 0.9886223077774048, 0.9760980010032654, 0.9685244560241699, 0.9581322073936462, 0.9488227367401123, 0.9408307075500488, 0.9319279789924622, 0.9239823222160339, 0.9155763387680054, 0.9097021818161011, 0.897750735282898, 0.8968746662139893, 0.8929495811462402, 0.8854318857192993, 0.8770837187767029, 0.8748460412025452, 0.8668767809867859, 0.860159158706665, 0.8534666895866394, 0.8472905158996582, 0.8476360440254211, 0.8369406461715698, 0.8294538855552673, 0.8257489204406738, 0.8199474811553955, 0.8144056797027588, 0.808204710483551, 0.8006048798561096, 0.7920122146606445, 0.7926502823829651, 0.7841753959655762, 0.7782424688339233, 0.771690845489502, 0.7650336623191833, 0.7605021595954895, 0.7532984614372253, 0.7470042705535889, 0.7415013313293457, 0.7366949915885925], "accuracy": [0.4782140851020813, 0.5528610348701477, 0.5769181251525879, 0.594689130783081, 0.6080470085144043, 0.6159906983375549, 0.6243541836738586, 0.633245050907135, 0.639208197593689, 0.6418561339378357, 0.6498213410377502, 0.6492938995361328, 0.653836190700531, 0.6573667526245117, 0.6616507172584534, 0.6637604236602783, 0.6687225699424744, 0.672812819480896, 0.6728666424751282, 0.6753853559494019, 0.677398145198822, 0.6820588707923889, 0.6823602914810181, 0.6836519241333008, 0.6848790049552917, 0.6891414523124695, 0.6905084848403931, 0.6919400691986084, 0.6948032379150391, 0.6972466111183167, 0.6997115015983582, 0.6999375820159912, 0.7032312750816345, 0.7050073146820068, 0.7066218852996826, 0.7095496654510498, 0.7098295092582703, 0.7121114134788513, 0.7146624326705933, 0.7175148725509644, 0.7176762819290161, 0.7206578850746155, 0.7240484952926636, 0.7251248359680176, 0.7273098826408386, 0.7291074395179749, 0.7326380014419556, 0.7343387007713318, 0.7377830743789673, 0.7362976670265198], "val_loss": [3.734222412109375, 8.259864807128906, 3.4715352058410645, 1.3664289712905884, 1.3489890098571777, 1.6246460676193237, 1.4373725652694702, 1.4528403282165527, 1.4843618869781494, 1.4184023141860962, 1.4765965938568115, 1.4255783557891846, 1.4791734218597412, 1.759382724761963, 1.346916675567627, 1.382956862449646, 1.372381329536438, 1.2890734672546387, 1.32270085811615, 1.4309433698654175, 1.408221960067749, 1.3028388023376465, 1.3665211200714111, 1.5327800512313843, 1.4605997800827026, 1.3421555757522583, 1.2869114875793457, 1.407960057258606, 1.2936317920684814, 1.4890834093093872, 1.3904318809509277, 1.3908491134643555, 1.3688448667526245, 1.4791924953460693, 1.3446863889694214, 1.339726448059082, 1.3700995445251465, 1.357893943786621, 1.229015827178955, 1.4630595445632935, 1.4768341779708862, 1.3972703218460083, 1.4533624649047852, 1.5441826581954956, 1.4408513307571411, 1.5538907051086426, 1.4391835927963257, 1.4541538953781128, 1.4143829345703125, 1.4133212566375732], "val_accuracy": [0.330488920211792, 0.084870845079422, 0.14373846352100372, 0.510897159576416, 0.5173547267913818, 0.4821840524673462, 0.5190843939781189, 0.5047855377197266, 0.4818957448005676, 0.5114737153053284, 0.4697878360748291, 0.5104935169219971, 0.48944881558418274, 0.4473593235015869, 0.5318265557289124, 0.5358625650405884, 0.5344211459159851, 0.5485470294952393, 0.5413399338722229, 0.5124538540840149, 0.5205258131027222, 0.5566766858100891, 0.5324031114578247, 0.49613699316978455, 0.5012108087539673, 0.538341760635376, 0.5453182458877563, 0.5216212868690491, 0.5389183759689331, 0.5117043256759644, 0.5287707448005676, 0.5086485147476196, 0.5470479726791382, 0.5126845240592957, 0.5576568245887756, 0.5381688475608826, 0.5405904054641724, 0.5377075672149658, 0.5716097950935364, 0.5221402049064636, 0.5307887196540833, 0.5377652049064636, 0.5183925032615662, 0.49302351474761963, 0.5334986448287964, 0.5149907469749451, 0.5386300683021545, 0.528886079788208, 0.5462407469749451, 0.5600207448005676]}