{"loss": [1.418955683708191, 1.1388356685638428, 1.0503747463226318, 0.9964108467102051, 0.9562192559242249, 0.9228879809379578, 0.8907196521759033, 0.8533781170845032, 0.8299058675765991, 0.8043935894966125, 0.7963998913764954, 0.7653871774673462, 0.7383008599281311, 0.7155661582946777, 0.7062413096427917, 0.6591561436653137, 0.638957142829895, 0.6041313409805298, 0.5853227972984314, 0.5551051497459412, 0.5410500168800354, 0.5086423754692078, 0.4847567081451416, 0.4534120261669159, 0.4486607611179352, 0.4225947856903076, 0.3964455723762512, 0.38354459404945374, 0.35825857520103455, 0.33777904510498047, 0.3213726282119751, 0.3078450858592987, 0.30154338479042053, 0.2952078878879547, 0.27480944991111755, 0.25797590613365173, 0.2458292692899704, 0.24316203594207764, 0.23082886636257172, 0.23224148154258728, 0.22892194986343384, 0.2057693600654602, 0.20409518480300903, 0.205874964594841, 0.19949215650558472, 0.19076183438301086, 0.1822752058506012, 0.1864800602197647, 0.17371444404125214, 0.17233577370643616], "accuracy": [0.5105234980583191, 0.6016587615013123, 0.6324967741966248, 0.6525312662124634, 0.6642395257949829, 0.676680326461792, 0.686072826385498, 0.6975226402282715, 0.7067750692367554, 0.7137117385864258, 0.7181925773620605, 0.7280051708221436, 0.7344786524772644, 0.7446036338806152, 0.7486751675605774, 0.7654890418052673, 0.7707561254501343, 0.7830676436424255, 0.7900689244270325, 0.8008509278297424, 0.8072597980499268, 0.8179448246955872, 0.8266695141792297, 0.837462306022644, 0.8393042087554932, 0.8478888273239136, 0.8573783040046692, 0.8631085753440857, 0.87143474817276, 0.8789530396461487, 0.8865575194358826, 0.8891641497612, 0.8928478956222534, 0.8962839245796204, 0.9016371965408325, 0.9091339707374573, 0.9132916927337646, 0.913981020450592, 0.9185157418251038, 0.9184187650680542, 0.919334352016449, 0.9281344413757324, 0.9286191463470459, 0.9276712536811829, 0.9301701784133911, 0.9327445030212402, 0.9365252256393433, 0.934392511844635, 0.9392179846763611, 0.940058171749115], "val_loss": [1.4460170269012451, 1.4216889142990112, 1.3326178789138794, 1.3764097690582275, 1.4662580490112305, 1.5007297992706299, 1.4090265035629272, 1.3366940021514893, 1.344912052154541, 1.418229103088379, 1.3579509258270264, 1.388723373413086, 1.5524159669876099, 1.4406274557113647, 1.406082034111023, 1.6064834594726562, 1.5319998264312744, 1.6400350332260132, 1.4938514232635498, 1.6291455030441284, 1.6203997135162354, 1.662244439125061, 1.710065245628357, 1.765381097793579, 1.8258191347122192, 1.8267669677734375, 1.989787220954895, 1.9193286895751953, 1.999191164970398, 2.0672502517700195, 2.083627223968506, 2.127577066421509, 2.2620952129364014, 2.108276605606079, 2.0407700538635254, 2.242582082748413, 2.2880265712738037, 2.4369161128997803, 2.2999308109283447, 2.458923578262329, 2.445112943649292, 2.4525904655456543, 2.413956642150879, 2.7905871868133545, 2.5174858570098877, 2.631091833114624, 2.5398354530334473, 2.4548628330230713, 2.527723550796509, 2.7271852493286133], "val_accuracy": [0.48055556416511536, 0.4966435134410858, 0.5353587865829468, 0.5232638716697693, 0.5119212865829468, 0.4940972328186035, 0.5184606313705444, 0.5545138716697693, 0.560879647731781, 0.5504050850868225, 0.5481481552124023, 0.5483796000480652, 0.5282407402992249, 0.5419560074806213, 0.5424189567565918, 0.5104166865348816, 0.5361111164093018, 0.5403356552124023, 0.5512152910232544, 0.5293981432914734, 0.5516782402992249, 0.5435185432434082, 0.5463541746139526, 0.5344907641410828, 0.5230324268341064, 0.5465278029441833, 0.5457175970077515, 0.5382522940635681, 0.5357638597488403, 0.5398727059364319, 0.5333333611488342, 0.5307291746139526, 0.5254629850387573, 0.5408564805984497, 0.5397569537162781, 0.5370370149612427, 0.5077546238899231, 0.5138310194015503, 0.5332754850387573, 0.5399883985519409, 0.521817147731781, 0.5247106552124023, 0.5472221970558167, 0.5024305582046509, 0.5387153029441833, 0.5267939567565918, 0.5367476940155029, 0.557060182094574, 0.5328124761581421, 0.5405671000480652]}