{
    "loss": [
        1.6693971157073975,
        1.6665287017822266,
        1.6660257577896118,
        1.666088581085205,
        1.665616512298584,
        1.6656759977340698,
        1.6655558347702026,
        1.6652770042419434,
        1.6654599905014038,
        1.6654036045074463,
        1.665244221687317,
        1.665229082107544,
        1.6651307344436646,
        1.665043830871582,
        1.6651840209960938,
        1.6651262044906616,
        1.6651637554168701,
        1.6649937629699707,
        1.6650311946868896,
        1.6649479866027832,
        1.6650075912475586,
        1.6648732423782349,
        1.6648372411727905,
        1.6648892164230347,
        1.6648147106170654,
        1.6649044752120972,
        1.6648832559585571,
        1.6648834943771362,
        1.6649073362350464,
        1.6649363040924072,
        1.6648638248443604,
        1.6648749113082886,
        1.664943814277649,
        1.6648495197296143,
        1.664754867553711,
        1.664860725402832,
        1.6647751331329346,
        1.664863109588623,
        1.664804458618164,
        1.6647876501083374,
        1.6647233963012695,
        1.6648508310317993,
        1.6648266315460205,
        1.6648257970809937,
        1.6648212671279907,
        1.6648602485656738,
        1.6647289991378784,
        1.664779543876648,
        1.664764642715454,
        1.6646721363067627
    ],
    "accuracy": [
        0.3152492046356201,
        0.31311869621276855,
        0.3134845495223999,
        0.31077301502227783,
        0.3133877217769623,
        0.3129465579986572,
        0.31330162286758423,
        0.3144529461860657,
        0.31354910135269165,
        0.3127528727054596,
        0.31367823481559753,
        0.3140225410461426,
        0.31212878227233887,
        0.3137105107307434,
        0.3138934373855591,
        0.3152061700820923,
        0.3146789073944092,
        0.31377506256103516,
        0.315281480550766,
        0.31341999769210815,
        0.31225788593292236,
        0.31473273038864136,
        0.3126452565193176,
        0.3140656054019928,
        0.31364595890045166,
        0.3146035969257355,
        0.3136889934539795,
        0.31332314014434814,
        0.31405484676361084,
        0.31493717432022095,
        0.31499096751213074,
        0.3133877217769623,
        0.3138826787471771,
        0.31390419602394104,
        0.31506627798080444,
        0.3143991529941559,
        0.31440991163253784,
        0.31473273038864136,
        0.31612077355384827,
        0.31349530816078186,
        0.31521692872047424,
        0.3133123815059662,
        0.3150985538959503,
        0.3150447607040405,
        0.3150985538959503,
        0.31428080797195435,
        0.3150232434272766,
        0.31428080797195435,
        0.3142377436161041,
        0.31390419602394104
    ],
    "val_loss": [
        1.6292750835418701,
        1.6222596168518066,
        1.6272000074386597,
        1.6208733320236206,
        1.6220308542251587,
        1.6216181516647339,
        1.6252487897872925,
        1.6223520040512085,
        1.6227411031723022,
        1.6217036247253418,
        1.622679591178894,
        1.623445749282837,
        1.6214014291763306,
        1.6224429607391357,
        1.6250098943710327,
        1.6241271495819092,
        1.6233428716659546,
        1.6221415996551514,
        1.6248600482940674,
        1.621925950050354,
        1.622078537940979,
        1.6221160888671875,
        1.625182032585144,
        1.6209923028945923,
        1.6208726167678833,
        1.6222258806228638,
        1.6257786750793457,
        1.6211804151535034,
        1.6222387552261353,
        1.6218092441558838,
        1.6214648485183716,
        1.622529149055481,
        1.6230218410491943,
        1.6251404285430908,
        1.6228712797164917,
        1.6215505599975586,
        1.622269868850708,
        1.6261540651321411,
        1.6234453916549683,
        1.622347354888916,
        1.6235463619232178,
        1.6227474212646484,
        1.6226705312728882,
        1.6262327432632446,
        1.62238609790802,
        1.6262035369873047,
        1.622430682182312,
        1.6241806745529175,
        1.6213322877883911,
        1.6220489740371704
    ],
    "val_accuracy": [
        0.31538283824920654,
        0.3155558109283447,
        0.33654290437698364,
        0.33648523688316345,
        0.31544050574302673,
        0.33625462651252747,
        0.33631226420402527,
        0.33631226420402527,
        0.31544050574302673,
        0.33642756938934326,
        0.33648523688316345,
        0.33636993169784546,
        0.33631226420402527,
        0.31544050574302673,
        0.33642756938934326,
        0.33631226420402527,
        0.31532517075538635,
        0.33660054206848145,
        0.33636993169784546,
        0.31538283824920654,
        0.31532517075538635,
        0.33642756938934326,
        0.3155558109283447,
        0.31544050574302673,
        0.33625462651252747,
        0.33654290437698364,
        0.33642756938934326,
        0.33636993169784546,
        0.3361969590187073,
        0.31544050574302673,
        0.33631226420402527,
        0.33642756938934326,
        0.31549814343452454,
        0.31544050574302673,
        0.31532517075538635,
        0.3361969590187073,
        0.33631226420402527,
        0.31538283824920654,
        0.33642756938934326,
        0.33642756938934326,
        0.33642756938934326,
        0.33654290437698364,
        0.33654290437698364,
        0.33636993169784546,
        0.33631226420402527,
        0.33642756938934326,
        0.33636993169784546,
        0.33642756938934326,
        0.31549814343452454,
        0.3155558109283447
    ]
}