{"loss": [1.6494739055633545, 1.3187791109085083, 1.1803877353668213, 1.0795369148254395, 1.0474902391433716, 1.0229703187942505, 1.0663496255874634, 0.9945191144943237, 0.9825798869132996, 0.9636964201927185, 0.9514882564544678, 0.938221275806427, 0.9345363974571228, 0.9137194752693176, 0.9070349335670471, 0.8993467092514038, 0.888259768486023, 0.8886752128601074, 0.8761785626411438, 0.8710734248161316, 0.85793536901474, 0.8494571447372437, 0.8450679779052734, 0.8364619612693787, 0.831309974193573, 0.8206641674041748, 0.8118724226951599, 0.8127604126930237, 0.8026052713394165, 0.7964289784431458, 0.7900956273078918, 0.7918654680252075, 0.7813224196434021, 0.7842114567756653, 0.7648641467094421, 0.7676135301589966, 0.7604392170906067, 0.7543068528175354, 0.7501676678657532, 0.7504472732543945, 0.7414987087249756, 0.7381688356399536, 0.7366097569465637, 0.7231296896934509, 0.7244374752044678, 0.719939649105072, 0.7148687839508057, 0.7087382078170776, 0.6985724568367004, 0.6987417340278625], "accuracy": [0.4733595848083496, 0.5740872025489807, 0.5976384282112122, 0.6263132095336914, 0.6377550959587097, 0.6453328132629395, 0.6349349617958069, 0.6549556255340576, 0.6588521599769592, 0.6666451096534729, 0.6684964895248413, 0.6731572151184082, 0.6756221652030945, 0.6815422177314758, 0.6832967400550842, 0.6860307455062866, 0.6888939142227173, 0.6892921924591064, 0.6939744353294373, 0.69593346118927, 0.6982907056808472, 0.7024455070495605, 0.7043938040733337, 0.7056854367256165, 0.7069017291069031, 0.7114979028701782, 0.7131555080413818, 0.7154912352561951, 0.7166752815246582, 0.7183328866958618, 0.7227460741996765, 0.7198398113250732, 0.7236071825027466, 0.7236610054969788, 0.7286661267280579, 0.7283432483673096, 0.7307112812995911, 0.7320675253868103, 0.7347800135612488, 0.7351351976394653, 0.7368897199630737, 0.7378153800964355, 0.7367174625396729, 0.7413566708564758, 0.7420024871826172, 0.7424114942550659, 0.7448118329048157, 0.7466955184936523, 0.7501937747001648, 0.7515392303466797], "val_loss": [1.4684194326400757, 1.6602013111114502, 1.3284492492675781, 1.3923143148422241, 1.2702096700668335, 1.5049618482589722, 1.323342204093933, 1.445274829864502, 1.4411799907684326, 1.4401193857192993, 1.4129531383514404, 1.3244006633758545, 1.2659097909927368, 1.3021843433380127, 1.2720574140548706, 1.2949895858764648, 1.2663589715957642, 1.2645776271820068, 1.268332839012146, 1.324610948562622, 1.2997548580169678, 1.311906337738037, 1.2700934410095215, 1.3469817638397217, 1.320522665977478, 1.3315494060516357, 1.3849070072174072, 1.3435075283050537, 1.346035361289978, 1.3017140626907349, 1.323207139968872, 1.2640182971954346, 1.2849634885787964, 1.3491590023040771, 1.335552453994751, 1.3420116901397705, 1.3470287322998047, 1.3772623538970947, 1.3204779624938965, 1.3286349773406982, 1.3359813690185547, 1.3575248718261719, 1.3999114036560059, 1.3297531604766846, 1.2641066312789917, 1.2978739738464355, 1.3158223628997803, 1.3677775859832764, 1.3780710697174072, 1.367056965827942], "val_accuracy": [0.4707103371620178, 0.433233380317688, 0.5394372940063477, 0.48622003197669983, 0.5633071660995483, 0.5118196606636047, 0.5427237153053284, 0.5202952027320862, 0.5313076376914978, 0.5046125650405884, 0.5202952027320862, 0.5577144622802734, 0.5494118928909302, 0.5433579087257385, 0.5609432458877563, 0.5564460158348083, 0.5636531114578247, 0.5702260136604309, 0.5616928339004517, 0.5505650639533997, 0.5573685169219971, 0.5450876355171204, 0.5740890502929688, 0.565094530582428, 0.5456641912460327, 0.5748962163925171, 0.535747230052948, 0.5529866218566895, 0.5657287836074829, 0.562269389629364, 0.5642873644828796, 0.5725322961807251, 0.5772601366043091, 0.571725070476532, 0.5604820251464844, 0.5706872940063477, 0.5655558109283447, 0.5506803393363953, 0.5731088519096375, 0.5699377059936523, 0.5646909475326538, 0.5624423623085022, 0.5612891912460327, 0.5765106081962585, 0.5861393213272095, 0.5766835808753967, 0.5753574967384338, 0.5637108087539673, 0.560136079788208, 0.5676314830780029]}