{"loss": [1.470093846321106, 1.137001633644104, 1.0564517974853516, 1.0134661197662354, 0.9527101516723633, 0.9198068976402283, 0.9235643148422241, 0.891908586025238, 0.8698759078979492, 0.8501572012901306, 0.8306283950805664, 0.817545473575592, 0.7946709394454956, 0.7835617661476135, 0.7677307724952698, 0.7525658011436462, 0.7402024269104004, 0.7319283485412598, 0.7203693389892578, 0.6964135766029358, 0.6908438205718994, 0.6780417561531067, 0.6541341543197632, 0.6474308371543884, 0.6390790343284607, 0.6174033880233765, 0.6106155514717102, 0.595970630645752, 0.5829449892044067, 0.5693395733833313, 0.561295211315155, 0.5491040945053101, 0.5315382480621338, 0.5235440135002136, 0.5140376091003418, 0.5007102489471436, 0.48848018050193787, 0.4819669723510742, 0.4677315652370453, 0.4589992165565491, 0.4489951729774475, 0.4370432496070862, 0.4381234049797058, 0.424198180437088, 0.41528457403182983, 0.4122099280357361, 0.39911022782325745, 0.39171648025512695, 0.38391169905662537, 0.3771694302558899], "accuracy": [0.4965675175189972, 0.604028582572937, 0.6334143877029419, 0.6466708183288574, 0.664661705493927, 0.6767022609710693, 0.6764009594917297, 0.6844172477722168, 0.6928746700286865, 0.6998902559280396, 0.7068089842796326, 0.7099294066429138, 0.7183115482330322, 0.7224434018135071, 0.728124737739563, 0.7326977849006653, 0.7363346815109253, 0.7391538023948669, 0.7438990473747253, 0.7518937587738037, 0.7519045472145081, 0.7577795386314392, 0.7649887800216675, 0.7687441110610962, 0.771068274974823, 0.7785895466804504, 0.7801497578620911, 0.7860032916069031, 0.7906085848808289, 0.795773446559906, 0.7985710501670837, 0.8025415539741516, 0.8095356225967407, 0.8108483552932739, 0.8142269849777222, 0.8185848593711853, 0.8246965408325195, 0.8257080316543579, 0.8308513164520264, 0.8344882726669312, 0.8366725444793701, 0.8409442901611328, 0.8418911695480347, 0.8470453023910522, 0.8496061563491821, 0.8504239320755005, 0.8572458624839783, 0.858687698841095, 0.8611087203025818, 0.8630455136299133], "val_loss": [1.3628449440002441, 1.4235442876815796, 1.5984972715377808, 4.368792533874512, 1.2880209684371948, 1.3451420068740845, 2.0258331298828125, 1.4665924310684204, 2.115325927734375, 1.3218027353286743, 4.290776252746582, 1.3212568759918213, 1.8907885551452637, 2.63173246383667, 1.3397722244262695, 1.474587321281433, 1.304850459098816, 1.4823533296585083, 1.3910181522369385, 1.4861241579055786, 1.4774104356765747, 1.4790046215057373, 1.386744737625122, 1.4399749040603638, 1.6568740606307983, 1.4827646017074585, 1.5577306747436523, 1.5418552160263062, 1.8068734407424927, 1.6324715614318848, 1.6376311779022217, 1.7200344800949097, 1.706343412399292, 1.6770697832107544, 1.726854920387268, 1.5776182413101196, 1.6361007690429688, 1.7012264728546143, 1.8327958583831787, 1.716615080833435, 1.8821234703063965, 1.783342719078064, 1.783523440361023, 1.9039684534072876, 2.0070691108703613, 1.866206407546997, 1.9116874933242798, 1.8805922269821167, 1.8842179775238037, 1.9267069101333618], "val_accuracy": [0.502363920211792, 0.4944072961807251, 0.44574493169784546, 0.5262914896011353, 0.5600207448005676, 0.5329220294952393, 0.5547739863395691, 0.5453182458877563, 0.5272716879844666, 0.5544856786727905, 0.5435308814048767, 0.558002769947052, 0.5088214874267578, 0.5584063529968262, 0.5566766858100891, 0.5467596650123596, 0.58002769947052, 0.5526406764984131, 0.564633309841156, 0.5396679043769836, 0.5587522983551025, 0.544741690158844, 0.5669395923614502, 0.5540244579315186, 0.5375345945358276, 0.5546586513519287, 0.5430696606636047, 0.5474515557289124, 0.5328067541122437, 0.5473362803459167, 0.5362085103988647, 0.5374769568443298, 0.5354589223861694, 0.5384570956230164, 0.5354589223861694, 0.5478551387786865, 0.5508533120155334, 0.5405327677726746, 0.5294626355171204, 0.55373615026474, 0.5315959453582764, 0.5567919611930847, 0.5393795967102051, 0.5315383076667786, 0.5341328382492065, 0.5458371639251709, 0.5301545262336731, 0.5407057404518127, 0.5452029705047607, 0.5467020273208618]}