{"loss": [1.5140124559402466, 1.2154252529144287, 1.0879701375961304, 1.0227816104888916, 0.9842744469642639, 0.9492164850234985, 0.9215541481971741, 0.8962048292160034, 0.876224160194397, 0.8528112769126892, 0.8362606167793274, 0.8122239112854004, 0.7920379638671875, 0.7675309181213379, 0.7471758127212524, 0.7242116928100586, 0.7009193897247314, 0.6786357760429382, 0.661699116230011, 0.6379687190055847, 0.6176121830940247, 0.6000539660453796, 0.5764327645301819, 0.5613000392913818, 0.5438505411148071, 0.522935152053833, 0.5022938251495361, 0.48913460969924927, 0.4800814390182495, 0.4655551612377167, 0.45280227065086365, 0.4404422640800476, 0.43264341354370117, 0.4081490933895111, 0.40691766142845154, 0.3975678086280823, 0.3897850215435028, 0.3763926029205322, 0.36014077067375183, 0.358355849981308, 0.34918004274368286, 0.34054407477378845, 0.3358062207698822, 0.32545775175094604, 0.32394880056381226, 0.3154812455177307, 0.31322193145751953, 0.2959940731525421, 0.29773595929145813, 0.29257944226264954], "accuracy": [0.40192803740501404, 0.5630762577056885, 0.6124515533447266, 0.6349741220474243, 0.6499999761581421, 0.6637117862701416, 0.6730073094367981, 0.6809887886047363, 0.688377857208252, 0.6969194412231445, 0.7020142078399658, 0.7111374139785767, 0.7171585559844971, 0.7267341613769531, 0.7330138087272644, 0.7403920888900757, 0.7487936019897461, 0.7566027641296387, 0.7637225389480591, 0.7713916301727295, 0.7790822982788086, 0.7855665683746338, 0.7929556369781494, 0.8003554344177246, 0.8059241771697998, 0.811492919921875, 0.8207561373710632, 0.8268849849700928, 0.8284037113189697, 0.8340154886245728, 0.8374515175819397, 0.8424816727638245, 0.8460254073143005, 0.853672981262207, 0.8552240133285522, 0.8584769368171692, 0.8609220385551453, 0.865790605545044, 0.8721240758895874, 0.8718224763870239, 0.8758940100669861, 0.8800086379051208, 0.8822274804115295, 0.8851572871208191, 0.8856742978096008, 0.8890349268913269, 0.8889379501342773, 0.8960039019584656, 0.8953468203544617, 0.8958961367607117], "val_loss": [1.4800734519958496, 1.417961835861206, 1.3495720624923706, 1.3538410663604736, 1.3822755813598633, 1.2403843402862549, 1.3390591144561768, 1.3088642358779907, 1.358002781867981, 1.313364863395691, 1.329220175743103, 1.3031373023986816, 1.4559990167617798, 1.3929760456085205, 1.3864667415618896, 1.4279643297195435, 1.4719730615615845, 1.4984513521194458, 1.5545631647109985, 1.5240535736083984, 1.6779223680496216, 1.5598574876785278, 1.6592329740524292, 1.7557270526885986, 1.8869413137435913, 1.7160654067993164, 1.7779500484466553, 1.945207118988037, 1.777472734451294, 1.9207730293273926, 1.992700219154358, 1.8729032278060913, 1.9946569204330444, 2.198915481567383, 2.136535882949829, 2.052375078201294, 2.1013500690460205, 2.099461793899536, 2.3340084552764893, 2.3426666259765625, 2.3943533897399902, 2.357412099838257, 2.460360288619995, 2.381166696548462, 2.3392786979675293, 2.6396749019622803, 2.5185327529907227, 2.552751302719116, 2.5185022354125977, 2.5087013244628906], "val_accuracy": [0.44849535822868347, 0.4903356432914734, 0.5200231671333313, 0.5276620388031006, 0.5181134343147278, 0.5579282641410828, 0.543807864189148, 0.550694465637207, 0.5405092835426331, 0.5516782402992249, 0.5456597208976746, 0.5542824268341064, 0.5275462865829468, 0.544502317905426, 0.5454860925674438, 0.5465856194496155, 0.5351273417472839, 0.5392940044403076, 0.5286458134651184, 0.5289351940155029, 0.5248842835426331, 0.5370370149612427, 0.522685170173645, 0.517997682094574, 0.5028935074806213, 0.532002329826355, 0.5192708373069763, 0.5102430582046509, 0.5241319537162781, 0.5204861164093018, 0.5231481194496155, 0.5275462865829468, 0.5126157402992249, 0.49328702688217163, 0.507060170173645, 0.5275462865829468, 0.5289930701255798, 0.5221643447875977, 0.5114583373069763, 0.5089699029922485, 0.5059606432914734, 0.5170717835426331, 0.4876736104488373, 0.5126736164093018, 0.5128472447395325, 0.5185763835906982, 0.5015046000480652, 0.5133680701255798, 0.5134838223457336, 0.5173032283782959]}