{
    "loss": [
        1.7267206907272339,
        1.3713712692260742,
        1.2000548839569092,
        1.1307625770568848,
        1.0910154581069946,
        1.0671496391296387,
        1.0412001609802246,
        1.0319428443908691,
        1.0152227878570557,
        0.9905924797058105,
        0.9838424324989319,
        0.9648453593254089,
        0.9543865323066711,
        0.9469415545463562,
        0.9360052943229675,
        0.9326797127723694,
        0.9173275828361511,
        0.9161807894706726,
        0.9095158576965332,
        0.8964715003967285,
        0.898652195930481,
        0.8920989036560059,
        0.8903953433036804,
        0.8835257887840271,
        0.8791305422782898,
        0.8776630163192749,
        0.8787931203842163,
        0.8726165294647217,
        0.8683171272277832,
        0.8577603101730347,
        0.859379231929779,
        0.856243908405304,
        0.8503088355064392,
        0.8484830856323242,
        0.8412479162216187,
        0.8420303463935852,
        0.8378708958625793,
        0.8319175243377686,
        0.8331540822982788,
        0.8266783356666565,
        0.8210222721099854,
        0.8211925625801086,
        0.8186709880828857,
        0.8086340427398682,
        0.8098440766334534,
        0.8094838261604309,
        0.8018819093704224,
        0.8127991557121277,
        0.8002634048461914,
        0.78718501329422
    ],
    "accuracy": [
        0.4477812647819519,
        0.5439012050628662,
        0.5849401950836182,
        0.6107751727104187,
        0.6210725903511047,
        0.6309503316879272,
        0.6372772455215454,
        0.6419363617897034,
        0.6479835510253906,
        0.6555048823356628,
        0.6583347916603088,
        0.6639730334281921,
        0.6675131320953369,
        0.6711930632591248,
        0.673054575920105,
        0.6726779937744141,
        0.6792523860931396,
        0.6792954206466675,
        0.6821791529655457,
        0.6863540410995483,
        0.6857730150222778,
        0.6883016228675842,
        0.6872256398200989,
        0.6903460621833801,
        0.6931759715080261,
        0.6937031745910645,
        0.6927347779273987,
        0.693455696105957,
        0.6957476139068604,
        0.698114812374115,
        0.6984161138534546,
        0.6995889544487,
        0.7021068334579468,
        0.7009339928627014,
        0.7035379409790039,
        0.7043556571006775,
        0.7042480707168579,
        0.7061956524848938,
        0.7070457339286804,
        0.7092945575714111,
        0.7109623551368713,
        0.7110376954078674,
        0.711694061756134,
        0.7154816389083862,
        0.713620126247406,
        0.7141043543815613,
        0.7184298634529114,
        0.7132973074913025,
        0.7163639664649963,
        0.7228630185127258
    ],
    "val_loss": [
        2.140331506729126,
        1.541350245475769,
        1.476982831954956,
        1.5215167999267578,
        1.3342268466949463,
        1.5450873374938965,
        1.4447047710418701,
        1.5308499336242676,
        1.3660444021224976,
        1.3144124746322632,
        1.4216957092285156,
        1.3540544509887695,
        1.404411792755127,
        1.3066354990005493,
        1.3233001232147217,
        1.3356144428253174,
        1.3746132850646973,
        1.3779042959213257,
        1.2896108627319336,
        1.3221995830535889,
        1.2598586082458496,
        1.3100403547286987,
        1.3070929050445557,
        1.274878978729248,
        1.3771469593048096,
        1.3438348770141602,
        1.3875261545181274,
        1.2762424945831299,
        1.3230550289154053,
        1.2854353189468384,
        1.305944800376892,
        1.285997986793518,
        1.3687020540237427,
        1.3007150888442993,
        1.3882203102111816,
        1.3503210544586182,
        1.352603554725647,
        1.307356834411621,
        1.4246406555175781,
        1.331788182258606,
        1.3330693244934082,
        1.3819303512573242,
        1.3279869556427002,
        1.3954755067825317,
        1.3748416900634766,
        1.4322199821472168,
        1.3063737154006958,
        1.3978381156921387,
        1.2874668836593628,
        1.361626148223877
    ],
    "val_accuracy": [
        0.3539552688598633,
        0.4911785125732422,
        0.5095133781433105,
        0.47163283824920654,
        0.5281365513801575,
        0.5027098655700684,
        0.4896794259548187,
        0.5447993278503418,
        0.5204105377197266,
        0.5472209453582764,
        0.5337868928909302,
        0.5710908770561218,
        0.5235816240310669,
        0.5452029705047607,
        0.5445687174797058,
        0.5692458748817444,
        0.5635954737663269,
        0.5393795967102051,
        0.5612891912460327,
        0.5565613508224487,
        0.5754727721214294,
        0.5562730431556702,
        0.5554658770561218,
        0.5728782415390015,
        0.5479128360748291,
        0.562269389629364,
        0.5319995284080505,
        0.5660747289657593,
        0.5481434464454651,
        0.5732818245887756,
        0.5557541251182556,
        0.5648062825202942,
        0.56059730052948,
        0.5646909475326538,
        0.5470479726791382,
        0.559905469417572,
        0.5558118224143982,
        0.5589252710342407,
        0.5307310819625854,
        0.5618657469749451,
        0.5627883076667786,
        0.557772159576416,
        0.5688422322273254,
        0.5518911480903625,
        0.5619234442710876,
        0.5404174327850342,
        0.5680927038192749,
        0.5407633781433105,
        0.5759340524673462,
        0.5701683759689331
    ]
}