{
    "loss": [
        1.42034912109375,
        1.1342788934707642,
        1.030207633972168,
        0.9968551993370056,
        0.9695759415626526,
        0.9253720641136169,
        0.9186997413635254,
        0.8940432071685791,
        0.8697325587272644,
        0.8381712436676025,
        0.8353023529052734,
        0.8046303987503052,
        0.783663272857666,
        0.7635208368301392,
        0.7416931986808777,
        0.7315609455108643,
        0.7089920043945312,
        0.68468177318573,
        0.6592098474502563,
        0.640235960483551,
        0.6230419278144836,
        0.5971410274505615,
        0.5846546292304993,
        0.5665451288223267,
        0.5512072443962097,
        0.5320406556129456,
        0.5102388262748718,
        0.49137017130851746,
        0.47370585799217224,
        0.45865392684936523,
        0.4384854733943939,
        0.4354040026664734,
        0.4192364811897278,
        0.40380337834358215,
        0.3922632038593292,
        0.37622517347335815,
        0.371658056974411,
        0.3440120220184326,
        0.3397780954837799,
        0.3227652907371521,
        0.3160267174243927,
        0.31014999747276306,
        0.2977777421474457,
        0.2895958125591278,
        0.2860303819179535,
        0.2753601670265198,
        0.26103395223617554,
        0.2550990879535675,
        0.2556082010269165,
        0.24854648113250732
    ],
    "accuracy": [
        0.5175449848175049,
        0.6088219881057739,
        0.6425772905349731,
        0.6534594893455505,
        0.6643416881561279,
        0.6783238649368286,
        0.6810040473937988,
        0.6878283023834229,
        0.6952983736991882,
        0.704372227191925,
        0.7075476050376892,
        0.7157926559448242,
        0.7230474352836609,
        0.7294949889183044,
        0.7369327545166016,
        0.7400542497634888,
        0.7473843693733215,
        0.7561999559402466,
        0.7645203471183777,
        0.773465096950531,
        0.7782765030860901,
        0.786349356174469,
        0.7907517552375793,
        0.7976082563400269,
        0.8034745454788208,
        0.8095453381538391,
        0.8159282803535461,
        0.8238073587417603,
        0.8300503492355347,
        0.8352816104888916,
        0.8426440358161926,
        0.8445707559585571,
        0.8500602841377258,
        0.8546994924545288,
        0.859489381313324,
        0.8653663992881775,
        0.8664966225624084,
        0.8769159317016602,
        0.8778201341629028,
        0.8851932883262634,
        0.8860113620758057,
        0.8888422250747681,
        0.8937612771987915,
        0.8961616158485413,
        0.8972918391227722,
        0.9010268449783325,
        0.9077434539794922,
        0.9097886085510254,
        0.9101868867874146,
        0.9110695123672485
    ],
    "val_loss": [
        1.920498251914978,
        1.4451990127563477,
        1.4310787916183472,
        1.273834466934204,
        1.313422679901123,
        1.3176953792572021,
        1.4384409189224243,
        1.377434253692627,
        1.3908648490905762,
        1.3586090803146362,
        1.2827601432800293,
        1.3860619068145752,
        1.3951548337936401,
        1.4771596193313599,
        1.4946892261505127,
        1.4656192064285278,
        1.4457758665084839,
        1.4873024225234985,
        1.5330665111541748,
        1.645632028579712,
        1.709527611732483,
        1.618532657623291,
        1.6948661804199219,
        1.7254892587661743,
        1.693574070930481,
        1.7473961114883423,
        1.6854478120803833,
        1.7909592390060425,
        1.8192107677459717,
        1.9347466230392456,
        1.9080055952072144,
        1.9080129861831665,
        1.9763505458831787,
        1.898266315460205,
        2.083799123764038,
        2.091303586959839,
        2.0545265674591064,
        2.1115357875823975,
        2.094911813735962,
        2.1914210319519043,
        2.1703927516937256,
        2.2495555877685547,
        2.2401750087738037,
        2.276918649673462,
        2.2012903690338135,
        2.349478244781494,
        2.608660936355591,
        2.3391637802124023,
        2.3706531524658203,
        2.511291742324829
    ],
    "val_accuracy": [
        0.3805927038192749,
        0.4946955740451813,
        0.5084755420684814,
        0.5422047972679138,
        0.5472785830497742,
        0.5445687174797058,
        0.5146448612213135,
        0.52248615026474,
        0.5508533120155334,
        0.5585793256759644,
        0.5502767562866211,
        0.5334986448287964,
        0.564633309841156,
        0.5454335808753967,
        0.5339022278785706,
        0.5410516858100891,
        0.5457218885421753,
        0.5411093235015869,
        0.5517758131027222,
        0.5339022278785706,
        0.5219095945358276,
        0.5409939885139465,
        0.5307310819625854,
        0.5353436470031738,
        0.5344787836074829,
        0.5333256721496582,
        0.5550045967102051,
        0.5223131775856018,
        0.5333256721496582,
        0.513030469417572,
        0.5146448612213135,
        0.5193727016448975,
        0.5154520273208618,
        0.5266374349594116,
        0.5080143213272095,
        0.5306157469749451,
        0.5231780409812927,
        0.5212177038192749,
        0.5300968885421753,
        0.5379381775856018,
        0.5386300683021545,
        0.5246770977973938,
        0.5257726311683655,
        0.5166628360748291,
        0.5431849360466003,
        0.5186231732368469,
        0.5170664191246033,
        0.5396102666854858,
        0.537880539894104,
        0.5182772278785706
    ]
}