{
    "loss": [
        1.4243440628051758,
        1.1697126626968384,
        1.0929614305496216,
        1.0533806085586548,
        1.022444486618042,
        1.000331163406372,
        0.9793258905410767,
        0.9625465273857117,
        0.9453985691070557,
        0.9326267838478088,
        0.9150030016899109,
        0.899621844291687,
        0.8858054876327515,
        0.8713592290878296,
        0.86066073179245,
        0.8470351099967957,
        0.8335631489753723,
        0.8170434236526489,
        0.8051503300666809,
        0.7926182746887207,
        0.7832815647125244,
        0.7685327529907227,
        0.7562903761863708,
        0.7425345182418823,
        0.7298470735549927,
        0.7158826589584351,
        0.7120974063873291,
        0.7002220153808594,
        0.6929760575294495,
        0.6825248599052429,
        0.6699128746986389,
        0.6590522527694702,
        0.6545712351799011,
        0.6453456282615662,
        0.6311550736427307,
        0.6277989149093628,
        0.618484616279602,
        0.606468915939331,
        0.5994840860366821,
        0.5906354784965515,
        0.5829660892486572,
        0.5812946557998657,
        0.5677846074104309,
        0.5673985481262207,
        0.5582323670387268,
        0.5542355179786682,
        0.5448131561279297,
        0.5418088436126709,
        0.5356391668319702,
        0.5289153456687927
    ],
    "accuracy": [
        0.4732181429862976,
        0.587070643901825,
        0.6176615953445435,
        0.6298205256462097,
        0.6396121978759766,
        0.6485538482666016,
        0.6543212532997131,
        0.6608095765113831,
        0.6676852703094482,
        0.6713437438011169,
        0.6780042052268982,
        0.6805759072303772,
        0.6867091059684753,
        0.6903245449066162,
        0.6951019763946533,
        0.6999548077583313,
        0.704872190952301,
        0.709983229637146,
        0.7151696085929871,
        0.7190539836883545,
        0.7228522896766663,
        0.7277804017066956,
        0.7309976816177368,
        0.7360333800315857,
        0.7414134740829468,
        0.7444908618927002,
        0.7480524182319641,
        0.7517216205596924,
        0.7544224262237549,
        0.7589093446731567,
        0.7616854906082153,
        0.7662047147750854,
        0.7676035165786743,
        0.7707024216651917,
        0.7764267921447754,
        0.775802731513977,
        0.7815701365470886,
        0.7841525077819824,
        0.7871330976486206,
        0.7907699942588806,
        0.7925776839256287,
        0.79304039478302,
        0.7997869253158569,
        0.7988185286521912,
        0.8008736968040466,
        0.80335932970047,
        0.8069316744804382,
        0.8073405623435974,
        0.8112249374389648,
        0.8115262389183044
    ],
    "val_loss": [
        1.4171887636184692,
        1.3999948501586914,
        1.378630518913269,
        1.369250774383545,
        1.331256628036499,
        1.380540132522583,
        1.402579426765442,
        1.3930772542953491,
        1.4294642210006714,
        1.3694639205932617,
        1.497146487236023,
        1.3667176961898804,
        1.3995064496994019,
        1.445340871810913,
        1.4790958166122437,
        1.3755097389221191,
        1.483880877494812,
        1.477092981338501,
        1.5558381080627441,
        1.4562839269638062,
        1.506656527519226,
        1.592140555381775,
        1.6163579225540161,
        1.6416875123977661,
        1.5929187536239624,
        1.6856881380081177,
        1.658516526222229,
        1.7447031736373901,
        1.6912415027618408,
        1.7092211246490479,
        1.7147424221038818,
        1.776443362236023,
        1.6380189657211304,
        1.726019263267517,
        1.8595644235610962,
        1.7282053232192993,
        1.7946094274520874,
        1.9584482908248901,
        1.8043264150619507,
        1.7810211181640625,
        1.8672102689743042,
        1.8876420259475708,
        1.9636744260787964,
        1.819484829902649,
        1.9300557374954224,
        1.9938385486602783,
        2.0235133171081543,
        2.026435136795044,
        2.092651844024658,
        2.0747671127319336
    ],
    "val_accuracy": [
        0.48829567432403564,
        0.5093404054641724,
        0.5100899338722229,
        0.5075530409812927,
        0.5309616923332214,
        0.5167204737663269,
        0.5155096650123596,
        0.5123385787010193,
        0.5202952027320862,
        0.5389183759689331,
        0.4968865215778351,
        0.533613920211792,
        0.5159709453582764,
        0.5196609497070312,
        0.5125691890716553,
        0.5339598655700684,
        0.5059386491775513,
        0.5232356786727905,
        0.5001729726791382,
        0.5257726311683655,
        0.5208141207695007,
        0.5130881071090698,
        0.4969441890716553,
        0.4952144920825958,
        0.5039206743240356,
        0.5015567541122437,
        0.48835331201553345,
        0.49475324153900146,
        0.4867965877056122,
        0.4990198314189911,
        0.4997117221355438,
        0.4744003713130951,
        0.5088214874267578,
        0.4876037836074829,
        0.48368310928344727,
        0.5016143918037415,
        0.5078989863395691,
        0.4774561822414398,
        0.515855610370636,
        0.49584871530532837,
        0.5072647333145142,
        0.4801660478115082,
        0.49729013442993164,
        0.4923316538333893,
        0.4876037836074829,
        0.49584871530532837,
        0.4852398633956909,
        0.49175506830215454,
        0.495387464761734,
        0.48962175846099854
    ]
}