{
    "loss": [
        1.416756510734558,
        1.1409744024276733,
        1.0434815883636475,
        1.0018939971923828,
        0.9610255360603333,
        0.9414851069450378,
        0.9107048511505127,
        0.8803040385246277,
        0.8662492036819458,
        0.8579031229019165,
        0.8600131869316101,
        0.8048322796821594,
        0.7827271819114685,
        0.7701244354248047,
        0.748805046081543,
        0.7266658544540405,
        0.710016667842865,
        0.6805770397186279,
        0.6539721488952637,
        0.6528869271278381,
        0.6383326649665833,
        0.6155514121055603,
        0.5880650877952576,
        0.5720812082290649,
        0.5511835217475891,
        0.5320602655410767,
        0.5160312652587891,
        0.5015583634376526,
        0.47437596321105957,
        0.462923139333725,
        0.45770248770713806,
        0.43663936853408813,
        0.41274699568748474,
        0.40839052200317383,
        0.3865922689437866,
        0.3732820451259613,
        0.36593204736709595,
        0.3443462550640106,
        0.3434374928474426,
        0.3279074430465698,
        0.3105834424495697,
        0.3086662292480469,
        0.3062727451324463,
        0.2921313941478729,
        0.275017648935318,
        0.2737719416618347,
        0.2656904458999634,
        0.2519741356372833,
        0.2561102509498596,
        0.2387026995420456
    ],
    "accuracy": [
        0.5180186033248901,
        0.6100490689277649,
        0.6408012509346008,
        0.6519525647163391,
        0.6656871438026428,
        0.6714027523994446,
        0.6806272864341736,
        0.6913695931434631,
        0.6947602033615112,
        0.6987643241882324,
        0.6973972916603088,
        0.716965913772583,
        0.7212498784065247,
        0.7257707118988037,
        0.7344247698783875,
        0.7420240044593811,
        0.7480947971343994,
        0.7579652070999146,
        0.7667161822319031,
        0.7669529914855957,
        0.7720227241516113,
        0.7786101698875427,
        0.7889218926429749,
        0.795035719871521,
        0.8031947016716003,
        0.8084904551506042,
        0.8150025606155396,
        0.820147693157196,
        0.8303302526473999,
        0.8345173597335815,
        0.8353031277656555,
        0.8438495397567749,
        0.8517932295799255,
        0.8543012142181396,
        0.8611900210380554,
        0.8666149973869324,
        0.8677021265029907,
        0.8756673336029053,
        0.8770020604133606,
        0.8828898668289185,
        0.8888853192329407,
        0.8909842371940613,
        0.8899616599082947,
        0.8957956433296204,
        0.9019525647163391,
        0.9021570682525635,
        0.9060428142547607,
        0.9107142686843872,
        0.9074420928955078,
        0.915547251701355
    ],
    "val_loss": [
        1.6579986810684204,
        1.4325194358825684,
        1.3057078123092651,
        1.3181122541427612,
        1.281567096710205,
        1.2578941583633423,
        1.3982096910476685,
        1.4248461723327637,
        1.3300591707229614,
        1.3706347942352295,
        1.401519536972046,
        1.4232211112976074,
        1.4204052686691284,
        1.5150007009506226,
        1.431423306465149,
        1.4497150182724,
        1.4662481546401978,
        1.4944642782211304,
        1.5730032920837402,
        1.5778050422668457,
        1.5392498970031738,
        1.5666685104370117,
        1.6231902837753296,
        1.6834355592727661,
        1.827475666999817,
        1.7326515913009644,
        1.8017061948776245,
        1.8489166498184204,
        1.85671067237854,
        1.9217519760131836,
        2.0116305351257324,
        1.9312329292297363,
        1.9365239143371582,
        1.9261629581451416,
        2.044651746749878,
        2.0453386306762695,
        1.9881852865219116,
        2.0991623401641846,
        2.0569469928741455,
        2.0881311893463135,
        2.252371072769165,
        2.2524402141571045,
        2.287274122238159,
        2.305511713027954,
        2.3356869220733643,
        2.337916612625122,
        2.385749578475952,
        2.447213888168335,
        2.352574110031128,
        2.4046425819396973
    ],
    "val_accuracy": [
        0.417262464761734,
        0.5046702027320862,
        0.5408210158348083,
        0.5354589223861694,
        0.5540820956230164,
        0.562730610370636,
        0.5369580388069153,
        0.5362085103988647,
        0.5407057404518127,
        0.5410516858100891,
        0.5536208748817444,
        0.544741690158844,
        0.5592712163925171,
        0.5327490568161011,
        0.5461831092834473,
        0.5481434464454651,
        0.5498154759407043,
        0.5369003415107727,
        0.5265797972679138,
        0.5257726311683655,
        0.5310770273208618,
        0.5348823666572571,
        0.5478551387786865,
        0.5345941185951233,
        0.5247347950935364,
        0.5394949316978455,
        0.5464137196540833,
        0.5271563529968262,
        0.5133763551712036,
        0.5303274989128113,
        0.50190269947052,
        0.5340752005577087,
        0.5232356786727905,
        0.5234086513519287,
        0.5234086513519287,
        0.5266374349594116,
        0.5374192595481873,
        0.5349977016448975,
        0.5403597950935364,
        0.5255419611930847,
        0.526983380317688,
        0.5390336513519287,
        0.5126268267631531,
        0.5204105377197266,
        0.5343634486198425,
        0.5142989158630371,
        0.5241005420684814,
        0.5185078382492065,
        0.5257726311683655,
        0.51372230052948
    ]
}