{"loss": [1.6573251485824585, 1.3166474103927612, 1.2242730855941772, 1.1345734596252441, 1.019801378250122, 0.9884833097457886, 0.981942892074585, 0.9687334299087524, 0.9529476761817932, 0.9329726099967957, 0.922676682472229, 0.9347819685935974, 0.9282703995704651, 0.8945396542549133, 0.9122530221939087, 0.8864935040473938, 0.9187852740287781, 0.8965477347373962, 0.8791719675064087, 0.8493444919586182, 0.8431663513183594, 0.8410525918006897, 0.8329815864562988, 0.8262389302253723, 0.8125649690628052, 0.8011615872383118, 0.7982833385467529, 0.7910864949226379, 0.7826407551765442, 0.7742859721183777, 0.7707952857017517, 0.7583056092262268, 0.7537944912910461, 0.7420679926872253, 0.7399204969406128, 0.7310975790023804, 0.7235485911369324, 0.713862955570221, 0.7358183264732361, 0.7019370198249817, 0.6896647214889526, 0.6828267574310303, 0.6810387969017029, 0.6756622195243835, 0.6700895428657532, 0.6623814105987549, 0.6609041690826416, 0.6466229557991028, 0.6451388001441956, 0.633417010307312], "accuracy": [0.4601895809173584, 0.5711008310317993, 0.6000538468360901, 0.6153382062911987, 0.6411675810813904, 0.6513571739196777, 0.6563981175422668, 0.6614820957183838, 0.665349006652832, 0.6733950972557068, 0.6778651475906372, 0.6738905906677246, 0.6751077175140381, 0.6847910284996033, 0.6797285676002502, 0.6889594793319702, 0.6785544753074646, 0.6856419444084167, 0.6931279897689819, 0.6994398832321167, 0.7017987966537476, 0.7034575343132019, 0.706635057926178, 0.7070551514625549, 0.7140133380889893, 0.7182033658027649, 0.716630756855011, 0.7196359038352966, 0.7222210168838501, 0.7253769636154175, 0.7266587615013123, 0.7298793792724609, 0.7304825782775879, 0.7361158728599548, 0.7367083430290222, 0.7402520179748535, 0.7430848479270935, 0.7455837726593018, 0.7411676049232483, 0.7489228844642639, 0.7529836297035217, 0.7565165758132935, 0.7552348375320435, 0.7574321627616882, 0.75904780626297, 0.7625161409378052, 0.7634532451629639, 0.7680094838142395, 0.7661998867988586, 0.7713701128959656], "val_loss": [1.5096060037612915, 2.0875606536865234, 1.5818339586257935, 1.3035963773727417, 1.350266456604004, 1.2484171390533447, 1.2612167596817017, 1.3133972883224487, 1.2391194105148315, 1.2943257093429565, 1.350966453552246, 1.4025758504867554, 1.2879033088684082, 2.074584484100342, 1.3830995559692383, 1.2500090599060059, 1.639290690422058, 1.4398884773254395, 1.2190974950790405, 1.3595629930496216, 1.245219349861145, 1.2824989557266235, 1.276099681854248, 1.5165823698043823, 1.442521095275879, 1.2758238315582275, 1.3350399732589722, 1.326368808746338, 1.3006300926208496, 1.2758595943450928, 1.2662047147750854, 1.2931597232818604, 1.4039984941482544, 1.3029903173446655, 1.313438892364502, 1.2743090391159058, 1.3470414876937866, 1.303005576133728, 1.3416036367416382, 1.415095329284668, 1.282894253730774, 1.2878565788269043, 1.3628671169281006, 1.3516616821289062, 1.3543685674667358, 1.3946455717086792, 1.3520151376724243, 1.3580738306045532, 1.32887864112854, 1.3593565225601196], "val_accuracy": [0.44068285822868347, 0.48750001192092896, 0.45005786418914795, 0.528182864189148, 0.5196759104728699, 0.5613425970077515, 0.5454282164573669, 0.5411458611488342, 0.5715277791023254, 0.5267939567565918, 0.5416666865348816, 0.5043402910232544, 0.5479745268821716, 0.46730324625968933, 0.5337963104248047, 0.5746527910232544, 0.4173032343387604, 0.5638310313224792, 0.5766203999519348, 0.5779513716697693, 0.5749421119689941, 0.5608217716217041, 0.5624421238899231, 0.5490740537643433, 0.5725694298744202, 0.5775462985038757, 0.5695022940635681, 0.5538194179534912, 0.5681713223457336, 0.574131965637207, 0.5837384462356567, 0.5730323791503906, 0.5753472447395325, 0.5670717358589172, 0.5625578761100769, 0.5758680701255798, 0.5702546238899231, 0.571932852268219, 0.5668981671333313, 0.575752317905426, 0.5850116014480591, 0.5766782164573669, 0.567245364189148, 0.5744791626930237, 0.5712962746620178, 0.5562499761581421, 0.5794560313224792, 0.5677661895751953, 0.5928241014480591, 0.5737847089767456]}