{"loss": [1.4159291982650757, 1.134233832359314, 1.0299218893051147, 0.9996911883354187, 0.9683629274368286, 0.9428720474243164, 0.9183967113494873, 0.8863065242767334, 0.8808407187461853, 0.8467386960983276, 0.8233674168586731, 0.8072159886360168, 0.7844772338867188, 0.7575622200965881, 0.7464644312858582, 0.7189505696296692, 0.7013110518455505, 0.6819195747375488, 0.6612612009048462, 0.6489876508712769, 0.6221157312393188, 0.6025935411453247, 0.5797625184059143, 0.5777624249458313, 0.5663929581642151, 0.535545289516449, 0.5127477645874023, 0.4961538314819336, 0.47918370366096497, 0.46901658177375793, 0.4456360936164856, 0.4354189336299896, 0.41651320457458496, 0.4057563841342926, 0.3844497799873352, 0.3766494691371918, 0.36308422684669495, 0.3545842170715332, 0.34260156750679016, 0.33150777220726013, 0.3328067660331726, 0.3110065758228302, 0.2948910892009735, 0.2895476818084717, 0.27593472599983215, 0.27363064885139465, 0.2658189535140991, 0.26457133889198303, 0.2490466833114624, 0.24851320683956146], "accuracy": [0.5180831551551819, 0.6096077561378479, 0.6436105966567993, 0.654966413974762, 0.6645031571388245, 0.6727912425994873, 0.6802182793617249, 0.6907022595405579, 0.690777599811554, 0.7026607990264893, 0.710238516330719, 0.7156096696853638, 0.7218849658966064, 0.7323150634765625, 0.7348875999450684, 0.7455114722251892, 0.7510010600090027, 0.7565982341766357, 0.7634009122848511, 0.7676311135292053, 0.7773938775062561, 0.7844549417495728, 0.7921618223190308, 0.7939055562019348, 0.7963704466819763, 0.8097068071365356, 0.816757082939148, 0.8213962912559509, 0.827628493309021, 0.8316110968589783, 0.8393179774284363, 0.8443446755409241, 0.8501894474029541, 0.855194628238678, 0.8626970052719116, 0.8639025092124939, 0.8694889545440674, 0.8732993006706238, 0.8772173523902893, 0.8824700713157654, 0.8814259767532349, 0.8884547352790833, 0.8944932222366333, 0.8969043493270874, 0.9009730219841003, 0.9017695784568787, 0.9057413935661316, 0.9055476784706116, 0.9117476344108582, 0.9128454923629761], "val_loss": [1.7227839231491089, 1.3825186491012573, 1.3040672540664673, 1.3508812189102173, 1.3343034982681274, 1.5777921676635742, 1.2676472663879395, 1.5067182779312134, 1.2750663757324219, 1.4053726196289062, 1.3553879261016846, 1.4176527261734009, 1.5528926849365234, 1.4928041696548462, 1.4401558637619019, 1.4488277435302734, 1.674715518951416, 1.4584946632385254, 1.5379407405853271, 1.7061269283294678, 1.6007968187332153, 1.5775800943374634, 1.6083941459655762, 1.7045973539352417, 1.7104549407958984, 1.8081201314926147, 1.7555856704711914, 1.8622770309448242, 1.9475558996200562, 1.8832625150680542, 1.8407015800476074, 1.8121429681777954, 1.9997639656066895, 1.9941070079803467, 1.9717382192611694, 2.061399221420288, 2.1160507202148438, 2.080911636352539, 2.1076955795288086, 2.254756450653076, 2.172333240509033, 2.0658318996429443, 2.4108688831329346, 2.3198461532592773, 2.364185333251953, 2.361840009689331, 2.3883159160614014, 2.4866814613342285, 2.6228504180908203, 2.4658679962158203], "val_accuracy": [0.4410170614719391, 0.5186231732368469, 0.5449146628379822, 0.531019389629364, 0.5367850661277771, 0.45347094535827637, 0.5585216879844666, 0.4741697311401367, 0.5665936470031738, 0.5244464874267578, 0.5560424327850342, 0.5161439180374146, 0.5047855377197266, 0.5216212868690491, 0.5502767562866211, 0.535977840423584, 0.5419164896011353, 0.5479128360748291, 0.5334986448287964, 0.5036900639533997, 0.5295779705047607, 0.5347093939781189, 0.5386877059936523, 0.5125115513801575, 0.5311923623085022, 0.5162592530250549, 0.5374769568443298, 0.5229474306106567, 0.5234086513519287, 0.5258879065513611, 0.5153366923332214, 0.5433579087257385, 0.5295202732086182, 0.5235239863395691, 0.5309040546417236, 0.5122808814048767, 0.5329797267913818, 0.5141835808753967, 0.5370156764984131, 0.5144718885421753, 0.5389760136604309, 0.5467596650123596, 0.5065729022026062, 0.5114737153053284, 0.520122230052948, 0.5284824967384338, 0.5258302688598633, 0.5088214874267578, 0.5032864212989807, 0.5195456743240356]}