{"loss": [1.4302129745483398, 1.1346039772033691, 1.052117943763733, 1.0020246505737305, 0.9531235098838806, 0.9211931228637695, 0.8890805840492249, 0.863402783870697, 0.8408475518226624, 0.8281120657920837, 0.7994123697280884, 0.7743706703186035, 0.7499412894248962, 0.7394364476203918, 0.7133868336677551, 0.7029663920402527, 0.6611596345901489, 0.6288912892341614, 0.6042256951332092, 0.5828140377998352, 0.55413818359375, 0.528810977935791, 0.5044820308685303, 0.4767100214958191, 0.4470246732234955, 0.4409983456134796, 0.4119890034198761, 0.3963640034198761, 0.37530583143234253, 0.35928875207901, 0.3332710564136505, 0.3209407925605774, 0.31469765305519104, 0.29537656903266907, 0.286909282207489, 0.28069883584976196, 0.25769782066345215, 0.24770686030387878, 0.243070587515831, 0.2326742261648178, 0.2223455011844635, 0.21589884161949158, 0.20530086755752563, 0.20882780849933624, 0.19853955507278442, 0.1905977576971054, 0.1854572743177414, 0.18116849660873413, 0.17974542081356049, 0.1880352944135666], "accuracy": [0.5073028802871704, 0.6003769636154175, 0.6300301551818848, 0.6470917463302612, 0.6653059124946594, 0.6766372323036194, 0.6872899532318115, 0.6960254311561584, 0.7022296190261841, 0.7091662883758545, 0.715112030506134, 0.7249892354011536, 0.7334446310997009, 0.7389271855354309, 0.7454976439476013, 0.748664379119873, 0.7625161409378052, 0.7737289667129517, 0.7827768325805664, 0.7894442081451416, 0.8010125160217285, 0.8110297322273254, 0.8194097280502319, 0.8289961218833923, 0.8392826318740845, 0.8418677449226379, 0.8527251482009888, 0.8587031364440918, 0.866555392742157, 0.8727057576179504, 0.8818720579147339, 0.8860297203063965, 0.8882055282592773, 0.8955838084220886, 0.898319661617279, 0.899687647819519, 0.9091124534606934, 0.9117836952209473, 0.9145196080207825, 0.9186234474182129, 0.9229857921600342, 0.9233843088150024, 0.9282421469688416, 0.9275204539299011, 0.9304825663566589, 0.9339939951896667, 0.9346510171890259, 0.9378500580787659, 0.9368375539779663, 0.9343386292457581], "val_loss": [1.6284595727920532, 1.3059200048446655, 1.4759851694107056, 1.4650737047195435, 1.4578169584274292, 1.3416423797607422, 1.3641635179519653, 1.323501706123352, 1.2653119564056396, 1.3346655368804932, 1.3247907161712646, 1.328010082244873, 1.5758001804351807, 1.4782923460006714, 2.149407148361206, 1.2923152446746826, 1.4057369232177734, 1.4460583925247192, 1.5078834295272827, 1.6209810972213745, 1.6081441640853882, 1.6328325271606445, 1.6509519815444946, 1.7542917728424072, 1.992661714553833, 1.9909369945526123, 2.507091522216797, 2.0691683292388916, 2.0480868816375732, 2.02558970451355, 2.0600342750549316, 2.11484956741333, 2.183366537094116, 2.165570020675659, 2.4365482330322266, 2.2124311923980713, 2.407247543334961, 2.468437433242798, 2.4598047733306885, 2.476349353790283, 2.414445161819458, 2.6879072189331055, 2.4745614528656006, 2.640052318572998, 2.628261089324951, 2.6153149604797363, 2.662019968032837, 2.8488824367523193, 2.574463367462158, 2.8788719177246094], "val_accuracy": [0.45700231194496155, 0.5504629611968994, 0.45005786418914795, 0.5134838223457336, 0.5095486044883728, 0.5318865776062012, 0.5426504611968994, 0.5402199029922485, 0.5657986402511597, 0.5540509223937988, 0.5476852059364319, 0.5638889074325562, 0.5001157522201538, 0.5155671238899231, 0.3785879611968994, 0.5709490776062012, 0.5531828999519348, 0.5462962985038757, 0.5505787134170532, 0.5455439686775208, 0.5457754731178284, 0.5356481671333313, 0.5439236164093018, 0.5401041507720947, 0.5074653029441833, 0.5347800850868225, 0.4938657283782959, 0.5267361402511597, 0.5439236164093018, 0.5488426089286804, 0.529629647731781, 0.5349537134170532, 0.5341435074806213, 0.5348379611968994, 0.5025463104248047, 0.5379050970077515, 0.5384837985038757, 0.5111689567565918, 0.535243034362793, 0.5534143447875977, 0.5378472208976746, 0.5154513716697693, 0.5425347089767456, 0.5377893447875977, 0.5344907641410828, 0.5472221970558167, 0.5382522940635681, 0.5460069179534912, 0.5471065044403076, 0.5340856313705444]}