{"loss": [1.4144312143325806, 1.1625580787658691, 1.075366735458374, 1.0115231275558472, 0.9465689063072205, 0.927504301071167, 0.9002235531806946, 0.8799916505813599, 0.8557592034339905, 0.8261845111846924, 0.8107004165649414, 0.8024203777313232, 0.7920082211494446, 0.7578560709953308, 0.7412615418434143, 0.7236518859863281, 0.7030217051506042, 0.6923938393592834, 0.6685176491737366, 0.6545798182487488, 0.6354802250862122, 0.6188596487045288, 0.6037903428077698, 0.5857852101325989, 0.5661830306053162, 0.5504819750785828, 0.5417456030845642, 0.5274288654327393, 0.513441264629364, 0.4854690730571747, 0.47645890712738037, 0.46371278166770935, 0.4455353021621704, 0.4340702295303345, 0.4206552505493164, 0.41011151671409607, 0.40666282176971436, 0.3864493668079376, 0.37050744891166687, 0.37021198868751526, 0.34544476866722107, 0.34005236625671387, 0.33813366293907166, 0.3221715986728668, 0.3117761015892029, 0.303162157535553, 0.28859859704971313, 0.28968146443367004, 0.2699476480484009, 0.26152563095092773], "accuracy": [0.5071902275085449, 0.5969710946083069, 0.6292732357978821, 0.6492831110954285, 0.669153094291687, 0.674674928188324, 0.6840932369232178, 0.6895182132720947, 0.698333740234375, 0.7081826329231262, 0.7129833102226257, 0.7157173156738281, 0.7179238796234131, 0.7300977110862732, 0.7356841564178467, 0.7400542497634888, 0.7491604089736938, 0.7510764002799988, 0.759568989276886, 0.7651339173316956, 0.7728946208953857, 0.7771140336990356, 0.7814948558807373, 0.788555920124054, 0.7956600189208984, 0.8024197220802307, 0.8044217824935913, 0.809125542640686, 0.8142383694648743, 0.8243778347969055, 0.8268643021583557, 0.83148193359375, 0.8387690782546997, 0.8427193760871887, 0.84844571352005, 0.8516425490379333, 0.8532356023788452, 0.8600813746452332, 0.866162896156311, 0.8663028478622437, 0.8754843473434448, 0.8775510191917419, 0.879197895526886, 0.884568989276886, 0.888325572013855, 0.8905644416809082, 0.89647376537323, 0.8955373167991638, 0.9035348296165466, 0.9066455960273743], "val_loss": [1.6650848388671875, 1.662635326385498, 1.3714386224746704, 1.24818754196167, 1.473784327507019, 1.3298137187957764, 1.474575400352478, 1.2601617574691772, 1.2909300327301025, 1.239729642868042, 1.4284887313842773, 1.6147903203964233, 1.2607719898223877, 1.3023874759674072, 1.4423750638961792, 1.402599811553955, 1.3290436267852783, 1.412091851234436, 1.4313278198242188, 1.7134370803833008, 1.472748875617981, 1.4883160591125488, 1.5610578060150146, 1.4708096981048584, 1.5598512887954712, 1.5527560710906982, 1.6387709379196167, 1.6436984539031982, 1.60093355178833, 1.603447675704956, 1.6871014833450317, 1.7252944707870483, 1.876302719116211, 1.8906614780426025, 1.849418044090271, 1.9208736419677734, 1.7454386949539185, 2.047175168991089, 2.067885398864746, 2.05161714553833, 1.9417628049850464, 2.052067995071411, 1.9586873054504395, 2.1495606899261475, 2.11712384223938, 2.214151382446289, 2.0387508869171143, 2.1724982261657715, 2.266371011734009, 2.244143009185791], "val_accuracy": [0.45127996802330017, 0.45825645327568054, 0.5206411480903625, 0.5563307404518127, 0.5307887196540833, 0.5529289841651917, 0.5106088519096375, 0.5680350661277771, 0.5637684464454651, 0.5736854076385498, 0.5146448612213135, 0.4483394920825958, 0.5588676333427429, 0.5608279705047607, 0.5496425032615662, 0.5349400639533997, 0.5654404759407043, 0.5550622940063477, 0.5582910776138306, 0.5423201322555542, 0.5567919611930847, 0.5495848655700684, 0.5274446606636047, 0.5463560819625854, 0.5484317541122437, 0.5571955442428589, 0.5493542551994324, 0.5482010841369629, 0.5498731732368469, 0.560366690158844, 0.528886079788208, 0.5518911480903625, 0.5373039841651917, 0.5316535830497742, 0.5347093939781189, 0.5232356786727905, 0.5526983141899109, 0.5218519568443298, 0.5326337814331055, 0.5254843235015869, 0.522255539894104, 0.5232933759689331, 0.5352283120155334, 0.5279635787010193, 0.537880539894104, 0.5510262846946716, 0.5352859497070312, 0.5501037836074829, 0.542608380317688, 0.5478551387786865]}