{"loss": [1.741749882698059, 1.4784884452819824, 1.231503963470459, 1.1781704425811768, 1.1053030490875244, 1.0665035247802734, 1.043472409248352, 1.008696436882019, 0.9922478795051575, 0.9682722687721252, 0.9542755484580994, 0.9431381821632385, 0.9308767318725586, 0.923623263835907, 0.932754635810852, 0.9113213419914246, 0.9118207693099976, 0.9264582395553589, 0.8997592926025391, 0.8894818425178528, 0.8847365379333496, 0.8930232524871826, 0.8778168559074402, 0.8690689206123352, 0.8675823211669922, 0.8598469495773315, 0.8499742746353149, 0.8524923324584961, 0.8427771925926208, 0.8387171626091003, 0.8349965214729309, 0.8368049263954163, 0.8298134207725525, 0.8300920128822327, 0.8211976289749146, 0.8123340010643005, 0.8213810920715332, 0.8139578104019165, 0.8201979398727417, 0.8152565956115723, 0.8022197484970093, 0.8048921823501587, 0.8007085919380188, 0.7977868318557739, 0.7946807742118835, 0.7897254228591919, 0.785219132900238, 0.7808088064193726, 0.7785078287124634, 0.7722779512405396], "accuracy": [0.4387643039226532, 0.5110291242599487, 0.568552553653717, 0.5865326523780823, 0.6127119660377502, 0.6259361505508423, 0.6346410512924194, 0.645971417427063, 0.6503615379333496, 0.6596905589103699, 0.6635749340057373, 0.6684815287590027, 0.6729039549827576, 0.6756154894828796, 0.672602653503418, 0.6776383519172668, 0.6799840927124023, 0.6738938689231873, 0.6830937266349792, 0.6859774589538574, 0.6874731183052063, 0.6846539378166199, 0.6906042695045471, 0.6943703293800354, 0.6927778124809265, 0.696382462978363, 0.7004497647285461, 0.6979534029960632, 0.7017624974250793, 0.7034087777137756, 0.7032904624938965, 0.7029353380203247, 0.7066583633422852, 0.7053993940353394, 0.7093591094017029, 0.7115004062652588, 0.7088534235954285, 0.7121352553367615, 0.7090363502502441, 0.7114788889884949, 0.714997410774231, 0.7128561735153198, 0.7171279191970825, 0.7171064019203186, 0.717902660369873, 0.7208724021911621, 0.7199040055274963, 0.7218085527420044, 0.7225832939147949, 0.7261233329772949], "val_loss": [1.954807162284851, 1.5563408136367798, 4.181488513946533, 1.7585591077804565, 1.4798680543899536, 1.3098437786102295, 1.3810781240463257, 1.3620582818984985, 1.2352005243301392, 1.3621984720230103, 1.2454545497894287, 1.270938515663147, 1.3094946146011353, 1.379227876663208, 1.3539756536483765, 1.2596396207809448, 1.3661977052688599, 1.288210153579712, 1.2837612628936768, 1.3321024179458618, 1.239769458770752, 1.2361794710159302, 1.265348196029663, 1.3646893501281738, 1.2978448867797852, 1.2683436870574951, 1.3147187232971191, 1.2389380931854248, 1.2636160850524902, 1.2855088710784912, 1.3660575151443481, 1.2553492784500122, 1.3592066764831543, 1.2600517272949219, 1.3265873193740845, 1.2923866510391235, 1.274228811264038, 1.355648159980774, 1.2436761856079102, 1.2609196901321411, 1.2851204872131348, 1.2522355318069458, 1.3081188201904297, 1.3049386739730835, 1.282127857208252, 1.3125450611114502, 1.2958470582962036, 1.2999687194824219, 1.33931303024292, 1.2662405967712402], "val_accuracy": [0.4210101366043091, 0.4607357084751129, 0.4742850661277771, 0.5054197311401367, 0.5125115513801575, 0.5457218885421753, 0.5270410776138306, 0.5385724306106567, 0.5666512846946716, 0.5235239863395691, 0.5697647333145142, 0.5684386491775513, 0.5479128360748291, 0.5408787131309509, 0.5616928339004517, 0.5770295262336731, 0.5379958748817444, 0.5671702027320862, 0.5769141912460327, 0.5524677038192749, 0.573858380317688, 0.5701106786727905, 0.5713214874267578, 0.5457218885421753, 0.5652098655700684, 0.5685539841651917, 0.5701683759689331, 0.5826798677444458, 0.5728782415390015, 0.5746656060218811, 0.5685539841651917, 0.5855050683021545, 0.5726476311683655, 0.5690729022026062, 0.5703989863395691, 0.5806042551994324, 0.5683810114860535, 0.5615198612213135, 0.5800853371620178, 0.5744926333427429, 0.5701683759689331, 0.5844095945358276, 0.5668818950653076, 0.5764529705047607, 0.580488920211792, 0.5610009431838989, 0.5776060819625854, 0.5756457448005676, 0.5688422322273254, 0.5857356786727905]}