{"loss": [1.4964715242385864, 1.1740566492080688, 1.0680025815963745, 0.9971833825111389, 0.954045832157135, 0.9226349592208862, 0.896672785282135, 0.876447319984436, 0.8576105833053589, 0.8451295495033264, 0.8406310677528381, 0.8205987215042114, 0.8014333248138428, 0.780669629573822, 0.7751672863960266, 0.7598007917404175, 0.7467746734619141, 0.7289761900901794, 0.7179529070854187, 0.7079096436500549, 0.7000669240951538, 0.683931291103363, 0.666947603225708, 0.652092695236206, 0.6440197229385376, 0.628014862537384, 0.6094781160354614, 0.6051031351089478, 0.5899478793144226, 0.5755183696746826, 0.5679215788841248, 0.5622296333312988, 0.5421110391616821, 0.5393722057342529, 0.5192162394523621, 0.5035279393196106, 0.4956234097480774, 0.490884929895401, 0.48006415367126465, 0.4639691710472107, 0.45060965418815613, 0.44388678669929504, 0.4313335418701172, 0.42940640449523926, 0.42392441630363464, 0.4189421534538269, 0.4024524986743927, 0.39667168259620667, 0.3915216326713562, 0.38329964876174927], "accuracy": [0.49286606907844543, 0.5993479490280151, 0.630659818649292, 0.650705873966217, 0.664564847946167, 0.6742597222328186, 0.6833304762840271, 0.6903352737426758, 0.697662889957428, 0.6999655961990356, 0.7032473683357239, 0.7092623114585876, 0.7163962125778198, 0.7207971215248108, 0.7250258326530457, 0.730309009552002, 0.7350219488143921, 0.7396380305290222, 0.7428445219993591, 0.7465245127677917, 0.7506778836250305, 0.7556490302085876, 0.7610183358192444, 0.7675066590309143, 0.7676465511322021, 0.7730481028556824, 0.7809783220291138, 0.7819359302520752, 0.7874558568000793, 0.792297899723053, 0.794675886631012, 0.7957841753959656, 0.8029181361198425, 0.805070161819458, 0.8109666705131531, 0.8167771100997925, 0.8211565017700195, 0.8225337862968445, 0.8262460231781006, 0.8301411867141724, 0.8374042510986328, 0.8386416435241699, 0.8457648158073425, 0.8450223803520203, 0.8474218845367432, 0.8495200872421265, 0.8548140525817871, 0.8562451601028442, 0.857880711555481, 0.8623999357223511], "val_loss": [1.5723621845245361, 1.3352243900299072, 1.5206786394119263, 1.6226444244384766, 1.6572113037109375, 2.511183738708496, 1.4741358757019043, 2497.628173828125, 1.3895124197006226, 15.745742797851562, 1.5236024856567383, 4.299614906311035, 1.4753926992416382, 1.4118585586547852, 1.458438515663147, 1.4733322858810425, 1.4350802898406982, 1.6773889064788818, 1.5474743843078613, 1.4861153364181519, 1.5300360918045044, 1.5240365266799927, 1.4262868165969849, 1.4372825622558594, 1.4427849054336548, 1.5903526544570923, 1.6493102312088013, 1.5106109380722046, 1.6765013933181763, 1.580162525177002, 1.6606006622314453, 1.6422268152236938, 1.698119044303894, 1.5721522569656372, 1.557584524154663, 1.6604721546173096, 1.732832670211792, 1.8748533725738525, 1.724974513053894, 1.8108152151107788, 1.7934155464172363, 1.8526136875152588, 1.8960095643997192, 2.0042033195495605, 1.8775017261505127, 1.9709903001785278, 1.8490912914276123, 1.917808175086975, 1.8969835042953491, 1.9940279722213745], "val_accuracy": [0.46154290437698364, 0.5270987153053284, 0.4542204737663269, 0.5388606786727905, 0.5176429748535156, 0.5491236448287964, 0.5344211459159851, 0.5525830388069153, 0.5520064830780029, 0.5484317541122437, 0.5547163486480713, 0.5424354076385498, 0.5531019568443298, 0.5490659475326538, 0.5582910776138306, 0.5605396628379822, 0.5440497994422913, 0.565094530582428, 0.5551775693893433, 0.5660747289657593, 0.5462407469749451, 0.5327490568161011, 0.5633071660995483, 0.5562730431556702, 0.5567343235015869, 0.5452029705047607, 0.5446840524673462, 0.55373615026474, 0.5408787131309509, 0.5534479022026062, 0.5329220294952393, 0.5419164896011353, 0.5375922322273254, 0.5477975010871887, 0.5524100661277771, 0.5412246584892273, 0.5346517562866211, 0.5340752005577087, 0.5339022278785706, 0.5300968885421753, 0.5434732437133789, 0.5383994579315186, 0.540475070476532, 0.5303274989128113, 0.5245618224143982, 0.5195456743240356, 0.5432426333427429, 0.5390336513519287, 0.5488353371620178, 0.5407057404518127]}