{
    "loss": [
        1.4545120000839233,
        1.119283676147461,
        1.0516514778137207,
        1.0054701566696167,
        0.9665707349777222,
        0.9401050209999084,
        0.9096141457557678,
        0.8933455348014832,
        0.866362988948822,
        0.855944037437439,
        0.837814211845398,
        0.817816436290741,
        0.8092213869094849,
        0.7918446660041809,
        0.784509539604187,
        0.7743909358978271,
        0.75786292552948,
        0.7396613955497742,
        0.7262638211250305,
        0.722017228603363,
        0.7080700993537903,
        0.6901218295097351,
        0.6781609654426575,
        0.6598023176193237,
        0.6523574590682983,
        0.628150999546051,
        0.6170474290847778,
        0.6072218418121338,
        0.5955550670623779,
        0.5948745012283325,
        0.575872540473938,
        0.564866840839386,
        0.5580804347991943,
        0.5459624528884888,
        0.530203104019165,
        0.5405988693237305,
        0.5050678849220276,
        0.5073314309120178,
        0.5009468197822571,
        0.49481678009033203,
        0.474555104970932,
        0.46879762411117554,
        0.45734867453575134,
        0.44880521297454834,
        0.4509761333465576,
        0.4269171953201294,
        0.41860249638557434,
        0.409843772649765,
        0.4085048735141754,
        0.392544150352478
    ],
    "accuracy": [
        0.507919430732727,
        0.6121416687965393,
        0.6362119913101196,
        0.6519110202789307,
        0.6640268564224243,
        0.6735818386077881,
        0.6815980672836304,
        0.6863217949867249,
        0.6961026787757874,
        0.6984806656837463,
        0.705582320690155,
        0.7114250659942627,
        0.7148575186729431,
        0.7198179364204407,
        0.7221313714981079,
        0.7261556386947632,
        0.7314388155937195,
        0.7373030781745911,
        0.7411767244338989,
        0.7435547113418579,
        0.7481600046157837,
        0.754992663860321,
        0.7571231722831726,
        0.7637083530426025,
        0.766667366027832,
        0.7746836543083191,
        0.7778471112251282,
        0.7829474210739136,
        0.7871653437614441,
        0.7853469252586365,
        0.7934707999229431,
        0.79667729139328,
        0.7999268174171448,
        0.8033055067062378,
        0.8083412051200867,
        0.806092381477356,
        0.8178101181983948,
        0.8173904418945312,
        0.8182297348976135,
        0.8208767175674438,
        0.8276340961456299,
        0.8308728337287903,
        0.8349078893661499,
        0.8395562767982483,
        0.8388460874557495,
        0.8466686606407166,
        0.848487138748169,
        0.8530171513557434,
        0.8520810008049011,
        0.8591611385345459
    ],
    "val_loss": [
        1.7028716802597046,
        1.3947322368621826,
        1.272675633430481,
        1.4086240530014038,
        1.3415766954421997,
        1.4562828540802002,
        1.3757805824279785,
        1.3311924934387207,
        1.336039662361145,
        1.3388642072677612,
        1.366349458694458,
        1.4710808992385864,
        1.3792299032211304,
        1.3524128198623657,
        1.416109323501587,
        1.4782322645187378,
        1.3631552457809448,
        1.4334148168563843,
        1.3956620693206787,
        1.3564382791519165,
        1.3612958192825317,
        1.4639438390731812,
        1.621356725692749,
        1.5654093027114868,
        1.525052785873413,
        1.5692981481552124,
        1.5761317014694214,
        1.6118676662445068,
        1.5546218156814575,
        1.643352746963501,
        1.611634373664856,
        1.5991753339767456,
        1.676228404045105,
        1.7595735788345337,
        1.7615307569503784,
        1.6732960939407349,
        1.7105995416641235,
        1.6446068286895752,
        1.7440184354782104,
        1.7707418203353882,
        1.7345119714736938,
        1.9047635793685913,
        1.813750147819519,
        1.9038281440734863,
        1.9372236728668213,
        1.9714395999908447,
        1.8469761610031128,
        2.046046018600464,
        1.9985941648483276,
        2.016880512237549
    ],
    "val_accuracy": [
        0.37759456038475037,
        0.504266619682312,
        0.5550622940063477,
        0.5081872940063477,
        0.5341904759407043,
        0.531480610370636,
        0.5390336513519287,
        0.5339598655700684,
        0.5441651344299316,
        0.5422047972679138,
        0.5396679043769836,
        0.5236969590187073,
        0.5461831092834473,
        0.55563884973526,
        0.5410516858100891,
        0.5235239863395691,
        0.5583487153053284,
        0.5429543256759644,
        0.5495272278785706,
        0.5705143213272095,
        0.5626153349876404,
        0.5502191185951233,
        0.5183348655700684,
        0.5369580388069153,
        0.5470479726791382,
        0.544741690158844,
        0.5284247994422913,
        0.5191997289657593,
        0.5305004715919495,
        0.52438884973526,
        0.5393795967102051,
        0.5524677038192749,
        0.5379381775856018,
        0.529116690158844,
        0.5206411480903625,
        0.5413976311683655,
        0.5215060114860535,
        0.5473362803459167,
        0.5344211459159851,
        0.5386300683021545,
        0.5413399338722229,
        0.5200645923614502,
        0.5354012846946716,
        0.5062269568443298,
        0.5228897333145142,
        0.5164321660995483,
        0.5424354076385498,
        0.5126268267631531,
        0.5196609497070312,
        0.5239852666854858
    ]
}