{"loss": [1.413088321685791, 1.245606780052185, 1.1855947971343994, 1.1489324569702148, 1.1185035705566406, 1.097151279449463, 1.0716837644577026, 1.0544610023498535, 1.0384751558303833, 1.0256119966506958, 1.012369990348816, 1.0035170316696167, 0.9912967681884766, 0.9784847497940063, 0.9720808267593384, 0.9620178937911987, 0.953222393989563, 0.9456232190132141, 0.943070113658905, 0.9306542277336121, 0.9262155890464783, 0.9180641770362854, 0.9129985570907593, 0.9058789014816284, 0.9007049798965454, 0.9562019109725952, 0.8899644613265991, 0.8868920803070068, 0.8792654871940613, 0.8737088441848755, 0.868583619594574, 0.8628638982772827, 0.858606219291687, 0.8524832129478455, 0.8447256088256836, 0.8428035974502563, 0.8351976275444031, 0.8287960290908813, 0.8421974182128906, 0.8232299089431763, 0.8132582306861877, 0.8102992177009583, 0.8246041536331177, 0.7980877161026001, 0.7958748936653137, 0.7892410159111023, 0.7880085110664368, 0.7802746295928955, 0.7892722487449646, 0.7709628939628601], "accuracy": [0.48263800144195557, 0.55473393201828, 0.5766597986221313, 0.5914599895477295, 0.6038275957107544, 0.6101782321929932, 0.6194136142730713, 0.6268513798713684, 0.6330728530883789, 0.6361405253410339, 0.6418776512145996, 0.6451713442802429, 0.6506824493408203, 0.6540622711181641, 0.6541483402252197, 0.6585292220115662, 0.6631576418876648, 0.6654829382896423, 0.6675385236740112, 0.6697881817817688, 0.6724360585212708, 0.676763117313385, 0.6772152185440063, 0.67983078956604, 0.6811332106590271, 0.6610587239265442, 0.6834259033203125, 0.6856647729873657, 0.6886355876922607, 0.6890661120414734, 0.6920477151870728, 0.6936838030815125, 0.6945233941078186, 0.6978063583374023, 0.699345588684082, 0.7006910443305969, 0.703295886516571, 0.7047920227050781, 0.7009278535842896, 0.7065250277519226, 0.7092375159263611, 0.711885392665863, 0.7085809111595154, 0.716718316078186, 0.7178808450698853, 0.7199582457542419, 0.7205502390861511, 0.7227891087532043, 0.7186235189437866, 0.7260397672653198], "val_loss": [3.313062906265259, 7.365533828735352, 2.966510534286499, 1.9921674728393555, 1.4547677040100098, 1.4908133745193481, 1.3710764646530151, 1.3872201442718506, 1.6428266763687134, 1.5436301231384277, 1.3422566652297974, 1.3948408365249634, 1.2961128950119019, 1.2491236925125122, 1.3238905668258667, 1.5515520572662354, 1.3877760171890259, 1.3947691917419434, 1.3534457683563232, 1.4065583944320679, 1.254135012626648, 1.3471307754516602, 1.3640567064285278, 1.4478200674057007, 1.3020789623260498, 1.4996294975280762, 1.2782851457595825, 1.3948211669921875, 1.2860679626464844, 1.3197065591812134, 1.3604187965393066, 1.3130487203598022, 1.403213381767273, 1.3398135900497437, 1.338141918182373, 1.4158916473388672, 1.3444328308105469, 1.3299617767333984, 1.374352216720581, 1.2786221504211426, 1.402332067489624, 1.3002578020095825, 1.2978665828704834, 1.51541268825531, 1.3580011129379272, 1.2692371606826782, 1.3282952308654785, 1.4526160955429077, 1.3955411911010742, 1.4200247526168823], "val_accuracy": [0.1482933610677719, 0.33648523688316345, 0.3473247289657593, 0.2945687174797058, 0.4576798975467682, 0.48823800683021545, 0.5062269568443298, 0.49279290437698364, 0.4028482437133789, 0.48696956038475037, 0.5199492573738098, 0.49942344427108765, 0.5371886491775513, 0.5635378360748291, 0.5289437174797058, 0.46828874945640564, 0.5255996584892273, 0.5160862803459167, 0.5336715579032898, 0.5145295262336731, 0.5634225010871887, 0.5415705442428589, 0.5326914191246033, 0.500230610370636, 0.544511079788208, 0.5012684464454651, 0.5625, 0.5161439180374146, 0.5522947311401367, 0.5392066240310669, 0.5390913486480713, 0.5495848655700684, 0.5325184464454651, 0.5352859497070312, 0.5427813529968262, 0.5140682458877563, 0.5442227721214294, 0.5532172322273254, 0.5302698612213135, 0.5571955442428589, 0.5335562825202942, 0.5662477016448975, 0.5603090524673462, 0.5109547972679138, 0.5429543256759644, 0.5710908770561218, 0.5507380366325378, 0.5652098655700684, 0.5396102666854858, 0.5368427038192749]}