{
    "loss": [
        1.4467685222625732,
        1.311782717704773,
        1.2607933282852173,
        1.215805172920227,
        1.185143232345581,
        1.158795714378357,
        1.1396414041519165,
        1.120805025100708,
        1.111000657081604,
        1.0939100980758667,
        1.0824865102767944,
        1.0707190036773682,
        1.060287594795227,
        1.0562975406646729,
        1.038296103477478,
        1.02826988697052,
        1.0450870990753174,
        1.012381672859192,
        1.0110265016555786,
        1.006461501121521,
        0.9956156015396118,
        0.9882739186286926,
        0.9834869503974915,
        0.9744129180908203,
        1.006718635559082,
        0.9726821184158325,
        0.9635739922523499,
        0.9564028978347778,
        0.9541077017784119,
        1.0081373453140259,
        0.940254271030426,
        0.9363582730293274,
        0.9359174370765686,
        0.9299615621566772,
        0.9517370462417603,
        0.9209780693054199,
        0.9188433289527893,
        0.9100396633148193,
        0.9405184388160706,
        1.1073929071426392,
        0.9130550622940063,
        0.8975422382354736,
        0.8974838256835938,
        0.8888995051383972,
        0.8852857947349548,
        0.8813229203224182,
        0.8781382441520691,
        0.8773887157440186,
        0.8654193878173828,
        0.8638249039649963
    ],
    "accuracy": [
        0.47345486283302307,
        0.5350133180618286,
        0.5534453988075256,
        0.5713716745376587,
        0.5792588591575623,
        0.5915899276733398,
        0.5991650223731995,
        0.6076547503471375,
        0.6108289361000061,
        0.6172634959220886,
        0.6224606037139893,
        0.6263127326965332,
        0.6287767887115479,
        0.6313914656639099,
        0.6365132927894592,
        0.6399995684623718,
        0.633941650390625,
        0.6469506025314331,
        0.6469613313674927,
        0.6492317318916321,
        0.6529546976089478,
        0.6536218523979187,
        0.6559460163116455,
        0.6588943004608154,
        0.6475101113319397,
        0.6598411798477173,
        0.6642958521842957,
        0.6665554642677307,
        0.6659314036369324,
        0.6481772661209106,
        0.6713652610778809,
        0.6725273132324219,
        0.6716234683990479,
        0.675787627696991,
        0.666684627532959,
        0.6781225800514221,
        0.6777567267417908,
        0.6806296706199646,
        0.6685999035835266,
        0.6053951382637024,
        0.6791124939918518,
        0.6840513944625854,
        0.684610903263092,
        0.6885706186294556,
        0.6890010237693787,
        0.6929715275764465,
        0.6928101181983948,
        0.691099226474762,
        0.6960166096687317,
        0.6954571008682251
    ],
    "val_loss": [
        10.693981170654297,
        5.834383487701416,
        5.080948352813721,
        3.2831828594207764,
        1.3809089660644531,
        1.5843865871429443,
        1.7300209999084473,
        1.7621968984603882,
        2.174922466278076,
        1.7100021839141846,
        1.319703221321106,
        1.3931330442428589,
        1.433627724647522,
        1.4347329139709473,
        1.4655940532684326,
        1.4572252035140991,
        1.3283220529556274,
        1.5236848592758179,
        1.5229222774505615,
        1.4277071952819824,
        1.5516151189804077,
        1.2846606969833374,
        1.34716796875,
        1.3669931888580322,
        1.3530216217041016,
        1.2953314781188965,
        1.3942233324050903,
        1.3192565441131592,
        1.4077422618865967,
        1.3621351718902588,
        1.2873733043670654,
        1.48974609375,
        1.3056919574737549,
        1.2779980897903442,
        1.3261675834655762,
        1.3064137697219849,
        1.4041844606399536,
        1.2922797203063965,
        4.144164085388184,
        1.4133769273757935,
        1.3348267078399658,
        1.4188241958618164,
        1.392181158065796,
        1.3396856784820557,
        1.4423620700836182,
        1.4061278104782104,
        1.265323281288147,
        1.5545364618301392,
        1.4036061763763428,
        1.4063588380813599
    ],
    "val_accuracy": [
        0.05269834026694298,
        0.13226476311683655,
        0.06653597950935364,
        0.35545432567596436,
        0.5014990568161011,
        0.46136993169784546,
        0.42360469698905945,
        0.38336023688316345,
        0.2525368928909302,
        0.40186807513237,
        0.5310770273208618,
        0.5167781114578247,
        0.4909478724002838,
        0.5096287131309509,
        0.5073224306106567,
        0.5033441185951233,
        0.5278482437133789,
        0.47514989972114563,
        0.47388145327568054,
        0.5127421617507935,
        0.4788976013660431,
        0.5563307404518127,
        0.5340752005577087,
        0.5234086513519287,
        0.5276176333427429,
        0.5518335103988647,
        0.5211600661277771,
        0.5354012846946716,
        0.5172393918037415,
        0.533383309841156,
        0.5551775693893433,
        0.4987315535545349,
        0.5437038540840149,
        0.5647486448287964,
        0.5442227721214294,
        0.5451452732086182,
        0.5238699316978455,
        0.553274929523468,
        0.2909940183162689,
        0.5084179043769836,
        0.5450876355171204,
        0.5127421617507935,
        0.51752769947052,
        0.5379958748817444,
        0.5244464874267578,
        0.5196609497070312,
        0.5548316240310669,
        0.49844327569007874,
        0.5208717584609985,
        0.5276752710342407
    ]
}