{"loss": [1.4121370315551758, 1.1933157444000244, 1.1246592998504639, 1.0744898319244385, 1.0428978204727173, 1.0183466672897339, 0.9976139664649963, 0.9807629585266113, 0.9628576040267944, 0.948409914970398, 0.9338042140007019, 0.9269163608551025, 0.9149443507194519, 0.9020988941192627, 0.895758867263794, 0.8869560956954956, 0.8742162585258484, 0.8676823377609253, 0.8621531128883362, 0.8542372584342957, 0.8498940467834473, 0.8404437899589539, 0.8312768340110779, 0.8292626738548279, 0.8201093077659607, 0.8111575245857239, 0.8046741485595703, 0.800227701663971, 0.7955600023269653, 0.790207028388977, 0.7824482321739197, 0.777370810508728, 0.7722899317741394, 0.7621214985847473, 0.7586933374404907, 0.7485055327415466, 0.7427917718887329, 0.73874431848526, 0.7269153594970703, 0.7239207625389099, 0.7186596989631653, 0.7102120518684387, 0.7039070725440979, 0.6929399371147156, 0.6931686401367188, 0.6826359033584595, 0.6740410923957825, 0.6695725321769714, 0.6649752259254456, 0.6551932096481323], "accuracy": [0.4855390787124634, 0.5741541981697083, 0.5999069809913635, 0.6185861229896545, 0.6288504600524902, 0.6404884457588196, 0.6463398933410645, 0.6537271738052368, 0.6576858162879944, 0.6650514602661133, 0.6694968342781067, 0.67151939868927, 0.6763758063316345, 0.6812321543693542, 0.6824759840965271, 0.6860128045082092, 0.689084529876709, 0.6915181279182434, 0.6943410634994507, 0.6952712535858154, 0.6971640586853027, 0.7011876106262207, 0.7038266658782959, 0.7054923176765442, 0.7082396149635315, 0.7112788558006287, 0.7118412852287292, 0.715767502784729, 0.7170978784561157, 0.7198775410652161, 0.7205373644828796, 0.7233710885047913, 0.7248529195785522, 0.7284221649169922, 0.7290927767753601, 0.7323591709136963, 0.7355065941810608, 0.7371614575386047, 0.7398979067802429, 0.7413472533226013, 0.7429047226905823, 0.7461062669754028, 0.7484533190727234, 0.7521198987960815, 0.7520983219146729, 0.7564895749092102, 0.7575711607933044, 0.7605347633361816, 0.7629467248916626, 0.7640607357025146], "val_loss": [1.62200129032135, 1.5214226245880127, 1.5444475412368774, 1.6155428886413574, 1.950782299041748, 1.9984264373779297, 1.5223066806793213, 1.5473262071609497, 1.3340961933135986, 1.958109974861145, 1.5293548107147217, 1.4453588724136353, 1.4761483669281006, 1.407820224761963, 1.4709687232971191, 1.5151734352111816, 1.3554328680038452, 1.2722138166427612, 1.4128977060317993, 1.418466567993164, 1.4327443838119507, 1.4371453523635864, 1.3872969150543213, 1.3901766538619995, 1.4295223951339722, 1.4472845792770386, 1.3710261583328247, 1.497674822807312, 1.4675679206848145, 1.367729902267456, 1.4607343673706055, 1.3557358980178833, 1.345712661743164, 1.368539571762085, 1.4793899059295654, 1.4700273275375366, 1.4031721353530884, 1.362344741821289, 1.4051384925842285, 1.504143238067627, 1.457346796989441, 1.6150445938110352, 1.5406100749969482, 1.5739574432373047, 1.4810909032821655, 1.484704613685608, 1.6505073308944702, 1.4662203788757324, 1.6307708024978638, 1.3840855360031128], "val_accuracy": [0.444365531206131, 0.4562026560306549, 0.48319128155708313, 0.49064868688583374, 0.2893584370613098, 0.4450165629386902, 0.48052793741226196, 0.442353218793869, 0.5414299368858337, 0.3596709370613098, 0.47579309344291687, 0.5110676884651184, 0.4889322817325592, 0.5385890007019043, 0.49928978085517883, 0.5185842514038086, 0.5553385615348816, 0.560487687587738, 0.5250355005264282, 0.5223129987716675, 0.5259824991226196, 0.5118371248245239, 0.5346235632896423, 0.5450994372367859, 0.5319602489471436, 0.5261008739471436, 0.5659327507019043, 0.5223721861839294, 0.5163944363594055, 0.5440932512283325, 0.5305989384651184, 0.5520241260528564, 0.5530303120613098, 0.5526160001754761, 0.5301846861839294, 0.5287641882896423, 0.539003312587738, 0.5669389367103577, 0.5411339998245239, 0.5307765007019043, 0.5301846861839294, 0.495146781206131, 0.5208925008773804, 0.5222538113594055, 0.5421993136405945, 0.5402461886405945, 0.513671875, 0.5379379987716675, 0.5057410001754761, 0.5812618136405945]}