{"loss": [1.6749155521392822, 1.268100380897522, 1.107234001159668, 1.0870181322097778, 1.0492075681686401, 1.0432206392288208, 1.0169320106506348, 0.9787708520889282, 0.9695068001747131, 0.9581087231636047, 0.9595175981521606, 0.9684685468673706, 0.9240227341651917, 0.9485283493995667, 0.9213958382606506, 0.904451847076416, 0.9036457538604736, 0.8893226385116577, 0.8803390860557556, 0.8655490279197693, 0.8640406131744385, 0.8543114066123962, 0.8459739089012146, 0.8400596380233765, 0.831687331199646, 0.8337622284889221, 0.8189619779586792, 0.8110737204551697, 0.8060689568519592, 0.8036350011825562, 0.7913603782653809, 0.7897655963897705, 0.7805779576301575, 0.7744626402854919, 0.772194504737854, 0.7669116854667664, 0.7628380060195923, 0.7590381503105164, 0.7449014782905579, 0.7455155253410339, 0.7353988885879517, 0.7412847876548767, 0.7347798347473145, 0.7263837456703186, 0.7224664688110352, 0.7178526520729065, 0.7163748741149902, 0.712440550327301, 0.7089297771453857, 0.7013205289840698], "accuracy": [0.4549104571342468, 0.5699324011802673, 0.6119757890701294, 0.6199948191642761, 0.6346336007118225, 0.63611900806427, 0.6450960040092468, 0.6577112078666687, 0.6606820225715637, 0.6651166677474976, 0.6643524765968323, 0.6622211933135986, 0.6761926412582397, 0.6705201268196106, 0.6776780486106873, 0.6816283464431763, 0.6823602914810181, 0.6876022815704346, 0.6899380087852478, 0.6950185298919678, 0.6951584219932556, 0.6995716094970703, 0.7019181251525879, 0.7035542130470276, 0.7064496874809265, 0.7065573334693909, 0.7097433805465698, 0.7125312089920044, 0.715641975402832, 0.7157280445098877, 0.719495415687561, 0.7192263007164001, 0.722046434879303, 0.7240700125694275, 0.7259213924407959, 0.7264810800552368, 0.7306036353111267, 0.7292043566703796, 0.7347907423973083, 0.7345970273017883, 0.7384504675865173, 0.735888659954071, 0.7379768490791321, 0.740301787853241, 0.741066038608551, 0.7440045475959778, 0.7444458603858948, 0.7452316284179688, 0.7465770840644836, 0.7489666938781738], "val_loss": [1.6016571521759033, 1.3566007614135742, 1.3104628324508667, 1.3361036777496338, 1.3625969886779785, 1.3338543176651, 1.33974027633667, 1.2928138971328735, 1.4701040983200073, 1.330278992652893, 1.3024096488952637, 1.3639731407165527, 1.4004931449890137, 1.4335033893585205, 1.5683701038360596, 1.308310627937317, 1.4481483697891235, 1.3967313766479492, 26.46991729736328, 1.5991995334625244, 1.996098279953003, 1.3522138595581055, 1.4639203548431396, 1.3622304201126099, 1.5785542726516724, 1.6376913785934448, 1.4244122505187988, 1.5018806457519531, 1.7467414140701294, 1.4858968257904053, 1.2374786138534546, 1.3206534385681152, 1.4517122507095337, 1.3707810640335083, 1.3124717473983765, 1.2598364353179932, 1.3388633728027344, 1.3646842241287231, 1.2651913166046143, 1.3152267932891846, 1.338085412979126, 1.4868520498275757, 1.347570538520813, 1.353996992111206, 1.2925488948822021, 1.3525835275650024, 1.3383328914642334, 1.372295618057251, 1.3088165521621704, 1.4077203273773193], "val_accuracy": [0.4384801685810089, 0.5082449316978455, 0.5322301387786865, 0.520352840423584, 0.5250807404518127, 0.5296356081962585, 0.5359202027320862, 0.553505539894104, 0.4787246286869049, 0.5511992573738098, 0.5386300683021545, 0.5614621639251709, 0.5310770273208618, 0.5729358792304993, 0.5749538540840149, 0.5508533120155334, 0.5634225010871887, 0.5637684464454651, 0.5607126355171204, 0.5647486448287964, 0.5751845240592957, 0.5808348655700684, 0.5610009431838989, 0.5720710158348083, 0.5716674327850342, 0.5702836513519287, 0.5804312825202942, 0.5724746584892273, 0.5763376355171204, 0.5825645923614502, 0.5758187174797058, 0.5804312825202942, 0.5841789841651917, 0.5675737857818604, 0.5692458748817444, 0.5786439180374146, 0.5596171617507935, 0.5674585103988647, 0.5820456743240356, 0.5732241868972778, 0.5736854076385498, 0.5623270273208618, 0.5864275693893433, 0.5831987857818604, 0.5860816240310669, 0.569591760635376, 0.5752421617507935, 0.5838906764984131, 0.5795087814331055, 0.5683810114860535]}