{"loss": [1.483268141746521, 1.184028148651123, 1.0758084058761597, 1.0250221490859985, 0.9869487285614014, 0.9553704857826233, 0.9303295612335205, 0.9080038666725159, 0.8855715990066528, 0.8648841977119446, 0.8428551554679871, 0.8238347172737122, 0.8002805709838867, 0.7793880701065063, 0.7581462264060974, 0.7316811680793762, 0.7131035327911377, 0.6929743885993958, 0.6677443981170654, 0.6436879634857178, 0.6235958933830261, 0.605930507183075, 0.5869070291519165, 0.5693488121032715, 0.5487155914306641, 0.5344840288162231, 0.5133392810821533, 0.4981299340724945, 0.4832325875759125, 0.4762251377105713, 0.4551986753940582, 0.44112107157707214, 0.4338114559650421, 0.41918641328811646, 0.4071943461894989, 0.39547157287597656, 0.39141273498535156, 0.37818318605422974, 0.3735509216785431, 0.36108896136283875, 0.3527889549732208, 0.3454536497592926, 0.33714279532432556, 0.3357507586479187, 0.3236410617828369, 0.3196653127670288, 0.31235307455062866, 0.30491724610328674, 0.3004099726676941, 0.2950419485569], "accuracy": [0.440241277217865, 0.5813981294631958, 0.6209284663200378, 0.6398104429244995, 0.652703583240509, 0.6637871861457825, 0.6729103922843933, 0.6801378726959229, 0.6871822476387024, 0.6936019062995911, 0.702886700630188, 0.7083369493484497, 0.7172554731369019, 0.7230827212333679, 0.7312042117118835, 0.7391533851623535, 0.7478888630867004, 0.7532744407653809, 0.7632162570953369, 0.7710039019584656, 0.7782098054885864, 0.7840909361839294, 0.7905644178390503, 0.797878086566925, 0.8028866648674011, 0.8104588389396667, 0.8170508146286011, 0.822533369064331, 0.8272727131843567, 0.8308272361755371, 0.838431715965271, 0.8435372710227966, 0.8465424180030823, 0.8499353528022766, 0.8565381169319153, 0.8588001132011414, 0.8622684478759766, 0.8654136061668396, 0.8676217198371887, 0.8716393709182739, 0.8762925267219543, 0.8788237571716309, 0.8805363774299622, 0.8818289637565613, 0.8863528370857239, 0.8873869180679321, 0.8898965716362, 0.8933541774749756, 0.8948836922645569, 0.8963485360145569], "val_loss": [1.5118623971939087, 1.3440924882888794, 1.4038209915161133, 1.3825440406799316, 1.3453984260559082, 1.2893346548080444, 1.3081860542297363, 1.2962514162063599, 1.3757444620132446, 1.342244029045105, 1.3788973093032837, 1.3784129619598389, 1.4095734357833862, 1.4290390014648438, 1.4869633913040161, 1.47658109664917, 1.4855278730392456, 1.6327438354492188, 1.6203112602233887, 1.6562612056732178, 1.6349077224731445, 1.7041213512420654, 1.6544783115386963, 1.766885757446289, 1.8437137603759766, 1.862330675125122, 1.930525302886963, 1.861698865890503, 1.9029157161712646, 1.9393582344055176, 2.1166834831237793, 2.016261339187622, 2.1861929893493652, 2.155090808868408, 2.2405402660369873, 2.2851722240448, 2.2471251487731934, 2.303177833557129, 2.2586112022399902, 2.3887276649475098, 2.4390594959259033, 2.352074384689331, 2.435539484024048, 2.5001609325408936, 2.4676883220672607, 2.5604727268218994, 2.6644067764282227, 2.7079761028289795, 2.6939172744750977, 2.7712860107421875], "val_accuracy": [0.4530671238899231, 0.5168402791023254, 0.5088541507720947, 0.5195023417472839, 0.5364583134651184, 0.5450810194015503, 0.5451967716217041, 0.5446759462356567, 0.533622682094574, 0.5511574149131775, 0.5335069298744202, 0.5310763716697693, 0.536689817905426, 0.5211805701255798, 0.5252314805984497, 0.5366319417953491, 0.5262152552604675, 0.5166666507720947, 0.5173032283782959, 0.5164930820465088, 0.5201388597488403, 0.5012731552124023, 0.5290509462356567, 0.5160300731658936, 0.5079861283302307, 0.5135995149612427, 0.5061342716217041, 0.517997682094574, 0.5098379850387573, 0.5189236402511597, 0.5019676089286804, 0.5175347328186035, 0.5085069537162781, 0.5177661776542664, 0.5013889074325562, 0.5043981671333313, 0.4998842477798462, 0.5026620626449585, 0.5123263597488403, 0.4984374940395355, 0.4990740716457367, 0.5083333253860474, 0.5056713223457336, 0.5067129731178284, 0.5141203999519348, 0.4957175850868225, 0.5045138597488403, 0.503819465637207, 0.49427083134651184, 0.4923610985279083]}