{"loss": [1.408569574356079, 1.2126699686050415, 1.1424272060394287, 1.0930886268615723, 1.0676617622375488, 1.038992166519165, 1.0189701318740845, 0.9994059801101685, 0.986877977848053, 0.9739626049995422, 0.9611386656761169, 0.9462721943855286, 0.9383187294006348, 0.9308676719665527, 0.9206790328025818, 0.9104247093200684, 0.903490424156189, 0.8953492045402527, 0.8908711671829224, 0.8859366178512573, 0.8778649568557739, 0.8716487884521484, 0.8624004125595093, 0.8593700528144836, 0.8514576554298401, 0.8460921049118042, 0.845245361328125, 0.8398349285125732, 0.8317609429359436, 0.8234134316444397, 0.8216691017150879, 0.8153476715087891, 0.809897243976593, 0.8048772811889648, 0.798841118812561, 0.7952674627304077, 0.7897821068763733, 0.785184919834137, 0.7826764583587646, 0.7783486247062683, 0.7662087678909302, 0.7628227472305298, 0.759175181388855, 0.7525411248207092, 0.7464302182197571, 0.7419962882995605, 0.7381081581115723, 0.7303160429000854, 0.724609375, 0.7252472043037415], "accuracy": [0.4826667606830597, 0.5680278539657593, 0.5940654873847961, 0.6123371124267578, 0.6227349042892456, 0.6334131360054016, 0.6395936012268066, 0.6478880643844604, 0.6514151096343994, 0.6561933755874634, 0.660108745098114, 0.6655665040016174, 0.6678962707519531, 0.6712291836738586, 0.6737423539161682, 0.6773664951324463, 0.6786284446716309, 0.6836763024330139, 0.6855854392051697, 0.6865238547325134, 0.6896086931228638, 0.6919168829917908, 0.6946889162063599, 0.6956165432929993, 0.6992729902267456, 0.6993700861930847, 0.699715256690979, 0.7014517784118652, 0.705464243888855, 0.707168459892273, 0.7065752148628235, 0.7092501521110535, 0.7109543681144714, 0.7140068411827087, 0.715775728225708, 0.7178035378456116, 0.7192380428314209, 0.7214815616607666, 0.7226141095161438, 0.7226788401603699, 0.72693932056427, 0.7290318608283997, 0.7301212549209595, 0.7328932881355286, 0.7342415452003479, 0.7357407808303833, 0.7364742159843445, 0.7395051121711731, 0.7415544986724854, 0.7416192293167114], "val_loss": [1.6258790493011475, 4.087512493133545, 2.9679625034332275, 2.9620912075042725, 1.562060832977295, 1.3983757495880127, 1.4554386138916016, 1.624144196510315, 1.6082165241241455, 1.2706290483474731, 1.563480019569397, 1.4605954885482788, 1.6427116394042969, 1.2272813320159912, 1.2995028495788574, 1.3647948503494263, 1.5031734704971313, 1.32705557346344, 1.4003807306289673, 1.3931918144226074, 1.5185513496398926, 1.4770628213882446, 1.7010101079940796, 1.433234453201294, 1.5081753730773926, 1.5040931701660156, 3.1047141551971436, 1.615253210067749, 1.4172494411468506, 1.265569806098938, 1.2874751091003418, 1.4475263357162476, 1.4170550107955933, 1.3747667074203491, 1.5501493215560913, 1.5397478342056274, 1.374955415725708, 1.4115028381347656, 1.5438990592956543, 1.3588913679122925, 1.3686177730560303, 1.4143483638763428, 1.4419804811477661, 1.363930106163025, 1.3647513389587402, 1.3389455080032349, 1.342481255531311, 1.4385504722595215, 1.4347972869873047, 1.456998586654663], "val_accuracy": [0.3215368390083313, 0.18802471458911896, 0.377623587846756, 0.11339785158634186, 0.5087453126907349, 0.5114272236824036, 0.47568798065185547, 0.4463036358356476, 0.5037896633148193, 0.554512619972229, 0.47749534249305725, 0.4823344349861145, 0.4798857271671295, 0.5563782453536987, 0.5526469349861145, 0.5467584133148193, 0.48163479566574097, 0.5344566106796265, 0.5246618390083313, 0.5254197716712952, 0.49416977167129517, 0.48000234365463257, 0.4794776141643524, 0.5329990386962891, 0.4821012020111084, 0.5042560696601868, 0.23489971458911896, 0.4955107271671295, 0.5279850959777832, 0.5717700719833374, 0.5669892430305481, 0.5102611780166626, 0.5313665866851807, 0.5313082933425903, 0.5188899040222168, 0.5060051083564758, 0.5360890626907349, 0.5391790866851807, 0.5276935696601868, 0.5348647236824036, 0.5437266826629639, 0.5315998196601868, 0.5219799280166626, 0.5567280650138855, 0.5487989783287048, 0.5579524040222168, 0.5511310696601868, 0.5415694713592529, 0.5385378003120422, 0.54395991563797]}